patient_id,timestamp,meal,carbs_g
1,2026-01-01 08:15:00,dosa,50
1,2026-01-01 13:30:00,biryani,110
1,2026-01-01 17:00:00,samosa,30
1,2026-01-01 20:30:00,roti_sabzi,60
1,2026-01-02 08:15:00,dosa,50
1,2026-01-02 13:00:00,biryani,110
1,2026-01-02 16:45:00,chai_biscuit,25
1,2026-01-02 19:45:00,biryani,110
1,2026-01-03 07:00:00,paratha,55
1,2026-01-03 13:00:00,roti_sabzi,60
1,2026-01-03 16:15:00,chai_biscuit,25
1,2026-01-03 20:15:00,khichdi,65
1,2026-01-04 07:45:00,idli_sambar,45
1,2026-01-04 13:15:00,biryani,110
1,2026-01-04 16:30:00,fruit,20
1,2026-01-04 21:00:00,biryani,110
1,2026-01-05 07:45:00,poha,50
1,2026-01-05 13:15:00,biryani,110
1,2026-01-05 17:00:00,samosa,30
1,2026-01-05 20:45:00,khichdi,65
1,2026-01-06 07:30:00,dosa,50
1,2026-01-06 13:15:00,rajma_rice,100
1,2026-01-06 17:00:00,chai_biscuit,25
1,2026-01-06 20:45:00,biryani,110
1,2026-01-07 08:15:00,poha,50
1,2026-01-07 13:15:00,biryani,110
1,2026-01-07 16:00:00,fruit,20
1,2026-01-07 20:15:00,dal_rice,85
1,2026-01-08 08:45:00,paratha,55
1,2026-01-08 13:15:00,dal_rice,90
1,2026-01-08 16:45:00,samosa,30
1,2026-01-08 19:00:00,roti_sabzi,60
1,2026-01-09 08:45:00,dosa,50
1,2026-01-09 13:45:00,roti_sabzi,60
1,2026-01-09 17:30:00,fruit,20
1,2026-01-09 20:45:00,dal_rice,85
1,2026-01-10 08:00:00,dosa,50
1,2026-01-10 12:45:00,roti_sabzi,60
1,2026-01-10 17:00:00,sweets,40
1,2026-01-10 20:45:00,biryani,110
1,2026-01-11 08:15:00,paratha,55
1,2026-01-11 13:15:00,roti_sabzi,60
1,2026-01-11 16:45:00,samosa,30
1,2026-01-11 20:15:00,dal_rice,85
1,2026-01-12 07:30:00,idli_sambar,45
1,2026-01-12 13:00:00,roti_sabzi,60
1,2026-01-12 17:00:00,sweets,40
1,2026-01-12 19:30:00,khichdi,65
1,2026-01-13 07:15:00,dosa,50
1,2026-01-13 13:30:00,dal_rice,90
1,2026-01-13 17:00:00,samosa,30
1,2026-01-13 19:45:00,biryani,110
1,2026-01-14 06:45:00,paratha,55
1,2026-01-14 12:30:00,dal_rice,90
1,2026-01-14 17:15:00,fruit,20
1,2026-01-14 20:45:00,khichdi,65
2,2026-01-01 07:15:00,idli_sambar,45
2,2026-01-01 13:30:00,dal_rice,90
2,2026-01-01 17:30:00,samosa,30
2,2026-01-01 20:30:00,dal_rice,85
2,2026-01-02 07:45:00,idli_sambar,45
2,2026-01-02 12:30:00,dal_rice,90
2,2026-01-02 16:00:00,fruit,20
2,2026-01-02 20:15:00,khichdi,65
2,2026-01-03 07:15:00,poha,50
2,2026-01-03 13:45:00,roti_sabzi,60
2,2026-01-03 17:15:00,fruit,20
2,2026-01-03 20:00:00,dal_rice,85
2,2026-01-04 07:45:00,paratha,55
2,2026-01-04 12:30:00,rajma_rice,100
2,2026-01-04 17:00:00,sweets,40
2,2026-01-04 20:45:00,roti_sabzi,60
2,2026-01-05 07:30:00,paratha,55
2,2026-01-05 12:45:00,dal_rice,90
2,2026-01-05 17:30:00,fruit,20
2,2026-01-05 20:00:00,biryani,110
2,2026-01-06 07:30:00,poha,50
2,2026-01-06 13:30:00,roti_sabzi,60
2,2026-01-06 16:45:00,samosa,30
2,2026-01-06 20:45:00,dal_rice,85
2,2026-01-07 07:30:00,dosa,50
2,2026-01-07 13:00:00,dal_rice,90
2,2026-01-07 17:30:00,samosa,30
2,2026-01-07 21:00:00,khichdi,65
2,2026-01-08 08:45:00,dosa,50
2,2026-01-08 13:15:00,roti_sabzi,60
2,2026-01-08 16:30:00,chai_biscuit,25
2,2026-01-08 20:00:00,roti_sabzi,60
2,2026-01-09 08:15:00,paratha,55
2,2026-01-09 12:30:00,rajma_rice,100
2,2026-01-09 17:15:00,fruit,20
2,2026-01-09 20:15:00,roti_sabzi,60
2,2026-01-10 08:30:00,dosa,50
2,2026-01-10 13:30:00,roti_sabzi,60
2,2026-01-10 16:15:00,fruit,20
2,2026-01-10 21:00:00,roti_sabzi,60
2,2026-01-11 08:30:00,dosa,50
2,2026-01-11 12:45:00,roti_sabzi,60
2,2026-01-11 17:15:00,chai_biscuit,25
2,2026-01-11 20:15:00,roti_sabzi,60
2,2026-01-12 08:15:00,dosa,50
2,2026-01-12 13:30:00,rajma_rice,100
2,2026-01-12 16:45:00,samosa,30
2,2026-01-12 20:15:00,roti_sabzi,60
2,2026-01-13 08:15:00,poha,50
2,2026-01-13 12:45:00,rajma_rice,100
2,2026-01-13 17:00:00,samosa,30
2,2026-01-13 20:00:00,roti_sabzi,60
2,2026-01-14 08:30:00,idli_sambar,45
2,2026-01-14 13:15:00,biryani,110
2,2026-01-14 17:30:00,sweets,40
2,2026-01-14 20:30:00,khichdi,65
3,2026-01-01 07:45:00,paratha,55
3,2026-01-01 12:45:00,rajma_rice,100
3,2026-01-01 16:45:00,fruit,20
3,2026-01-01 20:00:00,roti_sabzi,60
3,2026-01-02 08:45:00,idli_sambar,45
3,2026-01-02 14:00:00,roti_sabzi,60
3,2026-01-02 17:00:00,samosa,30
3,2026-01-02 20:30:00,khichdi,65
3,2026-01-03 08:15:00,paratha,55
3,2026-01-03 12:30:00,rajma_rice,100
3,2026-01-03 17:00:00,samosa,30
3,2026-01-03 19:45:00,dal_rice,85
3,2026-01-04 08:00:00,poha,50
3,2026-01-04 13:15:00,biryani,110
3,2026-01-04 16:30:00,sweets,40
3,2026-01-04 20:15:00,roti_sabzi,60
3,2026-01-05 08:00:00,paratha,55
3,2026-01-05 12:45:00,dal_rice,90
3,2026-01-05 17:00:00,chai_biscuit,25
3,2026-01-05 21:30:00,roti_sabzi,60
3,2026-01-06 08:30:00,idli_sambar,45
3,2026-01-06 13:30:00,roti_sabzi,60
3,2026-01-06 17:30:00,samosa,30
3,2026-01-06 20:15:00,dal_rice,85
3,2026-01-07 08:15:00,poha,50
3,2026-01-07 12:30:00,roti_sabzi,60
3,2026-01-07 17:45:00,chai_biscuit,25
3,2026-01-07 19:15:00,roti_sabzi,60
3,2026-01-08 08:00:00,paratha,55
3,2026-01-08 12:30:00,roti_sabzi,60
3,2026-01-08 17:15:00,sweets,40
3,2026-01-08 20:45:00,dal_rice,85
3,2026-01-09 08:00:00,idli_sambar,45
3,2026-01-09 12:45:00,dal_rice,90
3,2026-01-09 16:45:00,fruit,20
3,2026-01-09 19:45:00,khichdi,65
3,2026-01-10 08:00:00,idli_sambar,45
3,2026-01-10 12:45:00,roti_sabzi,60
3,2026-01-10 16:45:00,sweets,40
3,2026-01-10 20:30:00,khichdi,65
3,2026-01-11 07:30:00,poha,50
3,2026-01-11 13:15:00,biryani,110
3,2026-01-11 15:45:00,fruit,20
3,2026-01-11 20:45:00,dal_rice,85
3,2026-01-12 08:00:00,idli_sambar,45
3,2026-01-12 12:30:00,biryani,110
3,2026-01-12 16:30:00,sweets,40
3,2026-01-12 20:45:00,khichdi,65
3,2026-01-13 07:30:00,idli_sambar,45
3,2026-01-13 12:45:00,rajma_rice,100
3,2026-01-13 16:45:00,chai_biscuit,25
3,2026-01-13 20:30:00,khichdi,65
3,2026-01-14 08:15:00,idli_sambar,45
3,2026-01-14 13:30:00,biryani,110
3,2026-01-14 16:45:00,chai_biscuit,25
3,2026-01-14 19:15:00,khichdi,65
4,2026-01-01 08:15:00,poha,50
4,2026-01-01 12:00:00,dal_rice,90
4,2026-01-01 17:00:00,sweets,40
4,2026-01-01 20:30:00,roti_sabzi,60
4,2026-01-02 08:45:00,poha,50
4,2026-01-02 12:30:00,biryani,110
4,2026-01-02 17:30:00,chai_biscuit,25
4,2026-01-02 21:00:00,biryani,110
4,2026-01-03 08:00:00,poha,50
4,2026-01-03 12:00:00,roti_sabzi,60
4,2026-01-03 16:00:00,sweets,40
4,2026-01-03 19:30:00,dal_rice,85
4,2026-01-04 07:45:00,idli_sambar,45
4,2026-01-04 12:30:00,dal_rice,90
4,2026-01-04 16:15:00,sweets,40
4,2026-01-04 20:00:00,khichdi,65
4,2026-01-05 07:45:00,dosa,50
4,2026-01-05 12:30:00,dal_rice,90
4,2026-01-05 16:45:00,sweets,40
4,2026-01-05 20:00:00,khichdi,65
4,2026-01-06 07:15:00,idli_sambar,45
4,2026-01-06 12:45:00,roti_sabzi,60
4,2026-01-06 17:15:00,chai_biscuit,25
4,2026-01-06 20:00:00,biryani,110
4,2026-01-07 08:15:00,poha,50
4,2026-01-07 13:15:00,biryani,110
4,2026-01-07 16:45:00,samosa,30
4,2026-01-07 20:15:00,dal_rice,85
4,2026-01-08 07:45:00,paratha,55
4,2026-01-08 13:45:00,roti_sabzi,60
4,2026-01-08 17:00:00,samosa,30
4,2026-01-08 20:30:00,biryani,110
4,2026-01-09 08:45:00,idli_sambar,45
4,2026-01-09 13:15:00,roti_sabzi,60
4,2026-01-09 17:30:00,chai_biscuit,25
4,2026-01-09 20:30:00,khichdi,65
4,2026-01-10 08:30:00,dosa,50
4,2026-01-10 12:45:00,dal_rice,90
4,2026-01-10 17:45:00,fruit,20
4,2026-01-10 20:30:00,biryani,110
4,2026-01-11 09:15:00,idli_sambar,45
4,2026-01-11 13:00:00,roti_sabzi,60
4,2026-01-11 17:30:00,fruit,20
4,2026-01-11 20:30:00,biryani,110
4,2026-01-12 08:15:00,dosa,50
4,2026-01-12 13:30:00,biryani,110
4,2026-01-12 17:15:00,sweets,40
4,2026-01-12 20:30:00,dal_rice,85
4,2026-01-13 09:00:00,poha,50
4,2026-01-13 13:00:00,roti_sabzi,60
4,2026-01-13 16:15:00,samosa,30
4,2026-01-13 20:30:00,dal_rice,85
4,2026-01-14 07:45:00,poha,50
4,2026-01-14 12:00:00,rajma_rice,100
4,2026-01-14 17:00:00,samosa,30
4,2026-01-14 20:15:00,biryani,110
5,2026-01-01 08:00:00,poha,50
5,2026-01-01 12:45:00,biryani,110
5,2026-01-01 17:00:00,fruit,20
5,2026-01-01 20:15:00,biryani,110
5,2026-01-02 07:45:00,dosa,50
5,2026-01-02 13:15:00,biryani,110
5,2026-01-02 17:00:00,samosa,30
5,2026-01-02 21:00:00,khichdi,65
5,2026-01-03 08:30:00,dosa,50
5,2026-01-03 12:45:00,biryani,110
5,2026-01-03 16:30:00,samosa,30
5,2026-01-03 19:45:00,dal_rice,85
5,2026-01-04 08:00:00,paratha,55
5,2026-01-04 13:30:00,biryani,110
5,2026-01-04 16:30:00,chai_biscuit,25
5,2026-01-04 20:00:00,dal_rice,85
5,2026-01-05 07:30:00,idli_sambar,45
5,2026-01-05 13:45:00,rajma_rice,100
5,2026-01-05 16:30:00,fruit,20
5,2026-01-05 21:30:00,roti_sabzi,60
5,2026-01-06 07:45:00,idli_sambar,45
5,2026-01-06 12:15:00,dal_rice,90
5,2026-01-06 17:30:00,samosa,30
5,2026-01-06 21:00:00,roti_sabzi,60
5,2026-01-07 07:45:00,idli_sambar,45
5,2026-01-07 13:00:00,roti_sabzi,60
5,2026-01-07 15:15:00,samosa,30
5,2026-01-07 20:30:00,roti_sabzi,60
5,2026-01-08 08:00:00,paratha,55
5,2026-01-08 12:15:00,roti_sabzi,60
5,2026-01-08 16:15:00,sweets,40
5,2026-01-08 20:45:00,roti_sabzi,60
5,2026-01-09 07:30:00,poha,50
5,2026-01-09 12:45:00,rajma_rice,100
5,2026-01-09 16:45:00,chai_biscuit,25
5,2026-01-09 19:30:00,khichdi,65
5,2026-01-10 08:15:00,dosa,50
5,2026-01-10 12:30:00,dal_rice,90
5,2026-01-10 16:30:00,chai_biscuit,25
5,2026-01-10 20:30:00,khichdi,65
5,2026-01-11 08:15:00,dosa,50
5,2026-01-11 13:00:00,biryani,110
5,2026-01-11 16:30:00,fruit,20
5,2026-01-11 21:15:00,dal_rice,85
5,2026-01-12 07:45:00,paratha,55
5,2026-01-12 12:30:00,roti_sabzi,60
5,2026-01-12 18:00:00,sweets,40
5,2026-01-12 21:00:00,roti_sabzi,60
5,2026-01-13 08:30:00,idli_sambar,45
5,2026-01-13 13:30:00,roti_sabzi,60
5,2026-01-13 16:30:00,samosa,30
5,2026-01-13 20:15:00,biryani,110
5,2026-01-14 07:30:00,paratha,55
5,2026-01-14 13:30:00,dal_rice,90
5,2026-01-14 17:00:00,chai_biscuit,25
5,2026-01-14 20:45:00,biryani,110
6,2026-01-01 08:15:00,poha,50
6,2026-01-01 12:45:00,biryani,110
6,2026-01-01 16:45:00,chai_biscuit,25
6,2026-01-01 20:00:00,dal_rice,85
6,2026-01-02 08:00:00,poha,50
6,2026-01-02 12:30:00,dal_rice,90
6,2026-01-02 16:45:00,samosa,30
6,2026-01-02 20:00:00,dal_rice,85
6,2026-01-03 08:30:00,poha,50
6,2026-01-03 12:30:00,roti_sabzi,60
6,2026-01-03 16:15:00,chai_biscuit,25
6,2026-01-03 21:15:00,biryani,110
6,2026-01-04 08:15:00,poha,50
6,2026-01-04 12:30:00,roti_sabzi,60
6,2026-01-04 17:00:00,sweets,40
6,2026-01-04 20:30:00,roti_sabzi,60
6,2026-01-05 07:30:00,poha,50
6,2026-01-05 12:30:00,rajma_rice,100
6,2026-01-05 16:15:00,samosa,30
6,2026-01-05 20:00:00,biryani,110
6,2026-01-06 07:30:00,paratha,55
6,2026-01-06 12:15:00,rajma_rice,100
6,2026-01-06 17:00:00,chai_biscuit,25
6,2026-01-06 20:15:00,khichdi,65
6,2026-01-07 07:00:00,paratha,55
6,2026-01-07 13:00:00,biryani,110
6,2026-01-07 17:00:00,samosa,30
6,2026-01-07 20:30:00,biryani,110
6,2026-01-08 07:30:00,paratha,55
6,2026-01-08 13:00:00,rajma_rice,100
6,2026-01-08 17:00:00,samosa,30
6,2026-01-08 20:00:00,khichdi,65
6,2026-01-09 07:30:00,poha,50
6,2026-01-09 12:45:00,dal_rice,90
6,2026-01-09 17:00:00,fruit,20
6,2026-01-09 20:45:00,roti_sabzi,60
6,2026-01-10 08:00:00,dosa,50
6,2026-01-10 12:30:00,roti_sabzi,60
6,2026-01-10 16:15:00,samosa,30
6,2026-01-10 20:45:00,khichdi,65
6,2026-01-11 07:45:00,poha,50
6,2026-01-11 12:15:00,dal_rice,90
6,2026-01-11 16:15:00,sweets,40
6,2026-01-11 20:00:00,biryani,110
6,2026-01-12 07:45:00,idli_sambar,45
6,2026-01-12 13:15:00,roti_sabzi,60
6,2026-01-12 17:00:00,sweets,40
6,2026-01-12 19:45:00,roti_sabzi,60
6,2026-01-13 08:00:00,paratha,55
6,2026-01-13 12:00:00,roti_sabzi,60
6,2026-01-13 16:00:00,fruit,20
6,2026-01-13 20:30:00,khichdi,65
6,2026-01-14 08:00:00,idli_sambar,45
6,2026-01-14 13:15:00,rajma_rice,100
6,2026-01-14 16:45:00,fruit,20
6,2026-01-14 20:00:00,roti_sabzi,60
7,2026-01-01 08:00:00,idli_sambar,45
7,2026-01-01 14:00:00,roti_sabzi,60
7,2026-01-01 17:30:00,fruit,20
7,2026-01-01 20:15:00,khichdi,65
7,2026-01-02 07:45:00,paratha,55
7,2026-01-02 12:00:00,rajma_rice,100
7,2026-01-02 16:00:00,samosa,30
7,2026-01-02 20:45:00,biryani,110
7,2026-01-03 08:15:00,dosa,50
7,2026-01-03 13:00:00,roti_sabzi,60
7,2026-01-03 17:00:00,fruit,20
7,2026-01-03 20:45:00,dal_rice,85
7,2026-01-04 07:15:00,idli_sambar,45
7,2026-01-04 13:45:00,dal_rice,90
7,2026-01-04 17:30:00,sweets,40
7,2026-01-04 19:30:00,dal_rice,85
7,2026-01-05 08:30:00,dosa,50
7,2026-01-05 13:15:00,biryani,110
7,2026-01-05 16:45:00,fruit,20
7,2026-01-05 21:15:00,biryani,110
7,2026-01-06 08:00:00,dosa,50
7,2026-01-06 11:45:00,dal_rice,90
7,2026-01-06 17:30:00,fruit,20
7,2026-01-06 20:45:00,dal_rice,85
7,2026-01-07 08:15:00,dosa,50
7,2026-01-07 13:30:00,dal_rice,90
7,2026-01-07 17:15:00,samosa,30
7,2026-01-07 20:30:00,biryani,110
7,2026-01-08 07:45:00,idli_sambar,45
7,2026-01-08 12:30:00,biryani,110
7,2026-01-08 17:15:00,sweets,40
7,2026-01-08 20:30:00,khichdi,65
7,2026-01-09 08:00:00,dosa,50
7,2026-01-09 12:30:00,rajma_rice,100
7,2026-01-09 16:30:00,chai_biscuit,25
7,2026-01-09 20:30:00,biryani,110
7,2026-01-10 08:00:00,paratha,55
7,2026-01-10 12:00:00,dal_rice,90
7,2026-01-10 17:15:00,fruit,20
7,2026-01-10 20:45:00,khichdi,65
7,2026-01-11 07:30:00,poha,50
7,2026-01-11 12:45:00,biryani,110
7,2026-01-11 16:45:00,chai_biscuit,25
7,2026-01-11 20:30:00,khichdi,65
7,2026-01-12 08:15:00,poha,50
7,2026-01-12 13:00:00,rajma_rice,100
7,2026-01-12 16:30:00,chai_biscuit,25
7,2026-01-12 20:30:00,roti_sabzi,60
7,2026-01-13 08:00:00,paratha,55
7,2026-01-13 12:45:00,biryani,110
7,2026-01-13 17:00:00,sweets,40
7,2026-01-13 20:30:00,roti_sabzi,60
7,2026-01-14 08:30:00,idli_sambar,45
7,2026-01-14 13:30:00,rajma_rice,100
7,2026-01-14 17:30:00,chai_biscuit,25
7,2026-01-14 20:00:00,khichdi,65
8,2026-01-01 08:45:00,dosa,50
8,2026-01-01 13:45:00,biryani,110
8,2026-01-01 17:45:00,fruit,20
8,2026-01-01 21:00:00,dal_rice,85
8,2026-01-02 07:15:00,dosa,50
8,2026-01-02 13:15:00,rajma_rice,100
8,2026-01-02 17:15:00,samosa,30
8,2026-01-02 20:30:00,roti_sabzi,60
8,2026-01-03 08:45:00,idli_sambar,45
8,2026-01-03 12:30:00,rajma_rice,100
8,2026-01-03 16:30:00,chai_biscuit,25
8,2026-01-03 19:45:00,biryani,110
8,2026-01-04 08:00:00,idli_sambar,45
8,2026-01-04 12:45:00,rajma_rice,100
8,2026-01-04 15:45:00,sweets,40
8,2026-01-04 21:00:00,roti_sabzi,60
8,2026-01-05 08:45:00,poha,50
8,2026-01-05 12:30:00,dal_rice,90
8,2026-01-05 17:30:00,fruit,20
8,2026-01-05 20:45:00,biryani,110
8,2026-01-06 08:00:00,dosa,50
8,2026-01-06 14:00:00,dal_rice,90
8,2026-01-06 16:45:00,chai_biscuit,25
8,2026-01-06 21:30:00,khichdi,65
8,2026-01-07 07:15:00,poha,50
8,2026-01-07 12:15:00,roti_sabzi,60
8,2026-01-07 17:15:00,samosa,30
8,2026-01-07 20:30:00,biryani,110
8,2026-01-08 08:45:00,dosa,50
8,2026-01-08 12:00:00,rajma_rice,100
8,2026-01-08 16:15:00,sweets,40
8,2026-01-08 21:00:00,biryani,110
8,2026-01-09 08:30:00,idli_sambar,45
8,2026-01-09 12:45:00,rajma_rice,100
8,2026-01-09 17:15:00,chai_biscuit,25
8,2026-01-09 20:30:00,biryani,110
8,2026-01-10 07:45:00,poha,50
8,2026-01-10 13:00:00,rajma_rice,100
8,2026-01-10 17:45:00,fruit,20
8,2026-01-10 20:30:00,biryani,110
8,2026-01-11 08:00:00,paratha,55
8,2026-01-11 12:30:00,dal_rice,90
8,2026-01-11 16:45:00,fruit,20
8,2026-01-11 21:30:00,dal_rice,85
8,2026-01-12 08:30:00,dosa,50
8,2026-01-12 13:45:00,roti_sabzi,60
8,2026-01-12 17:45:00,samosa,30
8,2026-01-12 20:30:00,roti_sabzi,60
8,2026-01-13 08:15:00,paratha,55
8,2026-01-13 12:45:00,rajma_rice,100
8,2026-01-13 16:45:00,sweets,40
8,2026-01-13 21:45:00,biryani,110
8,2026-01-14 07:15:00,dosa,50
8,2026-01-14 12:45:00,rajma_rice,100
8,2026-01-14 16:00:00,samosa,30
8,2026-01-14 21:00:00,dal_rice,85
9,2026-01-01 07:45:00,paratha,55
9,2026-01-01 13:00:00,dal_rice,90
9,2026-01-01 16:15:00,sweets,40
9,2026-01-01 20:30:00,khichdi,65
9,2026-01-02 08:30:00,dosa,50
9,2026-01-02 12:45:00,roti_sabzi,60
9,2026-01-02 16:30:00,sweets,40
9,2026-01-02 20:15:00,biryani,110
9,2026-01-03 07:45:00,dosa,50
9,2026-01-03 12:45:00,biryani,110
9,2026-01-03 15:45:00,samosa,30
9,2026-01-03 19:45:00,dal_rice,85
9,2026-01-04 07:15:00,dosa,50
9,2026-01-04 14:15:00,dal_rice,90
9,2026-01-04 15:15:00,sweets,40
9,2026-01-04 19:30:00,roti_sabzi,60
9,2026-01-05 07:45:00,dosa,50
9,2026-01-05 13:00:00,dal_rice,90
9,2026-01-05 17:30:00,fruit,20
9,2026-01-05 20:00:00,roti_sabzi,60
9,2026-01-06 07:45:00,idli_sambar,45
9,2026-01-06 12:45:00,biryani,110
9,2026-01-06 16:45:00,chai_biscuit,25
9,2026-01-06 21:00:00,khichdi,65
9,2026-01-07 08:30:00,paratha,55
9,2026-01-07 12:30:00,dal_rice,90
9,2026-01-07 17:15:00,chai_biscuit,25
9,2026-01-07 20:00:00,dal_rice,85
9,2026-01-08 08:15:00,poha,50
9,2026-01-08 13:15:00,roti_sabzi,60
9,2026-01-08 17:00:00,chai_biscuit,25
9,2026-01-08 20:00:00,dal_rice,85
9,2026-01-09 08:00:00,dosa,50
9,2026-01-09 13:15:00,roti_sabzi,60
9,2026-01-09 17:30:00,sweets,40
9,2026-01-09 20:30:00,roti_sabzi,60
9,2026-01-10 07:15:00,idli_sambar,45
9,2026-01-10 13:30:00,roti_sabzi,60
9,2026-01-10 16:30:00,chai_biscuit,25
9,2026-01-10 20:15:00,roti_sabzi,60
9,2026-01-11 08:45:00,poha,50
9,2026-01-11 12:45:00,rajma_rice,100
9,2026-01-11 17:00:00,sweets,40
9,2026-01-11 20:30:00,khichdi,65
9,2026-01-12 08:15:00,poha,50
9,2026-01-12 13:00:00,dal_rice,90
9,2026-01-12 17:30:00,chai_biscuit,25
9,2026-01-12 20:15:00,khichdi,65
9,2026-01-13 07:30:00,dosa,50
9,2026-01-13 12:45:00,roti_sabzi,60
9,2026-01-13 17:45:00,samosa,30
9,2026-01-13 20:00:00,khichdi,65
9,2026-01-14 08:30:00,paratha,55
9,2026-01-14 12:30:00,rajma_rice,100
9,2026-01-14 16:45:00,fruit,20
9,2026-01-14 20:00:00,khichdi,65
10,2026-01-01 08:30:00,poha,50
10,2026-01-01 13:45:00,dal_rice,90
10,2026-01-01 17:45:00,sweets,40
10,2026-01-01 20:30:00,roti_sabzi,60
10,2026-01-02 07:15:00,idli_sambar,45
10,2026-01-02 12:45:00,rajma_rice,100
10,2026-01-02 16:30:00,sweets,40
10,2026-01-02 19:45:00,khichdi,65
10,2026-01-03 06:45:00,poha,50
10,2026-01-03 12:30:00,rajma_rice,100
10,2026-01-03 17:15:00,fruit,20
10,2026-01-03 20:00:00,roti_sabzi,60
10,2026-01-04 08:30:00,idli_sambar,45
10,2026-01-04 12:15:00,dal_rice,90
10,2026-01-04 16:45:00,chai_biscuit,25
10,2026-01-04 19:45:00,biryani,110
10,2026-01-05 07:30:00,dosa,50
10,2026-01-05 12:30:00,roti_sabzi,60
10,2026-01-05 16:15:00,fruit,20
10,2026-01-05 20:00:00,roti_sabzi,60
10,2026-01-06 07:15:00,poha,50
10,2026-01-06 12:30:00,dal_rice,90
10,2026-01-06 16:30:00,chai_biscuit,25
10,2026-01-06 20:45:00,biryani,110
10,2026-01-07 06:15:00,idli_sambar,45
10,2026-01-07 12:45:00,rajma_rice,100
10,2026-01-07 17:15:00,samosa,30
10,2026-01-07 20:45:00,dal_rice,85
10,2026-01-08 08:15:00,paratha,55
10,2026-01-08 12:15:00,dal_rice,90
10,2026-01-08 17:00:00,chai_biscuit,25
10,2026-01-08 20:45:00,khichdi,65
10,2026-01-09 07:15:00,poha,50
10,2026-01-09 13:00:00,rajma_rice,100
10,2026-01-09 16:30:00,samosa,30
10,2026-01-09 21:00:00,khichdi,65
10,2026-01-10 06:30:00,poha,50
10,2026-01-10 13:00:00,roti_sabzi,60
10,2026-01-10 15:30:00,chai_biscuit,25
10,2026-01-10 20:30:00,roti_sabzi,60
10,2026-01-11 08:30:00,dosa,50
10,2026-01-11 13:30:00,biryani,110
10,2026-01-11 16:45:00,chai_biscuit,25
10,2026-01-11 20:30:00,khichdi,65
10,2026-01-12 08:15:00,paratha,55
10,2026-01-12 12:45:00,biryani,110
10,2026-01-12 16:15:00,samosa,30
10,2026-01-12 20:30:00,biryani,110
10,2026-01-13 07:00:00,poha,50
10,2026-01-13 12:00:00,biryani,110
10,2026-01-13 17:30:00,chai_biscuit,25
10,2026-01-13 20:30:00,biryani,110
10,2026-01-14 07:00:00,poha,50
10,2026-01-14 13:15:00,dal_rice,90
10,2026-01-14 17:00:00,samosa,30
10,2026-01-14 20:45:00,roti_sabzi,60
11,2026-01-01 08:15:00,idli_sambar,45
11,2026-01-01 12:15:00,rajma_rice,100
11,2026-01-01 16:15:00,samosa,30
11,2026-01-01 20:15:00,khichdi,65
11,2026-01-02 07:30:00,dosa,50
11,2026-01-02 13:00:00,biryani,110
11,2026-01-02 17:15:00,chai_biscuit,25
11,2026-01-02 19:45:00,khichdi,65
11,2026-01-03 07:30:00,idli_sambar,45
11,2026-01-03 13:15:00,dal_rice,90
11,2026-01-03 16:30:00,sweets,40
11,2026-01-03 20:15:00,roti_sabzi,60
11,2026-01-04 08:15:00,idli_sambar,45
11,2026-01-04 12:00:00,rajma_rice,100
11,2026-01-04 17:00:00,fruit,20
11,2026-01-04 20:30:00,dal_rice,85
11,2026-01-05 07:15:00,idli_sambar,45
11,2026-01-05 13:00:00,rajma_rice,100
11,2026-01-05 16:45:00,fruit,20
11,2026-01-05 20:15:00,roti_sabzi,60
11,2026-01-06 08:00:00,dosa,50
11,2026-01-06 13:30:00,biryani,110
11,2026-01-06 16:15:00,fruit,20
11,2026-01-06 20:45:00,roti_sabzi,60
11,2026-01-07 07:45:00,dosa,50
11,2026-01-07 13:45:00,dal_rice,90
11,2026-01-07 17:00:00,chai_biscuit,25
11,2026-01-07 20:45:00,khichdi,65
11,2026-01-08 07:30:00,paratha,55
11,2026-01-08 12:15:00,dal_rice,90
11,2026-01-08 17:00:00,samosa,30
11,2026-01-08 20:45:00,roti_sabzi,60
11,2026-01-09 08:30:00,idli_sambar,45
11,2026-01-09 13:15:00,dal_rice,90
11,2026-01-09 17:30:00,fruit,20
11,2026-01-09 20:15:00,biryani,110
11,2026-01-10 07:45:00,poha,50
11,2026-01-10 12:30:00,roti_sabzi,60
11,2026-01-10 17:30:00,samosa,30
11,2026-01-10 21:15:00,roti_sabzi,60
11,2026-01-11 08:15:00,poha,50
11,2026-01-11 12:30:00,dal_rice,90
11,2026-01-11 16:45:00,sweets,40
11,2026-01-11 21:00:00,dal_rice,85
11,2026-01-12 08:30:00,paratha,55
11,2026-01-12 13:15:00,dal_rice,90
11,2026-01-12 17:45:00,sweets,40
11,2026-01-12 20:30:00,biryani,110
11,2026-01-13 08:45:00,dosa,50
11,2026-01-13 13:00:00,roti_sabzi,60
11,2026-01-13 17:15:00,chai_biscuit,25
11,2026-01-13 20:00:00,roti_sabzi,60
11,2026-01-14 08:15:00,paratha,55
11,2026-01-14 13:00:00,dal_rice,90
11,2026-01-14 15:45:00,chai_biscuit,25
11,2026-01-14 20:15:00,biryani,110
12,2026-01-01 08:15:00,paratha,55
12,2026-01-01 14:30:00,biryani,110
12,2026-01-01 16:30:00,samosa,30
12,2026-01-01 19:15:00,roti_sabzi,60
12,2026-01-02 07:00:00,idli_sambar,45
12,2026-01-02 13:00:00,rajma_rice,100
12,2026-01-02 16:15:00,sweets,40
12,2026-01-02 20:15:00,biryani,110
12,2026-01-03 08:00:00,idli_sambar,45
12,2026-01-03 12:45:00,rajma_rice,100
12,2026-01-03 16:30:00,sweets,40
12,2026-01-03 20:15:00,khichdi,65
12,2026-01-04 07:45:00,idli_sambar,45
12,2026-01-04 13:00:00,biryani,110
12,2026-01-04 16:15:00,samosa,30
12,2026-01-04 21:00:00,biryani,110
12,2026-01-05 08:00:00,poha,50
12,2026-01-05 13:30:00,rajma_rice,100
12,2026-01-05 17:30:00,samosa,30
12,2026-01-05 20:30:00,roti_sabzi,60
12,2026-01-06 08:15:00,dosa,50
12,2026-01-06 13:00:00,dal_rice,90
12,2026-01-06 17:15:00,fruit,20
12,2026-01-06 20:00:00,dal_rice,85
12,2026-01-07 08:30:00,paratha,55
12,2026-01-07 12:30:00,dal_rice,90
12,2026-01-07 16:15:00,samosa,30
12,2026-01-07 19:45:00,biryani,110
12,2026-01-08 07:30:00,dosa,50
12,2026-01-08 13:30:00,biryani,110
12,2026-01-08 17:15:00,samosa,30
12,2026-01-08 21:00:00,roti_sabzi,60
12,2026-01-09 08:30:00,idli_sambar,45
12,2026-01-09 12:45:00,dal_rice,90
12,2026-01-09 17:45:00,sweets,40
12,2026-01-09 20:15:00,dal_rice,85
12,2026-01-10 07:45:00,poha,50
12,2026-01-10 13:00:00,dal_rice,90
12,2026-01-10 16:30:00,samosa,30
12,2026-01-10 20:00:00,roti_sabzi,60
12,2026-01-11 08:15:00,dosa,50
12,2026-01-11 12:30:00,rajma_rice,100
12,2026-01-11 17:45:00,chai_biscuit,25
12,2026-01-11 19:45:00,dal_rice,85
12,2026-01-12 08:15:00,dosa,50
12,2026-01-12 13:00:00,biryani,110
12,2026-01-12 17:00:00,sweets,40
12,2026-01-12 21:15:00,biryani,110
12,2026-01-13 07:45:00,idli_sambar,45
12,2026-01-13 12:15:00,biryani,110
12,2026-01-13 16:15:00,sweets,40
12,2026-01-13 20:30:00,khichdi,65
12,2026-01-14 07:45:00,paratha,55
12,2026-01-14 12:30:00,rajma_rice,100
12,2026-01-14 16:15:00,samosa,30
12,2026-01-14 20:00:00,khichdi,65
13,2026-01-01 07:30:00,idli_sambar,45
13,2026-01-01 14:15:00,roti_sabzi,60
13,2026-01-01 16:30:00,samosa,30
13,2026-01-01 19:30:00,biryani,110
13,2026-01-02 08:15:00,poha,50
13,2026-01-02 12:30:00,rajma_rice,100
13,2026-01-02 16:30:00,samosa,30
13,2026-01-02 21:15:00,biryani,110
13,2026-01-03 07:30:00,poha,50
13,2026-01-03 12:45:00,biryani,110
13,2026-01-03 16:30:00,sweets,40
13,2026-01-03 20:15:00,khichdi,65
13,2026-01-04 08:15:00,idli_sambar,45
13,2026-01-04 12:00:00,biryani,110
13,2026-01-04 16:45:00,sweets,40
13,2026-01-04 19:45:00,roti_sabzi,60
13,2026-01-05 07:15:00,poha,50
13,2026-01-05 13:45:00,roti_sabzi,60
13,2026-01-05 17:15:00,chai_biscuit,25
13,2026-01-05 19:45:00,khichdi,65
13,2026-01-06 09:00:00,poha,50
13,2026-01-06 12:45:00,roti_sabzi,60
13,2026-01-06 16:30:00,samosa,30
13,2026-01-06 19:45:00,dal_rice,85
13,2026-01-07 07:45:00,poha,50
13,2026-01-07 12:45:00,biryani,110
13,2026-01-07 16:30:00,sweets,40
13,2026-01-07 20:30:00,khichdi,65
13,2026-01-08 08:00:00,poha,50
13,2026-01-08 12:45:00,rajma_rice,100
13,2026-01-08 16:30:00,sweets,40
13,2026-01-08 19:45:00,khichdi,65
13,2026-01-09 08:00:00,paratha,55
13,2026-01-09 13:30:00,biryani,110
13,2026-01-09 17:30:00,fruit,20
13,2026-01-09 21:00:00,dal_rice,85
13,2026-01-10 07:30:00,dosa,50
13,2026-01-10 13:45:00,biryani,110
13,2026-01-10 17:30:00,samosa,30
13,2026-01-10 19:45:00,khichdi,65
13,2026-01-11 07:45:00,paratha,55
13,2026-01-11 13:45:00,biryani,110
13,2026-01-11 16:45:00,samosa,30
13,2026-01-11 21:15:00,dal_rice,85
13,2026-01-12 08:30:00,idli_sambar,45
13,2026-01-12 12:45:00,rajma_rice,100
13,2026-01-12 17:00:00,fruit,20
13,2026-01-12 20:15:00,biryani,110
13,2026-01-13 07:45:00,dosa,50
13,2026-01-13 12:30:00,roti_sabzi,60
13,2026-01-13 16:30:00,sweets,40
13,2026-01-13 20:15:00,roti_sabzi,60
13,2026-01-14 08:00:00,idli_sambar,45
13,2026-01-14 14:00:00,biryani,110
13,2026-01-14 16:45:00,fruit,20
13,2026-01-14 20:00:00,roti_sabzi,60
14,2026-01-01 07:30:00,poha,50
14,2026-01-01 13:30:00,roti_sabzi,60
14,2026-01-01 17:00:00,chai_biscuit,25
14,2026-01-01 20:45:00,dal_rice,85
14,2026-01-02 07:45:00,paratha,55
14,2026-01-02 13:00:00,rajma_rice,100
14,2026-01-02 16:30:00,sweets,40
14,2026-01-02 20:45:00,dal_rice,85
14,2026-01-03 07:15:00,paratha,55
14,2026-01-03 13:00:00,roti_sabzi,60
14,2026-01-03 17:30:00,samosa,30
14,2026-01-03 20:45:00,dal_rice,85
14,2026-01-04 08:00:00,paratha,55
14,2026-01-04 12:45:00,biryani,110
14,2026-01-04 16:30:00,samosa,30
14,2026-01-04 20:15:00,biryani,110
14,2026-01-05 09:00:00,dosa,50
14,2026-01-05 12:45:00,rajma_rice,100
14,2026-01-05 16:45:00,fruit,20
14,2026-01-05 20:15:00,biryani,110
14,2026-01-06 07:15:00,paratha,55
14,2026-01-06 13:00:00,rajma_rice,100
14,2026-01-06 17:30:00,chai_biscuit,25
14,2026-01-06 20:15:00,roti_sabzi,60
14,2026-01-07 08:15:00,idli_sambar,45
14,2026-01-07 13:15:00,biryani,110
14,2026-01-07 16:45:00,sweets,40
14,2026-01-07 19:45:00,dal_rice,85
14,2026-01-08 07:30:00,poha,50
14,2026-01-08 13:00:00,dal_rice,90
14,2026-01-08 17:15:00,samosa,30
14,2026-01-08 20:30:00,dal_rice,85
14,2026-01-09 08:00:00,idli_sambar,45
14,2026-01-09 13:15:00,biryani,110
14,2026-01-09 16:15:00,samosa,30
14,2026-01-09 20:45:00,roti_sabzi,60
14,2026-01-10 08:15:00,dosa,50
14,2026-01-10 12:00:00,biryani,110
14,2026-01-10 18:00:00,fruit,20
14,2026-01-10 20:00:00,roti_sabzi,60
14,2026-01-11 08:00:00,idli_sambar,45
14,2026-01-11 12:15:00,roti_sabzi,60
14,2026-01-11 16:45:00,fruit,20
14,2026-01-11 20:30:00,biryani,110
14,2026-01-12 08:00:00,dosa,50
14,2026-01-12 13:00:00,rajma_rice,100
14,2026-01-12 16:45:00,samosa,30
14,2026-01-12 21:15:00,biryani,110
14,2026-01-13 08:30:00,dosa,50
14,2026-01-13 12:15:00,dal_rice,90
14,2026-01-13 16:30:00,sweets,40
14,2026-01-13 20:15:00,dal_rice,85
14,2026-01-14 07:15:00,paratha,55
14,2026-01-14 13:00:00,roti_sabzi,60
14,2026-01-14 17:45:00,fruit,20
14,2026-01-14 21:00:00,biryani,110
15,2026-01-01 08:15:00,paratha,55
15,2026-01-01 12:30:00,biryani,110
15,2026-01-01 17:00:00,samosa,30
15,2026-01-01 21:15:00,khichdi,65
15,2026-01-02 08:00:00,paratha,55
15,2026-01-02 12:15:00,biryani,110
15,2026-01-02 16:45:00,chai_biscuit,25
15,2026-01-02 21:00:00,roti_sabzi,60
15,2026-01-03 08:00:00,paratha,55
15,2026-01-03 13:00:00,rajma_rice,100
15,2026-01-03 16:45:00,sweets,40
15,2026-01-03 20:15:00,dal_rice,85
15,2026-01-04 07:30:00,paratha,55
15,2026-01-04 12:30:00,biryani,110
15,2026-01-04 18:00:00,chai_biscuit,25
15,2026-01-04 21:00:00,roti_sabzi,60
15,2026-01-05 07:15:00,dosa,50
15,2026-01-05 12:15:00,biryani,110
15,2026-01-05 17:30:00,chai_biscuit,25
15,2026-01-05 20:45:00,roti_sabzi,60
15,2026-01-06 07:45:00,dosa,50
15,2026-01-06 12:45:00,biryani,110
15,2026-01-06 18:15:00,chai_biscuit,25
15,2026-01-06 20:30:00,dal_rice,85
15,2026-01-07 08:00:00,idli_sambar,45
15,2026-01-07 13:00:00,dal_rice,90
15,2026-01-07 17:30:00,sweets,40
15,2026-01-07 20:30:00,khichdi,65
15,2026-01-08 08:30:00,dosa,50
15,2026-01-08 12:30:00,biryani,110
15,2026-01-08 16:45:00,sweets,40
15,2026-01-08 20:30:00,roti_sabzi,60
15,2026-01-09 07:30:00,paratha,55
15,2026-01-09 12:30:00,biryani,110
15,2026-01-09 17:30:00,samosa,30
15,2026-01-09 20:15:00,roti_sabzi,60
15,2026-01-10 07:45:00,idli_sambar,45
15,2026-01-10 12:15:00,dal_rice,90
15,2026-01-10 17:30:00,samosa,30
15,2026-01-10 21:45:00,roti_sabzi,60
15,2026-01-11 07:45:00,idli_sambar,45
15,2026-01-11 12:15:00,biryani,110
15,2026-01-11 16:15:00,chai_biscuit,25
15,2026-01-11 19:45:00,roti_sabzi,60
15,2026-01-12 07:30:00,dosa,50
15,2026-01-12 13:00:00,rajma_rice,100
15,2026-01-12 17:15:00,chai_biscuit,25
15,2026-01-12 20:30:00,roti_sabzi,60
15,2026-01-13 08:30:00,poha,50
15,2026-01-13 12:45:00,biryani,110
15,2026-01-13 17:00:00,sweets,40
15,2026-01-13 20:30:00,khichdi,65
15,2026-01-14 07:45:00,poha,50
15,2026-01-14 13:15:00,dal_rice,90
15,2026-01-14 17:00:00,samosa,30
15,2026-01-14 20:15:00,dal_rice,85
16,2026-01-01 07:30:00,dosa,50
16,2026-01-01 12:30:00,dal_rice,90
16,2026-01-01 16:45:00,sweets,40
16,2026-01-01 20:15:00,roti_sabzi,60
16,2026-01-02 07:30:00,poha,50
16,2026-01-02 12:15:00,roti_sabzi,60
16,2026-01-02 15:45:00,chai_biscuit,25
16,2026-01-02 20:30:00,biryani,110
16,2026-01-03 07:45:00,poha,50
16,2026-01-03 12:45:00,dal_rice,90
16,2026-01-03 17:00:00,fruit,20
16,2026-01-03 20:30:00,biryani,110
16,2026-01-04 06:45:00,poha,50
16,2026-01-04 12:15:00,dal_rice,90
16,2026-01-04 17:15:00,samosa,30
16,2026-01-04 20:45:00,dal_rice,85
16,2026-01-05 08:15:00,dosa,50
16,2026-01-05 12:45:00,rajma_rice,100
16,2026-01-05 16:45:00,chai_biscuit,25
16,2026-01-05 20:15:00,dal_rice,85
16,2026-01-06 08:30:00,paratha,55
16,2026-01-06 13:00:00,rajma_rice,100
16,2026-01-06 17:15:00,chai_biscuit,25
16,2026-01-06 20:30:00,khichdi,65
16,2026-01-07 07:45:00,idli_sambar,45
16,2026-01-07 13:15:00,roti_sabzi,60
16,2026-01-07 17:00:00,chai_biscuit,25
16,2026-01-07 20:30:00,dal_rice,85
16,2026-01-08 07:45:00,dosa,50
16,2026-01-08 13:30:00,roti_sabzi,60
16,2026-01-08 17:45:00,samosa,30
16,2026-01-08 19:45:00,biryani,110
16,2026-01-09 08:15:00,poha,50
16,2026-01-09 13:15:00,roti_sabzi,60
16,2026-01-09 17:15:00,samosa,30
16,2026-01-09 20:45:00,roti_sabzi,60
16,2026-01-10 08:30:00,poha,50
16,2026-01-10 12:30:00,dal_rice,90
16,2026-01-10 16:45:00,fruit,20
16,2026-01-10 21:00:00,biryani,110
16,2026-01-11 07:30:00,dosa,50
16,2026-01-11 13:30:00,roti_sabzi,60
16,2026-01-11 17:30:00,sweets,40
16,2026-01-11 20:45:00,roti_sabzi,60
16,2026-01-12 07:45:00,idli_sambar,45
16,2026-01-12 12:45:00,rajma_rice,100
16,2026-01-12 17:00:00,samosa,30
16,2026-01-12 19:30:00,biryani,110
16,2026-01-13 07:30:00,dosa,50
16,2026-01-13 12:45:00,roti_sabzi,60
16,2026-01-13 15:45:00,fruit,20
16,2026-01-13 19:15:00,roti_sabzi,60
16,2026-01-14 08:45:00,idli_sambar,45
16,2026-01-14 12:45:00,roti_sabzi,60
16,2026-01-14 16:45:00,sweets,40
16,2026-01-14 19:45:00,dal_rice,85
17,2026-01-01 08:15:00,dosa,50
17,2026-01-01 12:45:00,dal_rice,90
17,2026-01-01 17:00:00,fruit,20
17,2026-01-01 20:00:00,biryani,110
17,2026-01-02 08:15:00,poha,50
17,2026-01-02 13:15:00,dal_rice,90
17,2026-01-02 15:45:00,sweets,40
17,2026-01-02 20:45:00,roti_sabzi,60
17,2026-01-03 07:15:00,dosa,50
17,2026-01-03 12:15:00,dal_rice,90
17,2026-01-03 17:15:00,samosa,30
17,2026-01-03 20:00:00,roti_sabzi,60
17,2026-01-04 07:45:00,idli_sambar,45
17,2026-01-04 12:30:00,dal_rice,90
17,2026-01-04 16:45:00,sweets,40
17,2026-01-04 20:15:00,biryani,110
17,2026-01-05 08:00:00,paratha,55
17,2026-01-05 13:15:00,rajma_rice,100
17,2026-01-05 16:45:00,chai_biscuit,25
17,2026-01-05 21:30:00,roti_sabzi,60
17,2026-01-06 08:00:00,paratha,55
17,2026-01-06 12:30:00,dal_rice,90
17,2026-01-06 18:15:00,fruit,20
17,2026-01-06 20:45:00,khichdi,65
17,2026-01-07 08:00:00,poha,50
17,2026-01-07 12:45:00,biryani,110
17,2026-01-07 17:00:00,samosa,30
17,2026-01-07 20:30:00,khichdi,65
17,2026-01-08 08:00:00,idli_sambar,45
17,2026-01-08 14:00:00,roti_sabzi,60
17,2026-01-08 17:30:00,sweets,40
17,2026-01-08 20:15:00,roti_sabzi,60
17,2026-01-09 08:15:00,paratha,55
17,2026-01-09 11:30:00,biryani,110
17,2026-01-09 17:30:00,sweets,40
17,2026-01-09 20:45:00,roti_sabzi,60
17,2026-01-10 08:15:00,poha,50
17,2026-01-10 12:15:00,dal_rice,90
17,2026-01-10 16:15:00,fruit,20
17,2026-01-10 21:15:00,biryani,110
17,2026-01-11 07:30:00,dosa,50
17,2026-01-11 12:00:00,dal_rice,90
17,2026-01-11 16:30:00,samosa,30
17,2026-01-11 21:00:00,biryani,110
17,2026-01-12 07:45:00,poha,50
17,2026-01-12 13:00:00,biryani,110
17,2026-01-12 17:00:00,chai_biscuit,25
17,2026-01-12 20:15:00,dal_rice,85
17,2026-01-13 08:15:00,paratha,55
17,2026-01-13 12:45:00,rajma_rice,100
17,2026-01-13 18:00:00,sweets,40
17,2026-01-13 20:45:00,biryani,110
17,2026-01-14 08:00:00,paratha,55
17,2026-01-14 12:45:00,roti_sabzi,60
17,2026-01-14 16:45:00,samosa,30
17,2026-01-14 20:15:00,dal_rice,85
18,2026-01-01 07:15:00,paratha,55
18,2026-01-01 12:45:00,dal_rice,90
18,2026-01-01 16:45:00,samosa,30
18,2026-01-01 19:45:00,khichdi,65
18,2026-01-02 07:00:00,poha,50
18,2026-01-02 13:15:00,rajma_rice,100
18,2026-01-02 17:30:00,fruit,20
18,2026-01-02 21:15:00,khichdi,65
18,2026-01-03 07:45:00,paratha,55
18,2026-01-03 13:00:00,dal_rice,90
18,2026-01-03 17:30:00,sweets,40
18,2026-01-03 20:15:00,biryani,110
18,2026-01-04 08:00:00,poha,50
18,2026-01-04 12:45:00,dal_rice,90
18,2026-01-04 16:45:00,chai_biscuit,25
18,2026-01-04 21:00:00,biryani,110
18,2026-01-05 08:00:00,poha,50
18,2026-01-05 11:45:00,roti_sabzi,60
18,2026-01-05 17:30:00,fruit,20
18,2026-01-05 20:30:00,khichdi,65
18,2026-01-06 08:00:00,poha,50
18,2026-01-06 12:45:00,dal_rice,90
18,2026-01-06 17:00:00,samosa,30
18,2026-01-06 19:15:00,khichdi,65
18,2026-01-07 08:45:00,dosa,50
18,2026-01-07 12:45:00,biryani,110
18,2026-01-07 17:00:00,samosa,30
18,2026-01-07 20:45:00,dal_rice,85
18,2026-01-08 08:15:00,idli_sambar,45
18,2026-01-08 12:00:00,roti_sabzi,60
18,2026-01-08 16:45:00,chai_biscuit,25
18,2026-01-08 20:00:00,dal_rice,85
18,2026-01-09 07:45:00,dosa,50
18,2026-01-09 13:00:00,rajma_rice,100
18,2026-01-09 18:00:00,fruit,20
18,2026-01-09 20:15:00,dal_rice,85
18,2026-01-10 07:45:00,dosa,50
18,2026-01-10 13:30:00,rajma_rice,100
18,2026-01-10 16:30:00,sweets,40
18,2026-01-10 19:45:00,roti_sabzi,60
18,2026-01-11 06:45:00,dosa,50
18,2026-01-11 12:30:00,biryani,110
18,2026-01-11 16:30:00,sweets,40
18,2026-01-11 21:00:00,dal_rice,85
18,2026-01-12 08:15:00,paratha,55
18,2026-01-12 13:15:00,rajma_rice,100
18,2026-01-12 16:45:00,chai_biscuit,25
18,2026-01-12 20:00:00,dal_rice,85
18,2026-01-13 07:30:00,dosa,50
18,2026-01-13 13:15:00,dal_rice,90
18,2026-01-13 16:45:00,sweets,40
18,2026-01-13 19:15:00,roti_sabzi,60
18,2026-01-14 08:00:00,poha,50
18,2026-01-14 13:15:00,rajma_rice,100
18,2026-01-14 17:00:00,samosa,30
18,2026-01-14 20:30:00,khichdi,65
19,2026-01-01 08:15:00,dosa,50
19,2026-01-01 12:30:00,biryani,110
19,2026-01-01 16:45:00,sweets,40
19,2026-01-01 21:15:00,roti_sabzi,60
19,2026-01-02 07:45:00,paratha,55
19,2026-01-02 13:15:00,dal_rice,90
19,2026-01-02 17:00:00,chai_biscuit,25
19,2026-01-02 20:45:00,biryani,110
19,2026-01-03 07:45:00,poha,50
19,2026-01-03 13:15:00,biryani,110
19,2026-01-03 16:30:00,samosa,30
19,2026-01-03 20:45:00,biryani,110
19,2026-01-04 08:45:00,idli_sambar,45
19,2026-01-04 13:15:00,roti_sabzi,60
19,2026-01-04 17:45:00,sweets,40
19,2026-01-04 20:00:00,biryani,110
19,2026-01-05 08:15:00,dosa,50
19,2026-01-05 13:00:00,dal_rice,90
19,2026-01-05 17:00:00,fruit,20
19,2026-01-05 20:45:00,roti_sabzi,60
19,2026-01-06 07:45:00,idli_sambar,45
19,2026-01-06 12:30:00,rajma_rice,100
19,2026-01-06 17:15:00,sweets,40
19,2026-01-06 20:30:00,biryani,110
19,2026-01-07 09:15:00,dosa,50
19,2026-01-07 12:00:00,roti_sabzi,60
19,2026-01-07 16:45:00,fruit,20
19,2026-01-07 20:30:00,biryani,110
19,2026-01-08 07:45:00,idli_sambar,45
19,2026-01-08 13:00:00,dal_rice,90
19,2026-01-08 17:30:00,fruit,20
19,2026-01-08 20:00:00,dal_rice,85
19,2026-01-09 08:00:00,paratha,55
19,2026-01-09 14:15:00,dal_rice,90
19,2026-01-09 17:00:00,chai_biscuit,25
19,2026-01-09 20:30:00,roti_sabzi,60
19,2026-01-10 07:45:00,paratha,55
19,2026-01-10 12:45:00,dal_rice,90
19,2026-01-10 17:15:00,sweets,40
19,2026-01-10 21:00:00,roti_sabzi,60
19,2026-01-11 08:30:00,paratha,55
19,2026-01-11 13:00:00,roti_sabzi,60
19,2026-01-11 17:30:00,chai_biscuit,25
19,2026-01-11 19:30:00,biryani,110
19,2026-01-12 07:45:00,idli_sambar,45
19,2026-01-12 12:30:00,rajma_rice,100
19,2026-01-12 16:45:00,sweets,40
19,2026-01-12 20:00:00,khichdi,65
19,2026-01-13 08:15:00,paratha,55
19,2026-01-13 13:00:00,roti_sabzi,60
19,2026-01-13 16:45:00,samosa,30
19,2026-01-13 20:00:00,biryani,110
19,2026-01-14 07:30:00,idli_sambar,45
19,2026-01-14 11:30:00,dal_rice,90
19,2026-01-14 16:30:00,chai_biscuit,25
19,2026-01-14 20:30:00,dal_rice,85
20,2026-01-01 08:15:00,paratha,55
20,2026-01-01 13:00:00,biryani,110
20,2026-01-01 17:15:00,chai_biscuit,25
20,2026-01-01 20:30:00,khichdi,65
20,2026-01-02 07:45:00,idli_sambar,45
20,2026-01-02 13:00:00,biryani,110
20,2026-01-02 16:30:00,samosa,30
20,2026-01-02 20:00:00,biryani,110
20,2026-01-03 08:15:00,idli_sambar,45
20,2026-01-03 13:15:00,dal_rice,90
20,2026-01-03 16:15:00,fruit,20
20,2026-01-03 20:15:00,biryani,110
20,2026-01-04 08:00:00,paratha,55
20,2026-01-04 12:30:00,dal_rice,90
20,2026-01-04 16:45:00,samosa,30
20,2026-01-04 20:45:00,dal_rice,85
20,2026-01-05 08:15:00,dosa,50
20,2026-01-05 13:00:00,roti_sabzi,60
20,2026-01-05 17:30:00,chai_biscuit,25
20,2026-01-05 20:00:00,khichdi,65
20,2026-01-06 07:00:00,idli_sambar,45
20,2026-01-06 12:30:00,biryani,110
20,2026-01-06 17:15:00,chai_biscuit,25
20,2026-01-06 20:45:00,roti_sabzi,60
20,2026-01-07 07:15:00,idli_sambar,45
20,2026-01-07 13:45:00,biryani,110
20,2026-01-07 17:15:00,chai_biscuit,25
20,2026-01-07 20:00:00,khichdi,65
20,2026-01-08 08:00:00,paratha,55
20,2026-01-08 12:00:00,dal_rice,90
20,2026-01-08 16:15:00,chai_biscuit,25
20,2026-01-08 21:00:00,roti_sabzi,60
20,2026-01-09 07:45:00,poha,50
20,2026-01-09 13:00:00,dal_rice,90
20,2026-01-09 16:30:00,fruit,20
20,2026-01-09 20:15:00,roti_sabzi,60
20,2026-01-10 08:00:00,idli_sambar,45
20,2026-01-10 12:30:00,rajma_rice,100
20,2026-01-10 18:15:00,chai_biscuit,25
20,2026-01-10 20:15:00,biryani,110
20,2026-01-11 07:30:00,paratha,55
20,2026-01-11 12:00:00,dal_rice,90
20,2026-01-11 17:15:00,sweets,40
20,2026-01-11 20:30:00,roti_sabzi,60
20,2026-01-12 07:00:00,dosa,50
20,2026-01-12 12:30:00,rajma_rice,100
20,2026-01-12 17:00:00,fruit,20
20,2026-01-12 20:30:00,dal_rice,85
20,2026-01-13 07:30:00,idli_sambar,45
20,2026-01-13 13:15:00,biryani,110
20,2026-01-13 17:00:00,chai_biscuit,25
20,2026-01-13 20:30:00,dal_rice,85
20,2026-01-14 08:00:00,paratha,55
20,2026-01-14 13:00:00,biryani,110
20,2026-01-14 17:30:00,chai_biscuit,25
20,2026-01-14 20:30:00,biryani,110
21,2026-01-01 08:00:00,idli_sambar,45
21,2026-01-01 12:30:00,roti_sabzi,60
21,2026-01-01 17:00:00,sweets,40
21,2026-01-01 19:30:00,dal_rice,85
21,2026-01-02 07:45:00,dosa,50
21,2026-01-02 13:15:00,rajma_rice,100
21,2026-01-02 17:15:00,chai_biscuit,25
21,2026-01-02 20:00:00,roti_sabzi,60
21,2026-01-03 07:45:00,paratha,55
21,2026-01-03 13:15:00,dal_rice,90
21,2026-01-03 16:30:00,fruit,20
21,2026-01-03 19:15:00,roti_sabzi,60
21,2026-01-04 07:45:00,idli_sambar,45
21,2026-01-04 12:45:00,dal_rice,90
21,2026-01-04 16:45:00,fruit,20
21,2026-01-04 20:30:00,roti_sabzi,60
21,2026-01-05 08:00:00,idli_sambar,45
21,2026-01-05 13:30:00,dal_rice,90
21,2026-01-05 17:45:00,fruit,20
21,2026-01-05 20:30:00,khichdi,65
21,2026-01-06 07:45:00,poha,50
21,2026-01-06 12:45:00,roti_sabzi,60
21,2026-01-06 16:45:00,sweets,40
21,2026-01-06 20:30:00,roti_sabzi,60
21,2026-01-07 08:00:00,idli_sambar,45
21,2026-01-07 12:15:00,dal_rice,90
21,2026-01-07 16:45:00,chai_biscuit,25
21,2026-01-07 20:00:00,khichdi,65
21,2026-01-08 08:15:00,poha,50
21,2026-01-08 13:45:00,rajma_rice,100
21,2026-01-08 17:30:00,fruit,20
21,2026-01-08 20:30:00,biryani,110
21,2026-01-09 08:15:00,poha,50
21,2026-01-09 13:30:00,roti_sabzi,60
21,2026-01-09 16:30:00,fruit,20
21,2026-01-09 20:45:00,biryani,110
21,2026-01-10 08:15:00,idli_sambar,45
21,2026-01-10 12:45:00,rajma_rice,100
21,2026-01-10 17:15:00,sweets,40
21,2026-01-10 21:15:00,dal_rice,85
21,2026-01-11 08:00:00,idli_sambar,45
21,2026-01-11 13:45:00,roti_sabzi,60
21,2026-01-11 17:30:00,sweets,40
21,2026-01-11 20:30:00,khichdi,65
21,2026-01-12 08:00:00,idli_sambar,45
21,2026-01-12 13:15:00,dal_rice,90
21,2026-01-12 17:00:00,fruit,20
21,2026-01-12 20:30:00,biryani,110
21,2026-01-13 07:15:00,poha,50
21,2026-01-13 12:30:00,biryani,110
21,2026-01-13 16:15:00,sweets,40
21,2026-01-13 20:30:00,biryani,110
21,2026-01-14 08:15:00,dosa,50
21,2026-01-14 12:30:00,biryani,110
21,2026-01-14 17:15:00,samosa,30
21,2026-01-14 20:30:00,biryani,110
22,2026-01-01 07:30:00,idli_sambar,45
22,2026-01-01 12:45:00,biryani,110
22,2026-01-01 16:15:00,chai_biscuit,25
22,2026-01-01 22:00:00,biryani,110
22,2026-01-02 08:30:00,poha,50
22,2026-01-02 12:45:00,biryani,110
22,2026-01-02 16:45:00,fruit,20
22,2026-01-02 20:00:00,roti_sabzi,60
22,2026-01-03 07:45:00,paratha,55
22,2026-01-03 12:45:00,roti_sabzi,60
22,2026-01-03 17:15:00,fruit,20
22,2026-01-03 20:45:00,khichdi,65
22,2026-01-04 07:45:00,dosa,50
22,2026-01-04 12:45:00,dal_rice,90
22,2026-01-04 17:15:00,sweets,40
22,2026-01-04 20:00:00,roti_sabzi,60
22,2026-01-05 07:45:00,idli_sambar,45
22,2026-01-05 13:15:00,biryani,110
22,2026-01-05 16:15:00,fruit,20
22,2026-01-05 20:15:00,roti_sabzi,60
22,2026-01-06 08:00:00,poha,50
22,2026-01-06 12:30:00,dal_rice,90
22,2026-01-06 17:00:00,fruit,20
22,2026-01-06 20:30:00,khichdi,65
22,2026-01-07 09:15:00,poha,50
22,2026-01-07 12:45:00,biryani,110
22,2026-01-07 16:45:00,samosa,30
22,2026-01-07 20:45:00,khichdi,65
22,2026-01-08 07:45:00,idli_sambar,45
22,2026-01-08 13:15:00,roti_sabzi,60
22,2026-01-08 16:15:00,sweets,40
22,2026-01-08 20:30:00,dal_rice,85
22,2026-01-09 08:45:00,poha,50
22,2026-01-09 13:45:00,rajma_rice,100
22,2026-01-09 16:30:00,sweets,40
22,2026-01-09 20:45:00,roti_sabzi,60
22,2026-01-10 07:45:00,idli_sambar,45
22,2026-01-10 13:45:00,rajma_rice,100
22,2026-01-10 16:30:00,sweets,40
22,2026-01-10 20:15:00,khichdi,65
22,2026-01-11 07:15:00,poha,50
22,2026-01-11 13:30:00,rajma_rice,100
22,2026-01-11 17:30:00,fruit,20
22,2026-01-11 20:30:00,dal_rice,85
22,2026-01-12 08:00:00,dosa,50
22,2026-01-12 13:00:00,biryani,110
22,2026-01-12 17:15:00,sweets,40
22,2026-01-12 20:00:00,khichdi,65
22,2026-01-13 08:00:00,dosa,50
22,2026-01-13 12:30:00,biryani,110
22,2026-01-13 16:30:00,samosa,30
22,2026-01-13 20:15:00,roti_sabzi,60
22,2026-01-14 08:30:00,dosa,50
22,2026-01-14 14:00:00,biryani,110
22,2026-01-14 16:45:00,fruit,20
22,2026-01-14 20:15:00,biryani,110
23,2026-01-01 08:15:00,paratha,55
23,2026-01-01 12:45:00,dal_rice,90
23,2026-01-01 16:45:00,fruit,20
23,2026-01-01 19:45:00,roti_sabzi,60
23,2026-01-02 07:15:00,dosa,50
23,2026-01-02 12:45:00,biryani,110
23,2026-01-02 16:45:00,fruit,20
23,2026-01-02 20:45:00,dal_rice,85
23,2026-01-03 07:15:00,dosa,50
23,2026-01-03 13:00:00,rajma_rice,100
23,2026-01-03 18:15:00,chai_biscuit,25
23,2026-01-03 20:00:00,khichdi,65
23,2026-01-04 08:15:00,dosa,50
23,2026-01-04 12:45:00,biryani,110
23,2026-01-04 16:30:00,chai_biscuit,25
23,2026-01-04 20:30:00,khichdi,65
23,2026-01-05 07:15:00,poha,50
23,2026-01-05 12:45:00,biryani,110
23,2026-01-05 16:45:00,fruit,20
23,2026-01-05 21:00:00,khichdi,65
23,2026-01-06 07:30:00,dosa,50
23,2026-01-06 12:45:00,rajma_rice,100
23,2026-01-06 16:30:00,chai_biscuit,25
23,2026-01-06 21:00:00,dal_rice,85
23,2026-01-07 08:00:00,poha,50
23,2026-01-07 13:00:00,dal_rice,90
23,2026-01-07 16:45:00,samosa,30
23,2026-01-07 20:00:00,roti_sabzi,60
23,2026-01-08 07:15:00,paratha,55
23,2026-01-08 13:15:00,roti_sabzi,60
23,2026-01-08 16:00:00,samosa,30
23,2026-01-08 20:45:00,roti_sabzi,60
23,2026-01-09 07:30:00,idli_sambar,45
23,2026-01-09 13:00:00,dal_rice,90
23,2026-01-09 16:30:00,sweets,40
23,2026-01-09 20:30:00,biryani,110
23,2026-01-10 08:30:00,paratha,55
23,2026-01-10 14:00:00,dal_rice,90
23,2026-01-10 17:00:00,sweets,40
23,2026-01-10 19:15:00,roti_sabzi,60
23,2026-01-11 08:15:00,paratha,55
23,2026-01-11 13:15:00,rajma_rice,100
23,2026-01-11 15:45:00,samosa,30
23,2026-01-11 20:45:00,dal_rice,85
23,2026-01-12 08:00:00,dosa,50
23,2026-01-12 12:45:00,rajma_rice,100
23,2026-01-12 16:30:00,fruit,20
23,2026-01-12 20:00:00,khichdi,65
23,2026-01-13 08:45:00,paratha,55
23,2026-01-13 13:15:00,roti_sabzi,60
23,2026-01-13 16:45:00,sweets,40
23,2026-01-13 20:30:00,khichdi,65
23,2026-01-14 08:45:00,paratha,55
23,2026-01-14 14:00:00,dal_rice,90
23,2026-01-14 15:45:00,chai_biscuit,25
23,2026-01-14 20:00:00,roti_sabzi,60
24,2026-01-01 07:30:00,idli_sambar,45
24,2026-01-01 12:45:00,rajma_rice,100
24,2026-01-01 16:00:00,chai_biscuit,25
24,2026-01-01 20:15:00,dal_rice,85
24,2026-01-02 07:45:00,poha,50
24,2026-01-02 13:30:00,rajma_rice,100
24,2026-01-02 17:45:00,fruit,20
24,2026-01-02 20:30:00,roti_sabzi,60
24,2026-01-03 07:15:00,dosa,50
24,2026-01-03 13:00:00,biryani,110
24,2026-01-03 16:45:00,samosa,30
24,2026-01-03 21:15:00,roti_sabzi,60
24,2026-01-04 07:30:00,dosa,50
24,2026-01-04 12:15:00,rajma_rice,100
24,2026-01-04 17:30:00,fruit,20
24,2026-01-04 21:15:00,khichdi,65
24,2026-01-05 07:30:00,paratha,55
24,2026-01-05 13:00:00,roti_sabzi,60
24,2026-01-05 17:00:00,samosa,30
24,2026-01-05 20:00:00,biryani,110
24,2026-01-06 08:00:00,idli_sambar,45
24,2026-01-06 13:00:00,rajma_rice,100
24,2026-01-06 17:15:00,samosa,30
24,2026-01-06 20:45:00,biryani,110
24,2026-01-07 08:00:00,poha,50
24,2026-01-07 12:00:00,dal_rice,90
24,2026-01-07 17:15:00,fruit,20
24,2026-01-07 20:30:00,biryani,110
24,2026-01-08 08:00:00,paratha,55
24,2026-01-08 13:45:00,biryani,110
24,2026-01-08 17:00:00,samosa,30
24,2026-01-08 20:15:00,dal_rice,85
24,2026-01-09 07:45:00,idli_sambar,45
24,2026-01-09 13:15:00,rajma_rice,100
24,2026-01-09 17:15:00,fruit,20
24,2026-01-09 19:15:00,khichdi,65
24,2026-01-10 08:15:00,idli_sambar,45
24,2026-01-10 12:45:00,rajma_rice,100
24,2026-01-10 16:30:00,fruit,20
24,2026-01-10 20:30:00,biryani,110
24,2026-01-11 08:45:00,idli_sambar,45
24,2026-01-11 13:00:00,dal_rice,90
24,2026-01-11 16:00:00,fruit,20
24,2026-01-11 20:45:00,khichdi,65
24,2026-01-12 08:00:00,paratha,55
24,2026-01-12 13:00:00,dal_rice,90
24,2026-01-12 16:45:00,sweets,40
24,2026-01-12 20:30:00,roti_sabzi,60
24,2026-01-13 08:00:00,paratha,55
24,2026-01-13 12:15:00,dal_rice,90
24,2026-01-13 17:00:00,samosa,30
24,2026-01-13 20:30:00,khichdi,65
24,2026-01-14 08:00:00,poha,50
24,2026-01-14 13:15:00,rajma_rice,100
24,2026-01-14 16:15:00,sweets,40
24,2026-01-14 20:15:00,khichdi,65
25,2026-01-01 07:45:00,paratha,55
25,2026-01-01 13:00:00,dal_rice,90
25,2026-01-01 16:45:00,samosa,30
25,2026-01-01 20:00:00,roti_sabzi,60
25,2026-01-02 07:30:00,idli_sambar,45
25,2026-01-02 13:00:00,rajma_rice,100
25,2026-01-02 16:45:00,sweets,40
25,2026-01-02 20:15:00,dal_rice,85
25,2026-01-03 07:45:00,idli_sambar,45
25,2026-01-03 13:00:00,biryani,110
25,2026-01-03 17:00:00,fruit,20
25,2026-01-03 19:45:00,dal_rice,85
25,2026-01-04 08:30:00,paratha,55
25,2026-01-04 13:15:00,rajma_rice,100
25,2026-01-04 16:30:00,fruit,20
25,2026-01-04 20:00:00,biryani,110
25,2026-01-05 08:00:00,poha,50
25,2026-01-05 13:30:00,rajma_rice,100
25,2026-01-05 16:30:00,fruit,20
25,2026-01-05 20:15:00,dal_rice,85
25,2026-01-06 07:00:00,dosa,50
25,2026-01-06 12:15:00,rajma_rice,100
25,2026-01-06 17:00:00,chai_biscuit,25
25,2026-01-06 20:15:00,biryani,110
25,2026-01-07 07:30:00,paratha,55
25,2026-01-07 12:30:00,biryani,110
25,2026-01-07 16:00:00,chai_biscuit,25
25,2026-01-07 20:30:00,roti_sabzi,60
25,2026-01-08 08:00:00,poha,50
25,2026-01-08 13:45:00,biryani,110
25,2026-01-08 17:45:00,fruit,20
25,2026-01-08 20:30:00,khichdi,65
25,2026-01-09 08:00:00,dosa,50
25,2026-01-09 11:45:00,roti_sabzi,60
25,2026-01-09 16:45:00,fruit,20
25,2026-01-09 20:45:00,khichdi,65
25,2026-01-10 08:00:00,dosa,50
25,2026-01-10 13:00:00,rajma_rice,100
25,2026-01-10 16:45:00,chai_biscuit,25
25,2026-01-10 20:15:00,dal_rice,85
25,2026-01-11 08:15:00,poha,50
25,2026-01-11 12:30:00,dal_rice,90
25,2026-01-11 17:15:00,sweets,40
25,2026-01-11 20:15:00,dal_rice,85
25,2026-01-12 08:00:00,paratha,55
25,2026-01-12 13:30:00,rajma_rice,100
25,2026-01-12 16:30:00,samosa,30
25,2026-01-12 20:15:00,dal_rice,85
25,2026-01-13 06:45:00,idli_sambar,45
25,2026-01-13 13:00:00,biryani,110
25,2026-01-13 17:00:00,fruit,20
25,2026-01-13 19:45:00,khichdi,65
25,2026-01-14 07:45:00,idli_sambar,45
25,2026-01-14 13:15:00,biryani,110
25,2026-01-14 17:15:00,fruit,20
25,2026-01-14 20:15:00,roti_sabzi,60
26,2026-01-01 06:45:00,idli_sambar,45
26,2026-01-01 12:45:00,roti_sabzi,60
26,2026-01-01 17:15:00,samosa,30
26,2026-01-01 21:15:00,biryani,110
26,2026-01-02 07:45:00,dosa,50
26,2026-01-02 12:30:00,dal_rice,90
26,2026-01-02 16:00:00,chai_biscuit,25
26,2026-01-02 20:15:00,khichdi,65
26,2026-01-03 08:15:00,idli_sambar,45
26,2026-01-03 12:00:00,dal_rice,90
26,2026-01-03 16:30:00,sweets,40
26,2026-01-03 21:15:00,biryani,110
26,2026-01-04 08:15:00,dosa,50
26,2026-01-04 13:00:00,rajma_rice,100
26,2026-01-04 16:45:00,fruit,20
26,2026-01-04 19:45:00,dal_rice,85
26,2026-01-05 08:00:00,dosa,50
26,2026-01-05 12:45:00,biryani,110
26,2026-01-05 16:15:00,fruit,20
26,2026-01-05 20:15:00,biryani,110
26,2026-01-06 06:45:00,dosa,50
26,2026-01-06 12:15:00,rajma_rice,100
26,2026-01-06 16:15:00,sweets,40
26,2026-01-06 19:30:00,dal_rice,85
26,2026-01-07 08:30:00,idli_sambar,45
26,2026-01-07 12:30:00,biryani,110
26,2026-01-07 17:15:00,samosa,30
26,2026-01-07 20:30:00,khichdi,65
26,2026-01-08 08:15:00,dosa,50
26,2026-01-08 12:45:00,roti_sabzi,60
26,2026-01-08 16:30:00,fruit,20
26,2026-01-08 20:00:00,roti_sabzi,60
26,2026-01-09 07:45:00,idli_sambar,45
26,2026-01-09 13:00:00,dal_rice,90
26,2026-01-09 16:15:00,sweets,40
26,2026-01-09 20:15:00,khichdi,65
26,2026-01-10 07:15:00,dosa,50
26,2026-01-10 13:15:00,biryani,110
26,2026-01-10 17:00:00,samosa,30
26,2026-01-10 21:00:00,khichdi,65
26,2026-01-11 08:45:00,paratha,55
26,2026-01-11 12:15:00,dal_rice,90
26,2026-01-11 16:30:00,sweets,40
26,2026-01-11 20:30:00,roti_sabzi,60
26,2026-01-12 08:00:00,dosa,50
26,2026-01-12 12:30:00,biryani,110
26,2026-01-12 17:45:00,sweets,40
26,2026-01-12 20:30:00,khichdi,65
26,2026-01-13 07:45:00,poha,50
26,2026-01-13 13:00:00,biryani,110
26,2026-01-13 17:15:00,fruit,20
26,2026-01-13 20:30:00,biryani,110
26,2026-01-14 08:30:00,paratha,55
26,2026-01-14 13:15:00,roti_sabzi,60
26,2026-01-14 17:45:00,sweets,40
26,2026-01-14 20:45:00,roti_sabzi,60
27,2026-01-01 08:30:00,poha,50
27,2026-01-01 13:30:00,biryani,110
27,2026-01-01 16:45:00,sweets,40
27,2026-01-01 20:15:00,roti_sabzi,60
27,2026-01-02 08:15:00,idli_sambar,45
27,2026-01-02 12:45:00,rajma_rice,100
27,2026-01-02 16:45:00,sweets,40
27,2026-01-02 20:00:00,roti_sabzi,60
27,2026-01-03 07:45:00,poha,50
27,2026-01-03 12:45:00,roti_sabzi,60
27,2026-01-03 16:45:00,chai_biscuit,25
27,2026-01-03 21:00:00,khichdi,65
27,2026-01-04 07:15:00,dosa,50
27,2026-01-04 13:30:00,roti_sabzi,60
27,2026-01-04 17:00:00,fruit,20
27,2026-01-04 20:30:00,dal_rice,85
27,2026-01-05 07:00:00,poha,50
27,2026-01-05 12:00:00,roti_sabzi,60
27,2026-01-05 16:45:00,sweets,40
27,2026-01-05 20:15:00,dal_rice,85
27,2026-01-06 08:30:00,paratha,55
27,2026-01-06 13:30:00,roti_sabzi,60
27,2026-01-06 16:45:00,samosa,30
27,2026-01-06 21:00:00,biryani,110
27,2026-01-07 08:15:00,paratha,55
27,2026-01-07 12:30:00,dal_rice,90
27,2026-01-07 17:45:00,sweets,40
27,2026-01-07 21:00:00,dal_rice,85
27,2026-01-08 07:15:00,paratha,55
27,2026-01-08 13:00:00,rajma_rice,100
27,2026-01-08 17:00:00,chai_biscuit,25
27,2026-01-08 21:15:00,biryani,110
27,2026-01-09 08:15:00,idli_sambar,45
27,2026-01-09 12:45:00,biryani,110
27,2026-01-09 16:45:00,samosa,30
27,2026-01-09 19:30:00,dal_rice,85
27,2026-01-10 08:15:00,poha,50
27,2026-01-10 13:00:00,rajma_rice,100
27,2026-01-10 16:15:00,chai_biscuit,25
27,2026-01-10 20:00:00,biryani,110
27,2026-01-11 08:00:00,idli_sambar,45
27,2026-01-11 13:00:00,dal_rice,90
27,2026-01-11 17:15:00,samosa,30
27,2026-01-11 19:45:00,biryani,110
27,2026-01-12 07:45:00,poha,50
27,2026-01-12 13:15:00,dal_rice,90
27,2026-01-12 17:00:00,fruit,20
27,2026-01-12 20:00:00,biryani,110
27,2026-01-13 08:15:00,poha,50
27,2026-01-13 12:30:00,rajma_rice,100
27,2026-01-13 17:30:00,fruit,20
27,2026-01-13 20:00:00,khichdi,65
27,2026-01-14 08:15:00,poha,50
27,2026-01-14 12:45:00,biryani,110
27,2026-01-14 16:15:00,chai_biscuit,25
27,2026-01-14 19:30:00,roti_sabzi,60
28,2026-01-01 07:30:00,dosa,50
28,2026-01-01 12:15:00,dal_rice,90
28,2026-01-01 16:00:00,chai_biscuit,25
28,2026-01-01 19:30:00,biryani,110
28,2026-01-02 07:15:00,poha,50
28,2026-01-02 13:15:00,rajma_rice,100
28,2026-01-02 16:45:00,samosa,30
28,2026-01-02 20:00:00,biryani,110
28,2026-01-03 07:30:00,dosa,50
28,2026-01-03 13:15:00,dal_rice,90
28,2026-01-03 18:00:00,chai_biscuit,25
28,2026-01-03 21:15:00,khichdi,65
28,2026-01-04 09:00:00,poha,50
28,2026-01-04 12:30:00,rajma_rice,100
28,2026-01-04 17:00:00,fruit,20
28,2026-01-04 19:45:00,khichdi,65
28,2026-01-05 08:45:00,poha,50
28,2026-01-05 12:45:00,dal_rice,90
28,2026-01-05 17:00:00,samosa,30
28,2026-01-05 20:15:00,roti_sabzi,60
28,2026-01-06 08:30:00,dosa,50
28,2026-01-06 12:45:00,roti_sabzi,60
28,2026-01-06 16:00:00,chai_biscuit,25
28,2026-01-06 20:15:00,roti_sabzi,60
28,2026-01-07 08:15:00,paratha,55
28,2026-01-07 13:30:00,dal_rice,90
28,2026-01-07 16:30:00,sweets,40
28,2026-01-07 20:30:00,khichdi,65
28,2026-01-08 08:45:00,dosa,50
28,2026-01-08 11:45:00,rajma_rice,100
28,2026-01-08 18:00:00,sweets,40
28,2026-01-08 19:30:00,roti_sabzi,60
28,2026-01-09 07:15:00,dosa,50
28,2026-01-09 13:00:00,dal_rice,90
28,2026-01-09 17:30:00,sweets,40
28,2026-01-09 20:15:00,khichdi,65
28,2026-01-10 08:00:00,dosa,50
28,2026-01-10 13:30:00,biryani,110
28,2026-01-10 16:45:00,fruit,20
28,2026-01-10 21:00:00,khichdi,65
28,2026-01-11 08:00:00,poha,50
28,2026-01-11 12:15:00,rajma_rice,100
28,2026-01-11 16:30:00,sweets,40
28,2026-01-11 20:30:00,biryani,110
28,2026-01-12 08:15:00,idli_sambar,45
28,2026-01-12 12:30:00,biryani,110
28,2026-01-12 18:30:00,chai_biscuit,25
28,2026-01-12 20:30:00,roti_sabzi,60
28,2026-01-13 07:15:00,poha,50
28,2026-01-13 12:45:00,roti_sabzi,60
28,2026-01-13 17:00:00,chai_biscuit,25
28,2026-01-13 20:00:00,khichdi,65
28,2026-01-14 07:15:00,dosa,50
28,2026-01-14 12:45:00,dal_rice,90
28,2026-01-14 17:30:00,sweets,40
28,2026-01-14 20:30:00,khichdi,65
29,2026-01-01 07:15:00,paratha,55
29,2026-01-01 12:30:00,rajma_rice,100
29,2026-01-01 17:00:00,fruit,20
29,2026-01-01 19:00:00,khichdi,65
29,2026-01-02 08:00:00,idli_sambar,45
29,2026-01-02 12:30:00,biryani,110
29,2026-01-02 17:00:00,chai_biscuit,25
29,2026-01-02 19:30:00,roti_sabzi,60
29,2026-01-03 08:45:00,poha,50
29,2026-01-03 13:30:00,dal_rice,90
29,2026-01-03 16:45:00,sweets,40
29,2026-01-03 20:45:00,dal_rice,85
29,2026-01-04 08:00:00,idli_sambar,45
29,2026-01-04 12:15:00,biryani,110
29,2026-01-04 16:15:00,fruit,20
29,2026-01-04 20:00:00,roti_sabzi,60
29,2026-01-05 08:45:00,dosa,50
29,2026-01-05 12:30:00,dal_rice,90
29,2026-01-05 16:30:00,chai_biscuit,25
29,2026-01-05 20:15:00,dal_rice,85
29,2026-01-06 08:30:00,poha,50
29,2026-01-06 13:15:00,dal_rice,90
29,2026-01-06 17:00:00,samosa,30
29,2026-01-06 21:00:00,khichdi,65
29,2026-01-07 07:45:00,paratha,55
29,2026-01-07 12:45:00,biryani,110
29,2026-01-07 17:00:00,fruit,20
29,2026-01-07 20:45:00,biryani,110
29,2026-01-08 08:15:00,poha,50
29,2026-01-08 14:15:00,roti_sabzi,60
29,2026-01-08 16:30:00,fruit,20
29,2026-01-08 20:45:00,biryani,110
29,2026-01-09 07:00:00,dosa,50
29,2026-01-09 13:30:00,biryani,110
29,2026-01-09 16:45:00,chai_biscuit,25
29,2026-01-09 20:00:00,khichdi,65
29,2026-01-10 08:30:00,poha,50
29,2026-01-10 12:30:00,rajma_rice,100
29,2026-01-10 17:45:00,chai_biscuit,25
29,2026-01-10 19:15:00,roti_sabzi,60
29,2026-01-11 06:45:00,paratha,55
29,2026-01-11 13:00:00,biryani,110
29,2026-01-11 17:30:00,samosa,30
29,2026-01-11 20:15:00,biryani,110
29,2026-01-12 08:00:00,poha,50
29,2026-01-12 13:15:00,roti_sabzi,60
29,2026-01-12 16:30:00,chai_biscuit,25
29,2026-01-12 20:45:00,khichdi,65
29,2026-01-13 08:45:00,poha,50
29,2026-01-13 12:45:00,roti_sabzi,60
29,2026-01-13 17:15:00,chai_biscuit,25
29,2026-01-13 20:30:00,biryani,110
29,2026-01-14 07:45:00,dosa,50
29,2026-01-14 12:45:00,rajma_rice,100
29,2026-01-14 16:00:00,chai_biscuit,25
29,2026-01-14 20:45:00,khichdi,65
30,2026-01-01 07:45:00,idli_sambar,45
30,2026-01-01 12:30:00,roti_sabzi,60
30,2026-01-01 16:30:00,chai_biscuit,25
30,2026-01-01 19:45:00,biryani,110
30,2026-01-02 07:15:00,poha,50
30,2026-01-02 12:45:00,dal_rice,90
30,2026-01-02 17:00:00,samosa,30
30,2026-01-02 20:30:00,roti_sabzi,60
30,2026-01-03 07:45:00,dosa,50
30,2026-01-03 13:00:00,dal_rice,90
30,2026-01-03 16:30:00,chai_biscuit,25
30,2026-01-03 20:15:00,dal_rice,85
30,2026-01-04 08:00:00,dosa,50
30,2026-01-04 13:00:00,biryani,110
30,2026-01-04 16:45:00,chai_biscuit,25
30,2026-01-04 20:30:00,roti_sabzi,60
30,2026-01-05 07:45:00,poha,50
30,2026-01-05 13:30:00,dal_rice,90
30,2026-01-05 17:15:00,sweets,40
30,2026-01-05 20:00:00,roti_sabzi,60
30,2026-01-06 08:00:00,idli_sambar,45
30,2026-01-06 13:15:00,dal_rice,90
30,2026-01-06 17:15:00,chai_biscuit,25
30,2026-01-06 19:45:00,dal_rice,85
30,2026-01-07 08:15:00,poha,50
30,2026-01-07 12:15:00,roti_sabzi,60
30,2026-01-07 16:30:00,chai_biscuit,25
30,2026-01-07 20:30:00,khichdi,65
30,2026-01-08 07:30:00,idli_sambar,45
30,2026-01-08 13:15:00,biryani,110
30,2026-01-08 17:30:00,chai_biscuit,25
30,2026-01-08 20:00:00,roti_sabzi,60
30,2026-01-09 08:00:00,poha,50
30,2026-01-09 12:15:00,dal_rice,90
30,2026-01-09 16:15:00,chai_biscuit,25
30,2026-01-09 21:30:00,khichdi,65
30,2026-01-10 07:45:00,paratha,55
30,2026-01-10 12:30:00,biryani,110
30,2026-01-10 16:30:00,sweets,40
30,2026-01-10 20:15:00,khichdi,65
30,2026-01-11 09:00:00,idli_sambar,45
30,2026-01-11 12:15:00,dal_rice,90
30,2026-01-11 17:00:00,samosa,30
30,2026-01-11 20:15:00,khichdi,65
30,2026-01-12 06:45:00,poha,50
30,2026-01-12 13:30:00,roti_sabzi,60
30,2026-01-12 16:30:00,samosa,30
30,2026-01-12 21:15:00,khichdi,65
30,2026-01-13 08:30:00,dosa,50
30,2026-01-13 12:00:00,biryani,110
30,2026-01-13 17:30:00,fruit,20
30,2026-01-13 20:45:00,khichdi,65
30,2026-01-14 07:00:00,poha,50
30,2026-01-14 13:15:00,roti_sabzi,60
30,2026-01-14 16:45:00,samosa,30
30,2026-01-14 20:30:00,khichdi,65
31,2026-01-01 07:45:00,dosa,50
31,2026-01-01 13:00:00,dal_rice,90
31,2026-01-01 17:00:00,sweets,40
31,2026-01-01 21:00:00,khichdi,65
31,2026-01-02 08:15:00,poha,50
31,2026-01-02 12:30:00,roti_sabzi,60
31,2026-01-02 17:15:00,samosa,30
31,2026-01-02 20:00:00,khichdi,65
31,2026-01-03 07:30:00,paratha,55
31,2026-01-03 12:45:00,biryani,110
31,2026-01-03 16:45:00,samosa,30
31,2026-01-03 19:45:00,khichdi,65
31,2026-01-04 07:15:00,paratha,55
31,2026-01-04 12:45:00,rajma_rice,100
31,2026-01-04 16:15:00,fruit,20
31,2026-01-04 21:15:00,roti_sabzi,60
31,2026-01-05 07:45:00,dosa,50
31,2026-01-05 12:00:00,dal_rice,90
31,2026-01-05 16:45:00,fruit,20
31,2026-01-05 20:30:00,dal_rice,85
31,2026-01-06 08:30:00,dosa,50
31,2026-01-06 12:45:00,rajma_rice,100
31,2026-01-06 17:00:00,fruit,20
31,2026-01-06 20:30:00,dal_rice,85
31,2026-01-07 08:00:00,poha,50
31,2026-01-07 13:15:00,biryani,110
31,2026-01-07 17:30:00,samosa,30
31,2026-01-07 20:30:00,biryani,110
31,2026-01-08 08:00:00,paratha,55
31,2026-01-08 13:00:00,biryani,110
31,2026-01-08 16:15:00,samosa,30
31,2026-01-08 20:45:00,biryani,110
31,2026-01-09 08:30:00,paratha,55
31,2026-01-09 13:00:00,dal_rice,90
31,2026-01-09 18:00:00,fruit,20
31,2026-01-09 19:30:00,dal_rice,85
31,2026-01-10 08:15:00,poha,50
31,2026-01-10 12:15:00,rajma_rice,100
31,2026-01-10 16:30:00,sweets,40
31,2026-01-10 19:30:00,roti_sabzi,60
31,2026-01-11 08:00:00,paratha,55
31,2026-01-11 12:30:00,rajma_rice,100
31,2026-01-11 16:30:00,samosa,30
31,2026-01-11 20:15:00,khichdi,65
31,2026-01-12 08:15:00,idli_sambar,45
31,2026-01-12 13:00:00,biryani,110
31,2026-01-12 16:15:00,fruit,20
31,2026-01-12 20:45:00,biryani,110
31,2026-01-13 07:00:00,poha,50
31,2026-01-13 11:45:00,biryani,110
31,2026-01-13 17:00:00,samosa,30
31,2026-01-13 19:00:00,roti_sabzi,60
31,2026-01-14 08:15:00,idli_sambar,45
31,2026-01-14 13:30:00,dal_rice,90
31,2026-01-14 17:30:00,sweets,40
31,2026-01-14 20:15:00,dal_rice,85
32,2026-01-01 08:00:00,poha,50
32,2026-01-01 13:00:00,biryani,110
32,2026-01-01 17:00:00,sweets,40
32,2026-01-01 20:30:00,roti_sabzi,60
32,2026-01-02 08:15:00,dosa,50
32,2026-01-02 13:30:00,rajma_rice,100
32,2026-01-02 16:15:00,chai_biscuit,25
32,2026-01-02 21:00:00,roti_sabzi,60
32,2026-01-03 08:15:00,paratha,55
32,2026-01-03 13:00:00,rajma_rice,100
32,2026-01-03 16:45:00,chai_biscuit,25
32,2026-01-03 21:15:00,roti_sabzi,60
32,2026-01-04 08:30:00,idli_sambar,45
32,2026-01-04 14:30:00,rajma_rice,100
32,2026-01-04 17:15:00,sweets,40
32,2026-01-04 20:15:00,biryani,110
32,2026-01-05 08:45:00,dosa,50
32,2026-01-05 12:45:00,dal_rice,90
32,2026-01-05 17:30:00,fruit,20
32,2026-01-05 20:30:00,dal_rice,85
32,2026-01-06 07:30:00,poha,50
32,2026-01-06 13:00:00,dal_rice,90
32,2026-01-06 16:45:00,samosa,30
32,2026-01-06 20:45:00,dal_rice,85
32,2026-01-07 07:30:00,idli_sambar,45
32,2026-01-07 12:15:00,rajma_rice,100
32,2026-01-07 17:15:00,fruit,20
32,2026-01-07 21:00:00,dal_rice,85
32,2026-01-08 07:45:00,idli_sambar,45
32,2026-01-08 13:00:00,rajma_rice,100
32,2026-01-08 16:00:00,samosa,30
32,2026-01-08 21:15:00,biryani,110
32,2026-01-09 07:15:00,dosa,50
32,2026-01-09 13:30:00,roti_sabzi,60
32,2026-01-09 16:15:00,fruit,20
32,2026-01-09 21:00:00,biryani,110
32,2026-01-10 08:00:00,idli_sambar,45
32,2026-01-10 12:45:00,rajma_rice,100
32,2026-01-10 17:15:00,samosa,30
32,2026-01-10 20:00:00,khichdi,65
32,2026-01-11 07:45:00,paratha,55
32,2026-01-11 13:15:00,biryani,110
32,2026-01-11 17:00:00,sweets,40
32,2026-01-11 20:30:00,biryani,110
32,2026-01-12 07:45:00,paratha,55
32,2026-01-12 12:45:00,roti_sabzi,60
32,2026-01-12 17:15:00,fruit,20
32,2026-01-12 20:00:00,roti_sabzi,60
32,2026-01-13 07:45:00,dosa,50
32,2026-01-13 12:30:00,biryani,110
32,2026-01-13 17:15:00,sweets,40
32,2026-01-13 20:15:00,biryani,110
32,2026-01-14 07:30:00,poha,50
32,2026-01-14 12:30:00,biryani,110
32,2026-01-14 16:45:00,sweets,40
32,2026-01-14 20:00:00,dal_rice,85
33,2026-01-01 08:45:00,idli_sambar,45
33,2026-01-01 12:45:00,biryani,110
33,2026-01-01 17:15:00,samosa,30
33,2026-01-01 19:45:00,dal_rice,85
33,2026-01-02 08:30:00,idli_sambar,45
33,2026-01-02 14:00:00,dal_rice,90
33,2026-01-02 16:45:00,chai_biscuit,25
33,2026-01-02 21:00:00,biryani,110
33,2026-01-03 07:30:00,paratha,55
33,2026-01-03 13:15:00,dal_rice,90
33,2026-01-03 16:00:00,sweets,40
33,2026-01-03 20:45:00,khichdi,65
33,2026-01-04 07:15:00,dosa,50
33,2026-01-04 12:15:00,roti_sabzi,60
33,2026-01-04 17:15:00,chai_biscuit,25
33,2026-01-04 19:45:00,biryani,110
33,2026-01-05 08:15:00,poha,50
33,2026-01-05 13:30:00,rajma_rice,100
33,2026-01-05 17:00:00,fruit,20
33,2026-01-05 20:45:00,khichdi,65
33,2026-01-06 07:45:00,dosa,50
33,2026-01-06 13:00:00,biryani,110
33,2026-01-06 16:45:00,sweets,40
33,2026-01-06 19:45:00,dal_rice,85
33,2026-01-07 09:15:00,paratha,55
33,2026-01-07 13:00:00,rajma_rice,100
33,2026-01-07 16:45:00,fruit,20
33,2026-01-07 19:45:00,khichdi,65
33,2026-01-08 08:15:00,poha,50
33,2026-01-08 12:15:00,dal_rice,90
33,2026-01-08 17:00:00,samosa,30
33,2026-01-08 20:00:00,biryani,110
33,2026-01-09 08:00:00,poha,50
33,2026-01-09 12:30:00,dal_rice,90
33,2026-01-09 17:15:00,sweets,40
33,2026-01-09 20:30:00,dal_rice,85
33,2026-01-10 07:30:00,idli_sambar,45
33,2026-01-10 12:30:00,dal_rice,90
33,2026-01-10 17:00:00,chai_biscuit,25
33,2026-01-10 20:45:00,roti_sabzi,60
33,2026-01-11 07:30:00,idli_sambar,45
33,2026-01-11 12:30:00,roti_sabzi,60
33,2026-01-11 16:30:00,chai_biscuit,25
33,2026-01-11 21:00:00,khichdi,65
33,2026-01-12 07:15:00,dosa,50
33,2026-01-12 12:30:00,dal_rice,90
33,2026-01-12 17:45:00,samosa,30
33,2026-01-12 20:00:00,khichdi,65
33,2026-01-13 08:00:00,paratha,55
33,2026-01-13 13:30:00,rajma_rice,100
33,2026-01-13 17:30:00,fruit,20
33,2026-01-13 20:30:00,roti_sabzi,60
33,2026-01-14 07:30:00,poha,50
33,2026-01-14 13:15:00,roti_sabzi,60
33,2026-01-14 17:15:00,sweets,40
33,2026-01-14 20:45:00,dal_rice,85
34,2026-01-01 08:00:00,idli_sambar,45
34,2026-01-01 12:30:00,rajma_rice,100
34,2026-01-01 16:45:00,fruit,20
34,2026-01-01 20:00:00,biryani,110
34,2026-01-02 07:45:00,poha,50
34,2026-01-02 12:30:00,roti_sabzi,60
34,2026-01-02 16:00:00,chai_biscuit,25
34,2026-01-02 20:15:00,roti_sabzi,60
34,2026-01-03 08:30:00,paratha,55
34,2026-01-03 12:30:00,rajma_rice,100
34,2026-01-03 16:30:00,chai_biscuit,25
34,2026-01-03 19:15:00,khichdi,65
34,2026-01-04 08:30:00,idli_sambar,45
34,2026-01-04 13:15:00,rajma_rice,100
34,2026-01-04 17:30:00,fruit,20
34,2026-01-04 19:45:00,biryani,110
34,2026-01-05 08:30:00,dosa,50
34,2026-01-05 11:45:00,dal_rice,90
34,2026-01-05 17:45:00,chai_biscuit,25
34,2026-01-05 20:15:00,khichdi,65
34,2026-01-06 07:45:00,paratha,55
34,2026-01-06 12:00:00,biryani,110
34,2026-01-06 17:15:00,fruit,20
34,2026-01-06 20:00:00,khichdi,65
34,2026-01-07 08:45:00,poha,50
34,2026-01-07 12:45:00,rajma_rice,100
34,2026-01-07 16:15:00,fruit,20
34,2026-01-07 20:15:00,roti_sabzi,60
34,2026-01-08 08:00:00,idli_sambar,45
34,2026-01-08 12:30:00,dal_rice,90
34,2026-01-08 18:00:00,fruit,20
34,2026-01-08 21:15:00,dal_rice,85
34,2026-01-09 07:30:00,dosa,50
34,2026-01-09 12:15:00,dal_rice,90
34,2026-01-09 17:45:00,chai_biscuit,25
34,2026-01-09 20:30:00,roti_sabzi,60
34,2026-01-10 08:00:00,poha,50
34,2026-01-10 12:45:00,rajma_rice,100
34,2026-01-10 16:45:00,sweets,40
34,2026-01-10 20:45:00,khichdi,65
34,2026-01-11 07:45:00,poha,50
34,2026-01-11 13:00:00,roti_sabzi,60
34,2026-01-11 16:30:00,sweets,40
34,2026-01-11 20:00:00,khichdi,65
34,2026-01-12 07:45:00,idli_sambar,45
34,2026-01-12 13:45:00,rajma_rice,100
34,2026-01-12 17:15:00,chai_biscuit,25
34,2026-01-12 19:30:00,biryani,110
34,2026-01-13 07:45:00,poha,50
34,2026-01-13 12:15:00,dal_rice,90
34,2026-01-13 16:00:00,fruit,20
34,2026-01-13 20:15:00,roti_sabzi,60
34,2026-01-14 07:45:00,dosa,50
34,2026-01-14 12:45:00,rajma_rice,100
34,2026-01-14 17:15:00,fruit,20
34,2026-01-14 21:15:00,biryani,110
35,2026-01-01 07:30:00,idli_sambar,45
35,2026-01-01 13:00:00,biryani,110
35,2026-01-01 16:45:00,sweets,40
35,2026-01-01 21:00:00,khichdi,65
35,2026-01-02 08:00:00,dosa,50
35,2026-01-02 13:15:00,rajma_rice,100
35,2026-01-02 17:30:00,sweets,40
35,2026-01-02 20:15:00,roti_sabzi,60
35,2026-01-03 08:45:00,dosa,50
35,2026-01-03 13:15:00,biryani,110
35,2026-01-03 16:15:00,chai_biscuit,25
35,2026-01-03 20:30:00,roti_sabzi,60
35,2026-01-04 08:15:00,paratha,55
35,2026-01-04 12:15:00,rajma_rice,100
35,2026-01-04 17:15:00,samosa,30
35,2026-01-04 20:30:00,dal_rice,85
35,2026-01-05 07:00:00,idli_sambar,45
35,2026-01-05 13:00:00,biryani,110
35,2026-01-05 17:15:00,fruit,20
35,2026-01-05 20:00:00,biryani,110
35,2026-01-06 07:45:00,dosa,50
35,2026-01-06 11:45:00,rajma_rice,100
35,2026-01-06 16:15:00,sweets,40
35,2026-01-06 20:15:00,roti_sabzi,60
35,2026-01-07 07:45:00,poha,50
35,2026-01-07 12:00:00,rajma_rice,100
35,2026-01-07 16:00:00,sweets,40
35,2026-01-07 20:30:00,roti_sabzi,60
35,2026-01-08 07:00:00,poha,50
35,2026-01-08 12:45:00,rajma_rice,100
35,2026-01-08 16:30:00,fruit,20
35,2026-01-08 20:45:00,biryani,110
35,2026-01-09 08:15:00,paratha,55
35,2026-01-09 12:00:00,dal_rice,90
35,2026-01-09 17:30:00,samosa,30
35,2026-01-09 21:15:00,biryani,110
35,2026-01-10 08:15:00,dosa,50
35,2026-01-10 13:00:00,dal_rice,90
35,2026-01-10 17:45:00,samosa,30
35,2026-01-10 19:45:00,roti_sabzi,60
35,2026-01-11 07:45:00,dosa,50
35,2026-01-11 13:00:00,biryani,110
35,2026-01-11 16:45:00,sweets,40
35,2026-01-11 21:00:00,roti_sabzi,60
35,2026-01-12 08:00:00,poha,50
35,2026-01-12 13:00:00,rajma_rice,100
35,2026-01-12 16:45:00,sweets,40
35,2026-01-12 20:15:00,roti_sabzi,60
35,2026-01-13 08:00:00,idli_sambar,45
35,2026-01-13 12:30:00,dal_rice,90
35,2026-01-13 16:30:00,chai_biscuit,25
35,2026-01-13 21:30:00,biryani,110
35,2026-01-14 07:45:00,idli_sambar,45
35,2026-01-14 13:00:00,rajma_rice,100
35,2026-01-14 16:00:00,chai_biscuit,25
35,2026-01-14 20:00:00,dal_rice,85
36,2026-01-01 07:45:00,paratha,55
36,2026-01-01 13:00:00,biryani,110
36,2026-01-01 16:00:00,samosa,30
36,2026-01-01 20:30:00,roti_sabzi,60
36,2026-01-02 08:30:00,dosa,50
36,2026-01-02 13:00:00,rajma_rice,100
36,2026-01-02 16:45:00,sweets,40
36,2026-01-02 21:00:00,roti_sabzi,60
36,2026-01-03 07:30:00,dosa,50
36,2026-01-03 12:30:00,biryani,110
36,2026-01-03 16:30:00,sweets,40
36,2026-01-03 21:00:00,biryani,110
36,2026-01-04 08:15:00,dosa,50
36,2026-01-04 12:45:00,biryani,110
36,2026-01-04 16:30:00,chai_biscuit,25
36,2026-01-04 20:45:00,dal_rice,85
36,2026-01-05 08:45:00,dosa,50
36,2026-01-05 13:15:00,rajma_rice,100
36,2026-01-05 16:30:00,samosa,30
36,2026-01-05 20:30:00,roti_sabzi,60
36,2026-01-06 07:30:00,idli_sambar,45
36,2026-01-06 13:15:00,dal_rice,90
36,2026-01-06 16:45:00,samosa,30
36,2026-01-06 20:15:00,khichdi,65
36,2026-01-07 07:45:00,dosa,50
36,2026-01-07 13:30:00,biryani,110
36,2026-01-07 17:15:00,chai_biscuit,25
36,2026-01-07 20:30:00,biryani,110
36,2026-01-08 08:45:00,idli_sambar,45
36,2026-01-08 13:30:00,rajma_rice,100
36,2026-01-08 17:45:00,sweets,40
36,2026-01-08 21:00:00,roti_sabzi,60
36,2026-01-09 07:45:00,idli_sambar,45
36,2026-01-09 12:30:00,biryani,110
36,2026-01-09 16:30:00,sweets,40
36,2026-01-09 20:30:00,biryani,110
36,2026-01-10 07:15:00,dosa,50
36,2026-01-10 12:45:00,dal_rice,90
36,2026-01-10 17:30:00,chai_biscuit,25
36,2026-01-10 20:45:00,biryani,110
36,2026-01-11 07:30:00,paratha,55
36,2026-01-11 13:00:00,biryani,110
36,2026-01-11 16:30:00,chai_biscuit,25
36,2026-01-11 20:30:00,dal_rice,85
36,2026-01-12 07:45:00,paratha,55
36,2026-01-12 13:30:00,rajma_rice,100
36,2026-01-12 17:00:00,chai_biscuit,25
36,2026-01-12 20:00:00,biryani,110
36,2026-01-13 07:45:00,poha,50
36,2026-01-13 12:15:00,rajma_rice,100
36,2026-01-13 17:30:00,samosa,30
36,2026-01-13 19:45:00,dal_rice,85
36,2026-01-14 08:15:00,dosa,50
36,2026-01-14 12:00:00,biryani,110
36,2026-01-14 17:00:00,chai_biscuit,25
36,2026-01-14 20:00:00,roti_sabzi,60
37,2026-01-01 07:00:00,idli_sambar,45
37,2026-01-01 12:30:00,dal_rice,90
37,2026-01-01 17:00:00,sweets,40
37,2026-01-01 20:45:00,khichdi,65
37,2026-01-02 07:15:00,poha,50
37,2026-01-02 13:00:00,rajma_rice,100
37,2026-01-02 16:15:00,samosa,30
37,2026-01-02 20:00:00,khichdi,65
37,2026-01-03 07:00:00,idli_sambar,45
37,2026-01-03 13:45:00,biryani,110
37,2026-01-03 17:00:00,chai_biscuit,25
37,2026-01-03 19:45:00,dal_rice,85
37,2026-01-04 07:00:00,poha,50
37,2026-01-04 12:45:00,biryani,110
37,2026-01-04 17:15:00,chai_biscuit,25
37,2026-01-04 20:15:00,khichdi,65
37,2026-01-05 08:30:00,paratha,55
37,2026-01-05 14:00:00,rajma_rice,100
37,2026-01-05 15:30:00,fruit,20
37,2026-01-05 20:45:00,biryani,110
37,2026-01-06 08:15:00,idli_sambar,45
37,2026-01-06 13:30:00,biryani,110
37,2026-01-06 16:45:00,chai_biscuit,25
37,2026-01-06 19:30:00,khichdi,65
37,2026-01-07 08:15:00,poha,50
37,2026-01-07 13:15:00,rajma_rice,100
37,2026-01-07 17:30:00,samosa,30
37,2026-01-07 21:00:00,khichdi,65
37,2026-01-08 08:15:00,idli_sambar,45
37,2026-01-08 12:00:00,dal_rice,90
37,2026-01-08 16:15:00,chai_biscuit,25
37,2026-01-08 20:30:00,roti_sabzi,60
37,2026-01-09 07:45:00,poha,50
37,2026-01-09 12:15:00,roti_sabzi,60
37,2026-01-09 17:45:00,sweets,40
37,2026-01-09 21:00:00,roti_sabzi,60
37,2026-01-10 08:45:00,poha,50
37,2026-01-10 12:30:00,rajma_rice,100
37,2026-01-10 17:30:00,sweets,40
37,2026-01-10 20:30:00,khichdi,65
37,2026-01-11 08:15:00,idli_sambar,45
37,2026-01-11 12:45:00,roti_sabzi,60
37,2026-01-11 16:30:00,sweets,40
37,2026-01-11 20:45:00,dal_rice,85
37,2026-01-12 07:45:00,poha,50
37,2026-01-12 13:30:00,rajma_rice,100
37,2026-01-12 16:15:00,chai_biscuit,25
37,2026-01-12 21:15:00,dal_rice,85
37,2026-01-13 07:30:00,dosa,50
37,2026-01-13 12:15:00,biryani,110
37,2026-01-13 17:30:00,samosa,30
37,2026-01-13 20:15:00,roti_sabzi,60
37,2026-01-14 08:15:00,paratha,55
37,2026-01-14 13:15:00,roti_sabzi,60
37,2026-01-14 17:15:00,samosa,30
37,2026-01-14 20:45:00,khichdi,65
38,2026-01-01 07:30:00,idli_sambar,45
38,2026-01-01 14:00:00,biryani,110
38,2026-01-01 17:15:00,fruit,20
38,2026-01-01 19:45:00,dal_rice,85
38,2026-01-02 07:30:00,dosa,50
38,2026-01-02 13:30:00,roti_sabzi,60
38,2026-01-02 16:00:00,chai_biscuit,25
38,2026-01-02 20:45:00,biryani,110
38,2026-01-03 07:30:00,idli_sambar,45
38,2026-01-03 12:45:00,rajma_rice,100
38,2026-01-03 16:30:00,fruit,20
38,2026-01-03 20:45:00,khichdi,65
38,2026-01-04 07:45:00,paratha,55
38,2026-01-04 13:00:00,biryani,110
38,2026-01-04 17:00:00,chai_biscuit,25
38,2026-01-04 20:15:00,dal_rice,85
38,2026-01-05 07:45:00,idli_sambar,45
38,2026-01-05 12:45:00,biryani,110
38,2026-01-05 17:00:00,chai_biscuit,25
38,2026-01-05 20:30:00,dal_rice,85
38,2026-01-06 07:30:00,poha,50
38,2026-01-06 12:45:00,biryani,110
38,2026-01-06 17:30:00,chai_biscuit,25
38,2026-01-06 21:30:00,biryani,110
38,2026-01-07 07:45:00,paratha,55
38,2026-01-07 13:00:00,biryani,110
38,2026-01-07 16:30:00,sweets,40
38,2026-01-07 20:00:00,roti_sabzi,60
38,2026-01-08 07:30:00,idli_sambar,45
38,2026-01-08 13:00:00,rajma_rice,100
38,2026-01-08 16:30:00,samosa,30
38,2026-01-08 20:45:00,khichdi,65
38,2026-01-09 08:00:00,paratha,55
38,2026-01-09 14:00:00,biryani,110
38,2026-01-09 17:15:00,samosa,30
38,2026-01-09 20:00:00,dal_rice,85
38,2026-01-10 08:00:00,paratha,55
38,2026-01-10 13:15:00,roti_sabzi,60
38,2026-01-10 17:00:00,fruit,20
38,2026-01-10 20:45:00,dal_rice,85
38,2026-01-11 06:45:00,paratha,55
38,2026-01-11 11:15:00,roti_sabzi,60
38,2026-01-11 17:15:00,sweets,40
38,2026-01-11 19:45:00,roti_sabzi,60
38,2026-01-12 07:45:00,paratha,55
38,2026-01-12 12:30:00,rajma_rice,100
38,2026-01-12 17:00:00,sweets,40
38,2026-01-12 20:00:00,biryani,110
38,2026-01-13 08:00:00,paratha,55
38,2026-01-13 12:30:00,roti_sabzi,60
38,2026-01-13 17:00:00,samosa,30
38,2026-01-13 20:00:00,roti_sabzi,60
38,2026-01-14 07:30:00,dosa,50
38,2026-01-14 13:45:00,roti_sabzi,60
38,2026-01-14 17:00:00,sweets,40
38,2026-01-14 20:00:00,khichdi,65
39,2026-01-01 07:45:00,idli_sambar,45
39,2026-01-01 12:30:00,dal_rice,90
39,2026-01-01 16:15:00,samosa,30
39,2026-01-01 20:45:00,roti_sabzi,60
39,2026-01-02 07:45:00,paratha,55
39,2026-01-02 13:00:00,biryani,110
39,2026-01-02 17:15:00,sweets,40
39,2026-01-02 21:15:00,biryani,110
39,2026-01-03 06:30:00,dosa,50
39,2026-01-03 12:45:00,roti_sabzi,60
39,2026-01-03 17:00:00,chai_biscuit,25
39,2026-01-03 20:45:00,dal_rice,85
39,2026-01-04 07:15:00,dosa,50
39,2026-01-04 13:45:00,rajma_rice,100
39,2026-01-04 17:00:00,sweets,40
39,2026-01-04 20:30:00,dal_rice,85
39,2026-01-05 07:45:00,poha,50
39,2026-01-05 13:15:00,dal_rice,90
39,2026-01-05 16:15:00,sweets,40
39,2026-01-05 20:15:00,biryani,110
39,2026-01-06 08:00:00,paratha,55
39,2026-01-06 13:30:00,biryani,110
39,2026-01-06 17:00:00,fruit,20
39,2026-01-06 20:45:00,dal_rice,85
39,2026-01-07 08:15:00,idli_sambar,45
39,2026-01-07 12:00:00,rajma_rice,100
39,2026-01-07 16:30:00,sweets,40
39,2026-01-07 20:15:00,dal_rice,85
39,2026-01-08 07:45:00,dosa,50
39,2026-01-08 12:30:00,rajma_rice,100
39,2026-01-08 15:30:00,fruit,20
39,2026-01-08 21:45:00,khichdi,65
39,2026-01-09 07:45:00,poha,50
39,2026-01-09 13:15:00,biryani,110
39,2026-01-09 17:45:00,fruit,20
39,2026-01-09 20:45:00,khichdi,65
39,2026-01-10 08:00:00,idli_sambar,45
39,2026-01-10 12:30:00,dal_rice,90
39,2026-01-10 17:15:00,fruit,20
39,2026-01-10 19:45:00,dal_rice,85
39,2026-01-11 07:45:00,idli_sambar,45
39,2026-01-11 13:30:00,roti_sabzi,60
39,2026-01-11 17:15:00,samosa,30
39,2026-01-11 20:30:00,khichdi,65
39,2026-01-12 08:15:00,idli_sambar,45
39,2026-01-12 12:45:00,dal_rice,90
39,2026-01-12 17:30:00,samosa,30
39,2026-01-12 20:15:00,dal_rice,85
39,2026-01-13 08:30:00,idli_sambar,45
39,2026-01-13 12:45:00,roti_sabzi,60
39,2026-01-13 17:30:00,samosa,30
39,2026-01-13 20:30:00,dal_rice,85
39,2026-01-14 08:30:00,idli_sambar,45
39,2026-01-14 13:15:00,roti_sabzi,60
39,2026-01-14 16:30:00,sweets,40
39,2026-01-14 19:30:00,dal_rice,85
40,2026-01-01 08:15:00,idli_sambar,45
40,2026-01-01 13:45:00,rajma_rice,100
40,2026-01-01 18:30:00,chai_biscuit,25
40,2026-01-01 20:15:00,roti_sabzi,60
40,2026-01-02 08:15:00,dosa,50
40,2026-01-02 13:00:00,roti_sabzi,60
40,2026-01-02 17:15:00,samosa,30
40,2026-01-02 20:45:00,dal_rice,85
40,2026-01-03 07:45:00,paratha,55
40,2026-01-03 12:30:00,rajma_rice,100
40,2026-01-03 16:45:00,chai_biscuit,25
40,2026-01-03 19:45:00,dal_rice,85
40,2026-01-04 07:15:00,paratha,55
40,2026-01-04 13:45:00,rajma_rice,100
40,2026-01-04 16:00:00,fruit,20
40,2026-01-04 19:30:00,dal_rice,85
40,2026-01-05 08:15:00,paratha,55
40,2026-01-05 13:00:00,biryani,110
40,2026-01-05 16:45:00,samosa,30
40,2026-01-05 20:45:00,roti_sabzi,60
40,2026-01-06 09:00:00,paratha,55
40,2026-01-06 12:30:00,dal_rice,90
40,2026-01-06 16:15:00,chai_biscuit,25
40,2026-01-06 20:45:00,biryani,110
40,2026-01-07 07:45:00,paratha,55
40,2026-01-07 13:15:00,roti_sabzi,60
40,2026-01-07 16:30:00,fruit,20
40,2026-01-07 19:45:00,roti_sabzi,60
40,2026-01-08 07:45:00,dosa,50
40,2026-01-08 13:45:00,roti_sabzi,60
40,2026-01-08 16:15:00,samosa,30
40,2026-01-08 20:30:00,dal_rice,85
40,2026-01-09 07:15:00,dosa,50
40,2026-01-09 12:45:00,rajma_rice,100
40,2026-01-09 16:15:00,sweets,40
40,2026-01-09 21:15:00,roti_sabzi,60
40,2026-01-10 08:45:00,dosa,50
40,2026-01-10 12:30:00,biryani,110
40,2026-01-10 17:15:00,fruit,20
40,2026-01-10 20:30:00,dal_rice,85
40,2026-01-11 08:15:00,idli_sambar,45
40,2026-01-11 12:30:00,dal_rice,90
40,2026-01-11 17:15:00,fruit,20
40,2026-01-11 20:30:00,dal_rice,85
40,2026-01-12 08:00:00,poha,50
40,2026-01-12 13:00:00,biryani,110
40,2026-01-12 16:45:00,samosa,30
40,2026-01-12 20:15:00,roti_sabzi,60
40,2026-01-13 07:30:00,dosa,50
40,2026-01-13 13:00:00,dal_rice,90
40,2026-01-13 16:00:00,chai_biscuit,25
40,2026-01-13 21:15:00,khichdi,65
40,2026-01-14 07:00:00,dosa,50
40,2026-01-14 13:15:00,rajma_rice,100
40,2026-01-14 16:30:00,chai_biscuit,25
40,2026-01-14 20:00:00,khichdi,65
41,2026-01-01 08:00:00,idli_sambar,45
41,2026-01-01 12:45:00,dal_rice,90
41,2026-01-01 16:45:00,samosa,30
41,2026-01-01 20:30:00,roti_sabzi,60
41,2026-01-02 08:00:00,idli_sambar,45
41,2026-01-02 12:15:00,roti_sabzi,60
41,2026-01-02 17:15:00,chai_biscuit,25
41,2026-01-02 20:45:00,khichdi,65
41,2026-01-03 08:15:00,paratha,55
41,2026-01-03 12:15:00,dal_rice,90
41,2026-01-03 17:00:00,sweets,40
41,2026-01-03 20:30:00,roti_sabzi,60
41,2026-01-04 07:15:00,poha,50
41,2026-01-04 13:00:00,dal_rice,90
41,2026-01-04 17:30:00,samosa,30
41,2026-01-04 20:30:00,biryani,110
41,2026-01-05 07:00:00,paratha,55
41,2026-01-05 12:00:00,dal_rice,90
41,2026-01-05 16:45:00,chai_biscuit,25
41,2026-01-05 20:45:00,biryani,110
41,2026-01-06 08:15:00,paratha,55
41,2026-01-06 12:45:00,rajma_rice,100
41,2026-01-06 16:45:00,fruit,20
41,2026-01-06 20:00:00,biryani,110
41,2026-01-07 08:15:00,dosa,50
41,2026-01-07 12:30:00,biryani,110
41,2026-01-07 16:15:00,fruit,20
41,2026-01-07 19:45:00,biryani,110
41,2026-01-08 07:00:00,idli_sambar,45
41,2026-01-08 12:15:00,dal_rice,90
41,2026-01-08 16:15:00,samosa,30
41,2026-01-08 20:00:00,khichdi,65
41,2026-01-09 07:30:00,dosa,50
41,2026-01-09 13:00:00,roti_sabzi,60
41,2026-01-09 17:00:00,samosa,30
41,2026-01-09 20:00:00,dal_rice,85
41,2026-01-10 08:00:00,dosa,50
41,2026-01-10 13:30:00,biryani,110
41,2026-01-10 16:15:00,fruit,20
41,2026-01-10 21:15:00,dal_rice,85
41,2026-01-11 07:45:00,paratha,55
41,2026-01-11 13:15:00,roti_sabzi,60
41,2026-01-11 17:00:00,sweets,40
41,2026-01-11 20:15:00,roti_sabzi,60
41,2026-01-12 08:00:00,poha,50
41,2026-01-12 12:15:00,rajma_rice,100
41,2026-01-12 17:00:00,sweets,40
41,2026-01-12 20:30:00,biryani,110
41,2026-01-13 07:00:00,idli_sambar,45
41,2026-01-13 13:15:00,roti_sabzi,60
41,2026-01-13 16:15:00,chai_biscuit,25
41,2026-01-13 20:15:00,dal_rice,85
41,2026-01-14 07:45:00,paratha,55
41,2026-01-14 12:45:00,dal_rice,90
41,2026-01-14 16:15:00,sweets,40
41,2026-01-14 20:00:00,biryani,110
42,2026-01-01 08:00:00,idli_sambar,45
42,2026-01-01 12:30:00,dal_rice,90
42,2026-01-01 17:15:00,fruit,20
42,2026-01-01 20:45:00,khichdi,65
42,2026-01-02 08:30:00,idli_sambar,45
42,2026-01-02 13:00:00,rajma_rice,100
42,2026-01-02 16:15:00,fruit,20
42,2026-01-02 20:15:00,roti_sabzi,60
42,2026-01-03 07:00:00,paratha,55
42,2026-01-03 13:00:00,roti_sabzi,60
42,2026-01-03 17:15:00,samosa,30
42,2026-01-03 20:00:00,khichdi,65
42,2026-01-04 07:45:00,idli_sambar,45
42,2026-01-04 12:00:00,roti_sabzi,60
42,2026-01-04 16:15:00,samosa,30
42,2026-01-04 19:45:00,khichdi,65
42,2026-01-05 08:15:00,paratha,55
42,2026-01-05 12:45:00,roti_sabzi,60
42,2026-01-05 16:45:00,chai_biscuit,25
42,2026-01-05 19:00:00,khichdi,65
42,2026-01-06 08:15:00,poha,50
42,2026-01-06 13:15:00,rajma_rice,100
42,2026-01-06 17:15:00,samosa,30
42,2026-01-06 20:30:00,khichdi,65
42,2026-01-07 07:45:00,dosa,50
42,2026-01-07 12:45:00,rajma_rice,100
42,2026-01-07 17:00:00,samosa,30
42,2026-01-07 20:45:00,khichdi,65
42,2026-01-08 07:45:00,poha,50
42,2026-01-08 12:45:00,rajma_rice,100
42,2026-01-08 16:00:00,samosa,30
42,2026-01-08 21:15:00,biryani,110
42,2026-01-09 08:45:00,poha,50
42,2026-01-09 12:45:00,roti_sabzi,60
42,2026-01-09 18:00:00,chai_biscuit,25
42,2026-01-09 20:15:00,khichdi,65
42,2026-01-10 07:45:00,dosa,50
42,2026-01-10 13:00:00,rajma_rice,100
42,2026-01-10 16:30:00,samosa,30
42,2026-01-10 20:30:00,dal_rice,85
42,2026-01-11 08:45:00,dosa,50
42,2026-01-11 13:00:00,biryani,110
42,2026-01-11 16:00:00,sweets,40
42,2026-01-11 20:15:00,dal_rice,85
42,2026-01-12 07:30:00,dosa,50
42,2026-01-12 12:30:00,roti_sabzi,60
42,2026-01-12 17:30:00,fruit,20
42,2026-01-12 20:30:00,khichdi,65
42,2026-01-13 07:15:00,paratha,55
42,2026-01-13 13:00:00,dal_rice,90
42,2026-01-13 16:30:00,chai_biscuit,25
42,2026-01-13 20:45:00,biryani,110
42,2026-01-14 08:00:00,poha,50
42,2026-01-14 12:30:00,roti_sabzi,60
42,2026-01-14 17:00:00,chai_biscuit,25
42,2026-01-14 20:15:00,roti_sabzi,60
43,2026-01-01 08:00:00,idli_sambar,45
43,2026-01-01 12:30:00,biryani,110
43,2026-01-01 17:15:00,fruit,20
43,2026-01-01 19:45:00,biryani,110
43,2026-01-02 08:30:00,dosa,50
43,2026-01-02 12:30:00,biryani,110
43,2026-01-02 16:30:00,chai_biscuit,25
43,2026-01-02 20:30:00,roti_sabzi,60
43,2026-01-03 08:15:00,paratha,55
43,2026-01-03 13:30:00,rajma_rice,100
43,2026-01-03 17:15:00,chai_biscuit,25
43,2026-01-03 19:45:00,dal_rice,85
43,2026-01-04 08:00:00,poha,50
43,2026-01-04 13:45:00,biryani,110
43,2026-01-04 17:00:00,chai_biscuit,25
43,2026-01-04 20:30:00,dal_rice,85
43,2026-01-05 07:30:00,idli_sambar,45
43,2026-01-05 13:00:00,dal_rice,90
43,2026-01-05 17:30:00,chai_biscuit,25
43,2026-01-05 19:15:00,khichdi,65
43,2026-01-06 08:00:00,idli_sambar,45
43,2026-01-06 12:30:00,roti_sabzi,60
43,2026-01-06 16:30:00,sweets,40
43,2026-01-06 21:30:00,biryani,110
43,2026-01-07 07:45:00,poha,50
43,2026-01-07 12:45:00,dal_rice,90
43,2026-01-07 16:45:00,sweets,40
43,2026-01-07 20:30:00,khichdi,65
43,2026-01-08 07:45:00,idli_sambar,45
43,2026-01-08 12:15:00,roti_sabzi,60
43,2026-01-08 16:30:00,chai_biscuit,25
43,2026-01-08 20:45:00,khichdi,65
43,2026-01-09 07:00:00,paratha,55
43,2026-01-09 12:15:00,biryani,110
43,2026-01-09 16:45:00,chai_biscuit,25
43,2026-01-09 20:30:00,roti_sabzi,60
43,2026-01-10 07:30:00,paratha,55
43,2026-01-10 12:45:00,roti_sabzi,60
43,2026-01-10 16:15:00,sweets,40
43,2026-01-10 20:30:00,biryani,110
43,2026-01-11 08:00:00,poha,50
43,2026-01-11 12:45:00,rajma_rice,100
43,2026-01-11 16:45:00,chai_biscuit,25
43,2026-01-11 20:45:00,biryani,110
43,2026-01-12 07:15:00,idli_sambar,45
43,2026-01-12 12:45:00,rajma_rice,100
43,2026-01-12 16:45:00,sweets,40
43,2026-01-12 20:30:00,roti_sabzi,60
43,2026-01-13 08:00:00,dosa,50
43,2026-01-13 13:00:00,dal_rice,90
43,2026-01-13 16:00:00,chai_biscuit,25
43,2026-01-13 20:30:00,khichdi,65
43,2026-01-14 08:15:00,dosa,50
43,2026-01-14 12:30:00,roti_sabzi,60
43,2026-01-14 16:30:00,chai_biscuit,25
43,2026-01-14 20:30:00,roti_sabzi,60
44,2026-01-01 07:45:00,dosa,50
44,2026-01-01 13:00:00,biryani,110
44,2026-01-01 16:30:00,chai_biscuit,25
44,2026-01-01 22:00:00,biryani,110
44,2026-01-02 07:15:00,dosa,50
44,2026-01-02 12:45:00,roti_sabzi,60
44,2026-01-02 16:30:00,chai_biscuit,25
44,2026-01-02 21:30:00,khichdi,65
44,2026-01-03 08:15:00,paratha,55
44,2026-01-03 12:45:00,rajma_rice,100
44,2026-01-03 17:15:00,samosa,30
44,2026-01-03 20:15:00,roti_sabzi,60
44,2026-01-04 08:00:00,dosa,50
44,2026-01-04 12:45:00,dal_rice,90
44,2026-01-04 16:15:00,sweets,40
44,2026-01-04 19:45:00,dal_rice,85
44,2026-01-05 07:30:00,poha,50
44,2026-01-05 12:00:00,dal_rice,90
44,2026-01-05 16:15:00,samosa,30
44,2026-01-05 20:45:00,dal_rice,85
44,2026-01-06 08:00:00,idli_sambar,45
44,2026-01-06 12:15:00,dal_rice,90
44,2026-01-06 17:15:00,samosa,30
44,2026-01-06 20:15:00,biryani,110
44,2026-01-07 08:45:00,dosa,50
44,2026-01-07 13:45:00,roti_sabzi,60
44,2026-01-07 17:00:00,fruit,20
44,2026-01-07 20:00:00,khichdi,65
44,2026-01-08 08:30:00,paratha,55
44,2026-01-08 12:30:00,roti_sabzi,60
44,2026-01-08 16:30:00,samosa,30
44,2026-01-08 20:45:00,khichdi,65
44,2026-01-09 07:15:00,idli_sambar,45
44,2026-01-09 12:45:00,biryani,110
44,2026-01-09 16:45:00,fruit,20
44,2026-01-09 20:45:00,biryani,110
44,2026-01-10 08:15:00,poha,50
44,2026-01-10 13:00:00,roti_sabzi,60
44,2026-01-10 15:45:00,chai_biscuit,25
44,2026-01-10 20:15:00,dal_rice,85
44,2026-01-11 06:45:00,paratha,55
44,2026-01-11 12:30:00,dal_rice,90
44,2026-01-11 16:30:00,chai_biscuit,25
44,2026-01-11 20:30:00,dal_rice,85
44,2026-01-12 08:30:00,idli_sambar,45
44,2026-01-12 13:00:00,biryani,110
44,2026-01-12 16:00:00,samosa,30
44,2026-01-12 19:45:00,khichdi,65
44,2026-01-13 07:45:00,dosa,50
44,2026-01-13 13:00:00,roti_sabzi,60
44,2026-01-13 16:30:00,sweets,40
44,2026-01-13 19:30:00,biryani,110
44,2026-01-14 08:15:00,dosa,50
44,2026-01-14 12:15:00,biryani,110
44,2026-01-14 17:15:00,chai_biscuit,25
44,2026-01-14 20:30:00,biryani,110
45,2026-01-01 07:45:00,poha,50
45,2026-01-01 12:30:00,biryani,110
45,2026-01-01 17:00:00,chai_biscuit,25
45,2026-01-01 21:00:00,biryani,110
45,2026-01-02 07:45:00,idli_sambar,45
45,2026-01-02 13:00:00,dal_rice,90
45,2026-01-02 16:30:00,chai_biscuit,25
45,2026-01-02 20:00:00,khichdi,65
45,2026-01-03 07:30:00,paratha,55
45,2026-01-03 13:30:00,rajma_rice,100
45,2026-01-03 16:45:00,sweets,40
45,2026-01-03 19:30:00,roti_sabzi,60
45,2026-01-04 07:45:00,paratha,55
45,2026-01-04 13:15:00,biryani,110
45,2026-01-04 18:00:00,fruit,20
45,2026-01-04 20:00:00,biryani,110
45,2026-01-05 07:15:00,idli_sambar,45
45,2026-01-05 13:30:00,roti_sabzi,60
45,2026-01-05 17:15:00,sweets,40
45,2026-01-05 20:15:00,dal_rice,85
45,2026-01-06 07:45:00,idli_sambar,45
45,2026-01-06 13:15:00,roti_sabzi,60
45,2026-01-06 17:00:00,sweets,40
45,2026-01-06 20:00:00,dal_rice,85
45,2026-01-07 08:30:00,paratha,55
45,2026-01-07 13:30:00,biryani,110
45,2026-01-07 16:45:00,samosa,30
45,2026-01-07 20:45:00,dal_rice,85
45,2026-01-08 07:30:00,poha,50
45,2026-01-08 12:30:00,biryani,110
45,2026-01-08 17:00:00,sweets,40
45,2026-01-08 20:15:00,dal_rice,85
45,2026-01-09 07:30:00,idli_sambar,45
45,2026-01-09 12:30:00,dal_rice,90
45,2026-01-09 16:45:00,samosa,30
45,2026-01-09 20:00:00,khichdi,65
45,2026-01-10 07:15:00,idli_sambar,45
45,2026-01-10 12:45:00,biryani,110
45,2026-01-10 17:15:00,chai_biscuit,25
45,2026-01-10 20:15:00,khichdi,65
45,2026-01-11 07:30:00,paratha,55
45,2026-01-11 12:00:00,dal_rice,90
45,2026-01-11 16:45:00,samosa,30
45,2026-01-11 21:30:00,roti_sabzi,60
45,2026-01-12 08:15:00,idli_sambar,45
45,2026-01-12 13:00:00,rajma_rice,100
45,2026-01-12 16:45:00,sweets,40
45,2026-01-12 20:00:00,roti_sabzi,60
45,2026-01-13 07:30:00,poha,50
45,2026-01-13 13:15:00,dal_rice,90
45,2026-01-13 17:15:00,sweets,40
45,2026-01-13 20:30:00,khichdi,65
45,2026-01-14 07:15:00,dosa,50
45,2026-01-14 12:00:00,rajma_rice,100
45,2026-01-14 16:45:00,samosa,30
45,2026-01-14 20:15:00,khichdi,65
46,2026-01-01 07:45:00,paratha,55
46,2026-01-01 13:15:00,rajma_rice,100
46,2026-01-01 17:00:00,samosa,30
46,2026-01-01 20:15:00,khichdi,65
46,2026-01-02 08:15:00,poha,50
46,2026-01-02 12:00:00,dal_rice,90
46,2026-01-02 18:00:00,chai_biscuit,25
46,2026-01-02 20:45:00,dal_rice,85
46,2026-01-03 08:15:00,paratha,55
46,2026-01-03 13:30:00,dal_rice,90
46,2026-01-03 17:30:00,sweets,40
46,2026-01-03 20:00:00,khichdi,65
46,2026-01-04 07:15:00,paratha,55
46,2026-01-04 13:45:00,roti_sabzi,60
46,2026-01-04 16:45:00,samosa,30
46,2026-01-04 20:45:00,khichdi,65
46,2026-01-05 08:15:00,poha,50
46,2026-01-05 13:45:00,rajma_rice,100
46,2026-01-05 16:45:00,chai_biscuit,25
46,2026-01-05 20:00:00,khichdi,65
46,2026-01-06 07:30:00,idli_sambar,45
46,2026-01-06 11:45:00,dal_rice,90
46,2026-01-06 17:00:00,fruit,20
46,2026-01-06 20:15:00,dal_rice,85
46,2026-01-07 07:45:00,idli_sambar,45
46,2026-01-07 13:00:00,roti_sabzi,60
46,2026-01-07 17:30:00,samosa,30
46,2026-01-07 20:00:00,dal_rice,85
46,2026-01-08 07:45:00,idli_sambar,45
46,2026-01-08 12:15:00,dal_rice,90
46,2026-01-08 17:00:00,sweets,40
46,2026-01-08 20:30:00,biryani,110
46,2026-01-09 07:45:00,dosa,50
46,2026-01-09 13:45:00,rajma_rice,100
46,2026-01-09 17:45:00,fruit,20
46,2026-01-09 20:00:00,roti_sabzi,60
46,2026-01-10 08:30:00,paratha,55
46,2026-01-10 13:00:00,dal_rice,90
46,2026-01-10 17:15:00,samosa,30
46,2026-01-10 20:30:00,khichdi,65
46,2026-01-11 08:15:00,poha,50
46,2026-01-11 13:00:00,rajma_rice,100
46,2026-01-11 16:45:00,fruit,20
46,2026-01-11 20:00:00,biryani,110
46,2026-01-12 08:30:00,paratha,55
46,2026-01-12 13:00:00,dal_rice,90
46,2026-01-12 16:45:00,samosa,30
46,2026-01-12 20:45:00,roti_sabzi,60
46,2026-01-13 08:15:00,idli_sambar,45
46,2026-01-13 12:30:00,roti_sabzi,60
46,2026-01-13 16:30:00,samosa,30
46,2026-01-13 20:15:00,dal_rice,85
46,2026-01-14 08:00:00,idli_sambar,45
46,2026-01-14 12:15:00,roti_sabzi,60
46,2026-01-14 15:45:00,samosa,30
46,2026-01-14 19:45:00,biryani,110
47,2026-01-01 08:15:00,poha,50
47,2026-01-01 13:15:00,roti_sabzi,60
47,2026-01-01 16:30:00,chai_biscuit,25
47,2026-01-01 20:45:00,dal_rice,85
47,2026-01-02 08:45:00,paratha,55
47,2026-01-02 12:45:00,roti_sabzi,60
47,2026-01-02 16:00:00,sweets,40
47,2026-01-02 20:15:00,roti_sabzi,60
47,2026-01-03 07:45:00,poha,50
47,2026-01-03 12:15:00,dal_rice,90
47,2026-01-03 17:45:00,sweets,40
47,2026-01-03 21:30:00,khichdi,65
47,2026-01-04 07:00:00,poha,50
47,2026-01-04 13:15:00,roti_sabzi,60
47,2026-01-04 16:45:00,samosa,30
47,2026-01-04 20:30:00,biryani,110
47,2026-01-05 07:00:00,poha,50
47,2026-01-05 13:00:00,biryani,110
47,2026-01-05 17:15:00,fruit,20
47,2026-01-05 20:45:00,roti_sabzi,60
47,2026-01-06 08:45:00,paratha,55
47,2026-01-06 13:00:00,dal_rice,90
47,2026-01-06 17:00:00,samosa,30
47,2026-01-06 19:45:00,dal_rice,85
47,2026-01-07 08:45:00,idli_sambar,45
47,2026-01-07 13:15:00,roti_sabzi,60
47,2026-01-07 16:30:00,samosa,30
47,2026-01-07 20:00:00,roti_sabzi,60
47,2026-01-08 08:15:00,paratha,55
47,2026-01-08 12:30:00,rajma_rice,100
47,2026-01-08 17:00:00,chai_biscuit,25
47,2026-01-08 20:45:00,biryani,110
47,2026-01-09 07:15:00,idli_sambar,45
47,2026-01-09 13:15:00,biryani,110
47,2026-01-09 17:00:00,sweets,40
47,2026-01-09 21:15:00,khichdi,65
47,2026-01-10 07:30:00,dosa,50
47,2026-01-10 12:45:00,biryani,110
47,2026-01-10 17:00:00,chai_biscuit,25
47,2026-01-10 21:15:00,roti_sabzi,60
47,2026-01-11 08:15:00,paratha,55
47,2026-01-11 13:00:00,roti_sabzi,60
47,2026-01-11 16:30:00,samosa,30
47,2026-01-11 20:45:00,khichdi,65
47,2026-01-12 07:45:00,paratha,55
47,2026-01-12 13:45:00,dal_rice,90
47,2026-01-12 16:30:00,fruit,20
47,2026-01-12 20:30:00,roti_sabzi,60
47,2026-01-13 08:15:00,poha,50
47,2026-01-13 13:15:00,rajma_rice,100
47,2026-01-13 16:15:00,sweets,40
47,2026-01-13 20:00:00,roti_sabzi,60
47,2026-01-14 07:15:00,dosa,50
47,2026-01-14 13:15:00,rajma_rice,100
47,2026-01-14 17:00:00,samosa,30
47,2026-01-14 21:00:00,dal_rice,85
48,2026-01-01 08:00:00,idli_sambar,45
48,2026-01-01 13:30:00,rajma_rice,100
48,2026-01-01 16:45:00,sweets,40
48,2026-01-01 20:30:00,roti_sabzi,60
48,2026-01-02 09:00:00,paratha,55
48,2026-01-02 13:15:00,dal_rice,90
48,2026-01-02 17:15:00,chai_biscuit,25
48,2026-01-02 20:00:00,khichdi,65
48,2026-01-03 07:45:00,dosa,50
48,2026-01-03 13:30:00,dal_rice,90
48,2026-01-03 16:45:00,samosa,30
48,2026-01-03 18:45:00,dal_rice,85
48,2026-01-04 07:00:00,idli_sambar,45
48,2026-01-04 13:00:00,roti_sabzi,60
48,2026-01-04 17:15:00,sweets,40
48,2026-01-04 21:00:00,khichdi,65
48,2026-01-05 08:00:00,dosa,50
48,2026-01-05 12:45:00,biryani,110
48,2026-01-05 16:30:00,chai_biscuit,25
48,2026-01-05 20:30:00,dal_rice,85
48,2026-01-06 07:30:00,idli_sambar,45
48,2026-01-06 13:00:00,dal_rice,90
48,2026-01-06 17:15:00,sweets,40
48,2026-01-06 21:00:00,roti_sabzi,60
48,2026-01-07 08:15:00,poha,50
48,2026-01-07 12:15:00,rajma_rice,100
48,2026-01-07 16:30:00,chai_biscuit,25
48,2026-01-07 20:30:00,roti_sabzi,60
48,2026-01-08 08:30:00,idli_sambar,45
48,2026-01-08 13:45:00,dal_rice,90
48,2026-01-08 16:00:00,fruit,20
48,2026-01-08 20:30:00,roti_sabzi,60
48,2026-01-09 08:45:00,dosa,50
48,2026-01-09 12:15:00,biryani,110
48,2026-01-09 16:30:00,chai_biscuit,25
48,2026-01-09 21:15:00,dal_rice,85
48,2026-01-10 08:00:00,paratha,55
48,2026-01-10 13:15:00,biryani,110
48,2026-01-10 17:45:00,fruit,20
48,2026-01-10 20:00:00,dal_rice,85
48,2026-01-11 07:45:00,idli_sambar,45
48,2026-01-11 13:30:00,biryani,110
48,2026-01-11 17:45:00,sweets,40
48,2026-01-11 19:15:00,biryani,110
48,2026-01-12 08:15:00,dosa,50
48,2026-01-12 12:45:00,biryani,110
48,2026-01-12 16:45:00,fruit,20
48,2026-01-12 20:45:00,roti_sabzi,60
48,2026-01-13 09:15:00,poha,50
48,2026-01-13 14:00:00,rajma_rice,100
48,2026-01-13 17:15:00,samosa,30
48,2026-01-13 20:30:00,dal_rice,85
48,2026-01-14 07:45:00,idli_sambar,45
48,2026-01-14 12:15:00,dal_rice,90
48,2026-01-14 17:00:00,fruit,20
48,2026-01-14 20:30:00,roti_sabzi,60
49,2026-01-01 08:00:00,idli_sambar,45
49,2026-01-01 13:15:00,biryani,110
49,2026-01-01 16:45:00,fruit,20
49,2026-01-01 19:45:00,khichdi,65
49,2026-01-02 08:00:00,paratha,55
49,2026-01-02 13:00:00,biryani,110
49,2026-01-02 16:45:00,fruit,20
49,2026-01-02 20:00:00,khichdi,65
49,2026-01-03 08:15:00,paratha,55
49,2026-01-03 13:45:00,rajma_rice,100
49,2026-01-03 16:15:00,chai_biscuit,25
49,2026-01-03 19:00:00,dal_rice,85
49,2026-01-04 08:15:00,paratha,55
49,2026-01-04 13:15:00,rajma_rice,100
49,2026-01-04 15:45:00,fruit,20
49,2026-01-04 20:00:00,dal_rice,85
49,2026-01-05 06:45:00,idli_sambar,45
49,2026-01-05 13:30:00,roti_sabzi,60
49,2026-01-05 15:45:00,samosa,30
49,2026-01-05 19:45:00,dal_rice,85
49,2026-01-06 07:15:00,dosa,50
49,2026-01-06 12:15:00,dal_rice,90
49,2026-01-06 17:30:00,chai_biscuit,25
49,2026-01-06 20:00:00,khichdi,65
49,2026-01-07 08:15:00,paratha,55
49,2026-01-07 13:15:00,biryani,110
49,2026-01-07 16:45:00,sweets,40
49,2026-01-07 20:15:00,roti_sabzi,60
49,2026-01-08 07:45:00,idli_sambar,45
49,2026-01-08 12:30:00,roti_sabzi,60
49,2026-01-08 16:15:00,chai_biscuit,25
49,2026-01-08 20:45:00,biryani,110
49,2026-01-09 08:00:00,paratha,55
49,2026-01-09 13:00:00,dal_rice,90
49,2026-01-09 17:00:00,fruit,20
49,2026-01-09 20:15:00,biryani,110
49,2026-01-10 07:30:00,poha,50
49,2026-01-10 12:15:00,dal_rice,90
49,2026-01-10 17:00:00,sweets,40
49,2026-01-10 20:00:00,khichdi,65
49,2026-01-11 08:00:00,dosa,50
49,2026-01-11 12:45:00,roti_sabzi,60
49,2026-01-11 17:00:00,chai_biscuit,25
49,2026-01-11 20:45:00,biryani,110
49,2026-01-12 07:45:00,dosa,50
49,2026-01-12 13:30:00,roti_sabzi,60
49,2026-01-12 16:30:00,chai_biscuit,25
49,2026-01-12 19:45:00,roti_sabzi,60
49,2026-01-13 08:15:00,idli_sambar,45
49,2026-01-13 13:00:00,dal_rice,90
49,2026-01-13 16:30:00,fruit,20
49,2026-01-13 20:00:00,khichdi,65
49,2026-01-14 07:45:00,idli_sambar,45
49,2026-01-14 13:00:00,dal_rice,90
49,2026-01-14 17:15:00,sweets,40
49,2026-01-14 20:00:00,roti_sabzi,60
50,2026-01-01 08:45:00,paratha,55
50,2026-01-01 13:00:00,rajma_rice,100
50,2026-01-01 17:15:00,chai_biscuit,25
50,2026-01-01 21:00:00,roti_sabzi,60
50,2026-01-02 07:45:00,paratha,55
50,2026-01-02 13:15:00,dal_rice,90
50,2026-01-02 16:30:00,samosa,30
50,2026-01-02 20:15:00,dal_rice,85
50,2026-01-03 08:30:00,poha,50
50,2026-01-03 13:15:00,biryani,110
50,2026-01-03 16:30:00,fruit,20
50,2026-01-03 19:30:00,dal_rice,85
50,2026-01-04 07:45:00,dosa,50
50,2026-01-04 12:45:00,rajma_rice,100
50,2026-01-04 16:45:00,samosa,30
50,2026-01-04 20:15:00,biryani,110
50,2026-01-05 08:15:00,dosa,50
50,2026-01-05 12:45:00,roti_sabzi,60
50,2026-01-05 16:30:00,fruit,20
50,2026-01-05 21:00:00,khichdi,65
50,2026-01-06 07:45:00,paratha,55
50,2026-01-06 13:30:00,roti_sabzi,60
50,2026-01-06 17:30:00,sweets,40
50,2026-01-06 20:45:00,biryani,110
50,2026-01-07 08:15:00,idli_sambar,45
50,2026-01-07 13:45:00,dal_rice,90
50,2026-01-07 16:45:00,chai_biscuit,25
50,2026-01-07 20:15:00,roti_sabzi,60
50,2026-01-08 07:30:00,idli_sambar,45
50,2026-01-08 13:30:00,roti_sabzi,60
50,2026-01-08 16:45:00,sweets,40
50,2026-01-08 21:15:00,dal_rice,85
50,2026-01-09 08:30:00,poha,50
50,2026-01-09 12:30:00,biryani,110
50,2026-01-09 16:30:00,sweets,40
50,2026-01-09 20:15:00,khichdi,65
50,2026-01-10 07:30:00,poha,50
50,2026-01-10 13:30:00,roti_sabzi,60
50,2026-01-10 16:45:00,sweets,40
50,2026-01-10 19:30:00,biryani,110
50,2026-01-11 08:15:00,paratha,55
50,2026-01-11 11:45:00,biryani,110
50,2026-01-11 17:00:00,chai_biscuit,25
50,2026-01-11 20:45:00,khichdi,65
50,2026-01-12 07:45:00,poha,50
50,2026-01-12 13:00:00,rajma_rice,100
50,2026-01-12 17:45:00,sweets,40
50,2026-01-12 20:45:00,dal_rice,85
50,2026-01-13 07:30:00,poha,50
50,2026-01-13 13:15:00,rajma_rice,100
50,2026-01-13 16:15:00,fruit,20
50,2026-01-13 21:00:00,roti_sabzi,60
50,2026-01-14 07:15:00,poha,50
50,2026-01-14 12:45:00,biryani,110
50,2026-01-14 16:45:00,fruit,20
50,2026-01-14 21:00:00,roti_sabzi,60
51,2026-01-01 07:00:00,idli_sambar,45
51,2026-01-01 12:30:00,biryani,110
51,2026-01-01 16:00:00,samosa,30
51,2026-01-01 21:00:00,khichdi,65
51,2026-01-02 08:00:00,dosa,50
51,2026-01-02 13:30:00,roti_sabzi,60
51,2026-01-02 17:15:00,fruit,20
51,2026-01-02 20:15:00,biryani,110
51,2026-01-03 08:15:00,dosa,50
51,2026-01-03 12:30:00,dal_rice,90
51,2026-01-03 17:00:00,chai_biscuit,25
51,2026-01-03 20:30:00,dal_rice,85
51,2026-01-04 07:00:00,dosa,50
51,2026-01-04 12:30:00,dal_rice,90
51,2026-01-04 16:30:00,fruit,20
51,2026-01-04 19:00:00,dal_rice,85
51,2026-01-05 08:00:00,dosa,50
51,2026-01-05 12:00:00,biryani,110
51,2026-01-05 16:45:00,chai_biscuit,25
51,2026-01-05 19:45:00,khichdi,65
51,2026-01-06 07:15:00,idli_sambar,45
51,2026-01-06 12:45:00,biryani,110
51,2026-01-06 17:00:00,samosa,30
51,2026-01-06 20:30:00,dal_rice,85
51,2026-01-07 07:30:00,idli_sambar,45
51,2026-01-07 13:00:00,dal_rice,90
51,2026-01-07 16:15:00,fruit,20
51,2026-01-07 21:15:00,khichdi,65
51,2026-01-08 08:30:00,poha,50
51,2026-01-08 12:00:00,dal_rice,90
51,2026-01-08 16:15:00,fruit,20
51,2026-01-08 20:45:00,dal_rice,85
51,2026-01-09 08:00:00,paratha,55
51,2026-01-09 12:00:00,rajma_rice,100
51,2026-01-09 16:30:00,chai_biscuit,25
51,2026-01-09 20:30:00,khichdi,65
51,2026-01-10 07:45:00,dosa,50
51,2026-01-10 13:30:00,rajma_rice,100
51,2026-01-10 17:30:00,fruit,20
51,2026-01-10 20:30:00,biryani,110
51,2026-01-11 08:15:00,idli_sambar,45
51,2026-01-11 13:00:00,dal_rice,90
51,2026-01-11 17:30:00,sweets,40
51,2026-01-11 20:00:00,khichdi,65
51,2026-01-12 08:30:00,idli_sambar,45
51,2026-01-12 12:45:00,biryani,110
51,2026-01-12 16:30:00,sweets,40
51,2026-01-12 20:00:00,khichdi,65
51,2026-01-13 08:15:00,poha,50
51,2026-01-13 13:15:00,biryani,110
51,2026-01-13 17:30:00,sweets,40
51,2026-01-13 20:45:00,dal_rice,85
51,2026-01-14 07:00:00,dosa,50
51,2026-01-14 13:15:00,biryani,110
51,2026-01-14 16:45:00,chai_biscuit,25
51,2026-01-14 19:30:00,roti_sabzi,60
52,2026-01-01 08:15:00,idli_sambar,45
52,2026-01-01 13:15:00,biryani,110
52,2026-01-01 17:30:00,fruit,20
52,2026-01-01 20:00:00,khichdi,65
52,2026-01-02 07:15:00,idli_sambar,45
52,2026-01-02 13:30:00,biryani,110
52,2026-01-02 17:00:00,sweets,40
52,2026-01-02 20:00:00,roti_sabzi,60
52,2026-01-03 08:15:00,dosa,50
52,2026-01-03 12:00:00,dal_rice,90
52,2026-01-03 16:15:00,chai_biscuit,25
52,2026-01-03 21:15:00,roti_sabzi,60
52,2026-01-04 07:45:00,dosa,50
52,2026-01-04 12:30:00,rajma_rice,100
52,2026-01-04 16:45:00,fruit,20
52,2026-01-04 19:45:00,roti_sabzi,60
52,2026-01-05 07:45:00,poha,50
52,2026-01-05 13:00:00,biryani,110
52,2026-01-05 17:45:00,sweets,40
52,2026-01-05 20:30:00,dal_rice,85
52,2026-01-06 08:15:00,poha,50
52,2026-01-06 13:15:00,biryani,110
52,2026-01-06 16:30:00,samosa,30
52,2026-01-06 20:00:00,khichdi,65
52,2026-01-07 08:45:00,idli_sambar,45
52,2026-01-07 13:30:00,roti_sabzi,60
52,2026-01-07 17:15:00,samosa,30
52,2026-01-07 20:00:00,biryani,110
52,2026-01-08 07:00:00,poha,50
52,2026-01-08 12:30:00,biryani,110
52,2026-01-08 16:45:00,chai_biscuit,25
52,2026-01-08 20:45:00,dal_rice,85
52,2026-01-09 08:15:00,poha,50
52,2026-01-09 13:30:00,roti_sabzi,60
52,2026-01-09 15:45:00,samosa,30
52,2026-01-09 19:30:00,dal_rice,85
52,2026-01-10 07:45:00,paratha,55
52,2026-01-10 12:45:00,roti_sabzi,60
52,2026-01-10 17:00:00,chai_biscuit,25
52,2026-01-10 19:45:00,khichdi,65
52,2026-01-11 07:30:00,paratha,55
52,2026-01-11 13:00:00,roti_sabzi,60
52,2026-01-11 17:30:00,fruit,20
52,2026-01-11 21:00:00,khichdi,65
52,2026-01-12 08:00:00,dosa,50
52,2026-01-12 12:15:00,rajma_rice,100
52,2026-01-12 16:15:00,fruit,20
52,2026-01-12 19:45:00,khichdi,65
52,2026-01-13 08:00:00,dosa,50
52,2026-01-13 13:00:00,dal_rice,90
52,2026-01-13 16:45:00,fruit,20
52,2026-01-13 21:15:00,roti_sabzi,60
52,2026-01-14 07:15:00,poha,50
52,2026-01-14 12:45:00,biryani,110
52,2026-01-14 17:15:00,samosa,30
52,2026-01-14 20:00:00,roti_sabzi,60
53,2026-01-01 08:00:00,poha,50
53,2026-01-01 12:30:00,roti_sabzi,60
53,2026-01-01 17:00:00,sweets,40
53,2026-01-01 21:15:00,khichdi,65
53,2026-01-02 07:30:00,dosa,50
53,2026-01-02 12:30:00,dal_rice,90
53,2026-01-02 16:45:00,samosa,30
53,2026-01-02 20:00:00,biryani,110
53,2026-01-03 07:45:00,idli_sambar,45
53,2026-01-03 13:15:00,dal_rice,90
53,2026-01-03 16:30:00,chai_biscuit,25
53,2026-01-03 19:45:00,roti_sabzi,60
53,2026-01-04 08:15:00,idli_sambar,45
53,2026-01-04 13:00:00,roti_sabzi,60
53,2026-01-04 17:15:00,samosa,30
53,2026-01-04 20:15:00,roti_sabzi,60
53,2026-01-05 08:00:00,dosa,50
53,2026-01-05 13:15:00,biryani,110
53,2026-01-05 15:45:00,sweets,40
53,2026-01-05 20:00:00,roti_sabzi,60
53,2026-01-06 08:45:00,poha,50
53,2026-01-06 13:45:00,dal_rice,90
53,2026-01-06 16:30:00,fruit,20
53,2026-01-06 20:00:00,dal_rice,85
53,2026-01-07 07:30:00,poha,50
53,2026-01-07 13:15:00,biryani,110
53,2026-01-07 16:45:00,chai_biscuit,25
53,2026-01-07 20:45:00,biryani,110
53,2026-01-08 08:30:00,dosa,50
53,2026-01-08 12:45:00,rajma_rice,100
53,2026-01-08 16:45:00,sweets,40
53,2026-01-08 19:45:00,dal_rice,85
53,2026-01-09 08:15:00,paratha,55
53,2026-01-09 13:00:00,dal_rice,90
53,2026-01-09 17:30:00,sweets,40
53,2026-01-09 20:00:00,khichdi,65
53,2026-01-10 07:45:00,paratha,55
53,2026-01-10 12:45:00,dal_rice,90
53,2026-01-10 16:30:00,chai_biscuit,25
53,2026-01-10 20:45:00,dal_rice,85
53,2026-01-11 08:00:00,dosa,50
53,2026-01-11 12:15:00,rajma_rice,100
53,2026-01-11 16:30:00,samosa,30
53,2026-01-11 20:30:00,roti_sabzi,60
53,2026-01-12 07:45:00,dosa,50
53,2026-01-12 13:45:00,rajma_rice,100
53,2026-01-12 16:30:00,chai_biscuit,25
53,2026-01-12 20:30:00,biryani,110
53,2026-01-13 07:15:00,poha,50
53,2026-01-13 12:15:00,dal_rice,90
53,2026-01-13 16:45:00,fruit,20
53,2026-01-13 20:15:00,dal_rice,85
53,2026-01-14 08:00:00,dosa,50
53,2026-01-14 13:00:00,roti_sabzi,60
53,2026-01-14 16:45:00,sweets,40
53,2026-01-14 20:45:00,khichdi,65
54,2026-01-01 08:15:00,idli_sambar,45
54,2026-01-01 12:15:00,biryani,110
54,2026-01-01 17:45:00,sweets,40
54,2026-01-01 19:30:00,roti_sabzi,60
54,2026-01-02 08:00:00,poha,50
54,2026-01-02 12:15:00,rajma_rice,100
54,2026-01-02 16:45:00,chai_biscuit,25
54,2026-01-02 20:30:00,dal_rice,85
54,2026-01-03 08:15:00,poha,50
54,2026-01-03 12:00:00,dal_rice,90
54,2026-01-03 16:00:00,chai_biscuit,25
54,2026-01-03 20:30:00,roti_sabzi,60
54,2026-01-04 08:00:00,idli_sambar,45
54,2026-01-04 12:15:00,rajma_rice,100
54,2026-01-04 16:45:00,samosa,30
54,2026-01-04 20:30:00,roti_sabzi,60
54,2026-01-05 07:15:00,dosa,50
54,2026-01-05 12:15:00,biryani,110
54,2026-01-05 16:45:00,samosa,30
54,2026-01-05 20:45:00,dal_rice,85
54,2026-01-06 07:00:00,dosa,50
54,2026-01-06 13:00:00,dal_rice,90
54,2026-01-06 17:00:00,sweets,40
54,2026-01-06 21:00:00,dal_rice,85
54,2026-01-07 08:30:00,poha,50
54,2026-01-07 12:45:00,dal_rice,90
54,2026-01-07 17:00:00,sweets,40
54,2026-01-07 20:15:00,khichdi,65
54,2026-01-08 07:00:00,poha,50
54,2026-01-08 13:00:00,biryani,110
54,2026-01-08 17:45:00,chai_biscuit,25
54,2026-01-08 20:30:00,biryani,110
54,2026-01-09 07:45:00,poha,50
54,2026-01-09 12:45:00,roti_sabzi,60
54,2026-01-09 17:00:00,chai_biscuit,25
54,2026-01-09 20:45:00,roti_sabzi,60
54,2026-01-10 08:00:00,dosa,50
54,2026-01-10 13:45:00,biryani,110
54,2026-01-10 16:00:00,samosa,30
54,2026-01-10 20:30:00,biryani,110
54,2026-01-11 08:15:00,dosa,50
54,2026-01-11 13:30:00,biryani,110
54,2026-01-11 16:45:00,chai_biscuit,25
54,2026-01-11 21:00:00,biryani,110
54,2026-01-12 08:45:00,idli_sambar,45
54,2026-01-12 12:15:00,rajma_rice,100
54,2026-01-12 16:45:00,chai_biscuit,25
54,2026-01-12 21:30:00,khichdi,65
54,2026-01-13 07:45:00,dosa,50
54,2026-01-13 11:45:00,biryani,110
54,2026-01-13 17:30:00,chai_biscuit,25
54,2026-01-13 20:30:00,dal_rice,85
54,2026-01-14 07:45:00,dosa,50
54,2026-01-14 14:00:00,roti_sabzi,60
54,2026-01-14 16:45:00,samosa,30
54,2026-01-14 21:15:00,roti_sabzi,60
55,2026-01-01 08:00:00,dosa,50
55,2026-01-01 13:00:00,rajma_rice,100
55,2026-01-01 16:30:00,chai_biscuit,25
55,2026-01-01 20:45:00,dal_rice,85
55,2026-01-02 08:00:00,poha,50
55,2026-01-02 13:15:00,dal_rice,90
55,2026-01-02 17:15:00,samosa,30
55,2026-01-02 20:30:00,dal_rice,85
55,2026-01-03 08:30:00,dosa,50
55,2026-01-03 12:45:00,biryani,110
55,2026-01-03 17:00:00,samosa,30
55,2026-01-03 21:00:00,khichdi,65
55,2026-01-04 07:15:00,idli_sambar,45
55,2026-01-04 12:45:00,rajma_rice,100
55,2026-01-04 16:45:00,fruit,20
55,2026-01-04 20:00:00,dal_rice,85
55,2026-01-05 08:15:00,idli_sambar,45
55,2026-01-05 13:00:00,roti_sabzi,60
55,2026-01-05 17:15:00,sweets,40
55,2026-01-05 20:00:00,biryani,110
55,2026-01-06 08:30:00,dosa,50
55,2026-01-06 13:00:00,rajma_rice,100
55,2026-01-06 17:15:00,sweets,40
55,2026-01-06 20:30:00,khichdi,65
55,2026-01-07 08:45:00,paratha,55
55,2026-01-07 13:15:00,biryani,110
55,2026-01-07 17:15:00,samosa,30
55,2026-01-07 20:30:00,khichdi,65
55,2026-01-08 08:00:00,idli_sambar,45
55,2026-01-08 12:45:00,biryani,110
55,2026-01-08 17:00:00,sweets,40
55,2026-01-08 20:45:00,khichdi,65
55,2026-01-09 07:15:00,paratha,55
55,2026-01-09 13:00:00,biryani,110
55,2026-01-09 16:30:00,samosa,30
55,2026-01-09 19:45:00,dal_rice,85
55,2026-01-10 08:30:00,paratha,55
55,2026-01-10 12:15:00,biryani,110
55,2026-01-10 16:30:00,chai_biscuit,25
55,2026-01-10 20:30:00,khichdi,65
55,2026-01-11 07:15:00,poha,50
55,2026-01-11 12:45:00,biryani,110
55,2026-01-11 17:15:00,fruit,20
55,2026-01-11 20:00:00,biryani,110
55,2026-01-12 08:15:00,dosa,50
55,2026-01-12 13:15:00,biryani,110
55,2026-01-12 17:30:00,samosa,30
55,2026-01-12 20:15:00,roti_sabzi,60
55,2026-01-13 07:45:00,dosa,50
55,2026-01-13 14:15:00,dal_rice,90
55,2026-01-13 16:30:00,samosa,30
55,2026-01-13 20:15:00,khichdi,65
55,2026-01-14 09:00:00,idli_sambar,45
55,2026-01-14 12:30:00,roti_sabzi,60
55,2026-01-14 17:00:00,fruit,20
55,2026-01-14 20:45:00,roti_sabzi,60
56,2026-01-01 07:45:00,dosa,50
56,2026-01-01 13:15:00,biryani,110
56,2026-01-01 17:15:00,sweets,40
56,2026-01-01 21:00:00,dal_rice,85
56,2026-01-02 07:00:00,dosa,50
56,2026-01-02 13:15:00,dal_rice,90
56,2026-01-02 17:00:00,chai_biscuit,25
56,2026-01-02 20:00:00,roti_sabzi,60
56,2026-01-03 07:30:00,paratha,55
56,2026-01-03 12:15:00,dal_rice,90
56,2026-01-03 17:00:00,samosa,30
56,2026-01-03 20:30:00,khichdi,65
56,2026-01-04 08:00:00,idli_sambar,45
56,2026-01-04 13:00:00,rajma_rice,100
56,2026-01-04 17:00:00,samosa,30
56,2026-01-04 21:00:00,khichdi,65
56,2026-01-05 07:00:00,idli_sambar,45
56,2026-01-05 12:15:00,biryani,110
56,2026-01-05 16:45:00,fruit,20
56,2026-01-05 20:30:00,roti_sabzi,60
56,2026-01-06 08:00:00,idli_sambar,45
56,2026-01-06 13:00:00,roti_sabzi,60
56,2026-01-06 16:45:00,fruit,20
56,2026-01-06 20:15:00,dal_rice,85
56,2026-01-07 08:30:00,dosa,50
56,2026-01-07 13:30:00,dal_rice,90
56,2026-01-07 17:00:00,fruit,20
56,2026-01-07 19:30:00,biryani,110
56,2026-01-08 07:15:00,poha,50
56,2026-01-08 13:45:00,rajma_rice,100
56,2026-01-08 16:45:00,chai_biscuit,25
56,2026-01-08 20:45:00,khichdi,65
56,2026-01-09 08:00:00,poha,50
56,2026-01-09 11:45:00,biryani,110
56,2026-01-09 17:00:00,samosa,30
56,2026-01-09 19:45:00,khichdi,65
56,2026-01-10 08:00:00,poha,50
56,2026-01-10 13:15:00,rajma_rice,100
56,2026-01-10 16:45:00,sweets,40
56,2026-01-10 20:15:00,dal_rice,85
56,2026-01-11 08:00:00,paratha,55
56,2026-01-11 12:30:00,roti_sabzi,60
56,2026-01-11 17:45:00,sweets,40
56,2026-01-11 19:45:00,khichdi,65
56,2026-01-12 07:30:00,paratha,55
56,2026-01-12 13:15:00,roti_sabzi,60
56,2026-01-12 17:00:00,sweets,40
56,2026-01-12 20:15:00,roti_sabzi,60
56,2026-01-13 07:45:00,poha,50
56,2026-01-13 13:00:00,biryani,110
56,2026-01-13 16:45:00,fruit,20
56,2026-01-13 19:45:00,biryani,110
56,2026-01-14 07:15:00,poha,50
56,2026-01-14 12:45:00,biryani,110
56,2026-01-14 16:15:00,fruit,20
56,2026-01-14 20:30:00,biryani,110
57,2026-01-01 08:00:00,dosa,50
57,2026-01-01 12:30:00,dal_rice,90
57,2026-01-01 16:15:00,fruit,20
57,2026-01-01 20:15:00,dal_rice,85
57,2026-01-02 08:00:00,dosa,50
57,2026-01-02 13:00:00,roti_sabzi,60
57,2026-01-02 17:45:00,fruit,20
57,2026-01-02 21:00:00,khichdi,65
57,2026-01-03 07:45:00,paratha,55
57,2026-01-03 12:30:00,biryani,110
57,2026-01-03 16:45:00,chai_biscuit,25
57,2026-01-03 20:15:00,dal_rice,85
57,2026-01-04 07:30:00,poha,50
57,2026-01-04 13:00:00,dal_rice,90
57,2026-01-04 17:15:00,fruit,20
57,2026-01-04 20:15:00,khichdi,65
57,2026-01-05 08:00:00,paratha,55
57,2026-01-05 13:30:00,dal_rice,90
57,2026-01-05 17:00:00,sweets,40
57,2026-01-05 20:30:00,biryani,110
57,2026-01-06 07:15:00,dosa,50
57,2026-01-06 13:15:00,rajma_rice,100
57,2026-01-06 17:15:00,fruit,20
57,2026-01-06 20:15:00,dal_rice,85
57,2026-01-07 06:45:00,paratha,55
57,2026-01-07 14:00:00,dal_rice,90
57,2026-01-07 16:45:00,sweets,40
57,2026-01-07 20:45:00,khichdi,65
57,2026-01-08 08:15:00,poha,50
57,2026-01-08 13:15:00,roti_sabzi,60
57,2026-01-08 17:00:00,fruit,20
57,2026-01-08 20:45:00,dal_rice,85
57,2026-01-09 08:30:00,dosa,50
57,2026-01-09 12:15:00,roti_sabzi,60
57,2026-01-09 16:45:00,sweets,40
57,2026-01-09 20:45:00,biryani,110
57,2026-01-10 07:15:00,poha,50
57,2026-01-10 13:30:00,rajma_rice,100
57,2026-01-10 17:30:00,sweets,40
57,2026-01-10 20:15:00,biryani,110
57,2026-01-11 08:15:00,paratha,55
57,2026-01-11 13:00:00,biryani,110
57,2026-01-11 16:30:00,sweets,40
57,2026-01-11 20:30:00,roti_sabzi,60
57,2026-01-12 07:45:00,paratha,55
57,2026-01-12 13:30:00,biryani,110
57,2026-01-12 17:30:00,samosa,30
57,2026-01-12 20:15:00,biryani,110
57,2026-01-13 08:30:00,paratha,55
57,2026-01-13 12:00:00,dal_rice,90
57,2026-01-13 17:00:00,samosa,30
57,2026-01-13 20:30:00,khichdi,65
57,2026-01-14 08:15:00,idli_sambar,45
57,2026-01-14 12:45:00,rajma_rice,100
57,2026-01-14 18:00:00,chai_biscuit,25
57,2026-01-14 20:30:00,dal_rice,85
58,2026-01-01 07:15:00,dosa,50
58,2026-01-01 13:00:00,rajma_rice,100
58,2026-01-01 16:30:00,fruit,20
58,2026-01-01 19:45:00,roti_sabzi,60
58,2026-01-02 08:15:00,paratha,55
58,2026-01-02 11:45:00,roti_sabzi,60
58,2026-01-02 18:00:00,samosa,30
58,2026-01-02 20:00:00,biryani,110
58,2026-01-03 07:30:00,dosa,50
58,2026-01-03 13:30:00,roti_sabzi,60
58,2026-01-03 17:30:00,chai_biscuit,25
58,2026-01-03 20:30:00,roti_sabzi,60
58,2026-01-04 07:15:00,dosa,50
58,2026-01-04 13:30:00,biryani,110
58,2026-01-04 17:30:00,fruit,20
58,2026-01-04 19:45:00,biryani,110
58,2026-01-05 07:45:00,poha,50
58,2026-01-05 12:30:00,roti_sabzi,60
58,2026-01-05 16:30:00,chai_biscuit,25
58,2026-01-05 20:15:00,roti_sabzi,60
58,2026-01-06 08:30:00,dosa,50
58,2026-01-06 13:15:00,biryani,110
58,2026-01-06 17:15:00,sweets,40
58,2026-01-06 19:45:00,dal_rice,85
58,2026-01-07 07:00:00,poha,50
58,2026-01-07 12:30:00,rajma_rice,100
58,2026-01-07 17:00:00,samosa,30
58,2026-01-07 19:45:00,roti_sabzi,60
58,2026-01-08 07:45:00,paratha,55
58,2026-01-08 12:45:00,roti_sabzi,60
58,2026-01-08 17:00:00,sweets,40
58,2026-01-08 20:45:00,dal_rice,85
58,2026-01-09 07:30:00,poha,50
58,2026-01-09 11:45:00,roti_sabzi,60
58,2026-01-09 17:00:00,sweets,40
58,2026-01-09 20:15:00,dal_rice,85
58,2026-01-10 08:00:00,poha,50
58,2026-01-10 12:30:00,rajma_rice,100
58,2026-01-10 16:00:00,samosa,30
58,2026-01-10 20:45:00,khichdi,65
58,2026-01-11 07:45:00,paratha,55
58,2026-01-11 12:30:00,roti_sabzi,60
58,2026-01-11 17:00:00,samosa,30
58,2026-01-11 20:00:00,biryani,110
58,2026-01-12 07:45:00,paratha,55
58,2026-01-12 12:45:00,rajma_rice,100
58,2026-01-12 17:00:00,samosa,30
58,2026-01-12 20:00:00,dal_rice,85
58,2026-01-13 07:00:00,idli_sambar,45
58,2026-01-13 12:30:00,biryani,110
58,2026-01-13 17:00:00,fruit,20
58,2026-01-13 20:30:00,khichdi,65
58,2026-01-14 08:00:00,poha,50
58,2026-01-14 11:45:00,rajma_rice,100
58,2026-01-14 16:30:00,samosa,30
58,2026-01-14 20:45:00,roti_sabzi,60
59,2026-01-01 08:15:00,dosa,50
59,2026-01-01 13:30:00,rajma_rice,100
59,2026-01-01 17:15:00,samosa,30
59,2026-01-01 20:30:00,biryani,110
59,2026-01-02 08:30:00,idli_sambar,45
59,2026-01-02 11:30:00,roti_sabzi,60
59,2026-01-02 16:45:00,chai_biscuit,25
59,2026-01-02 21:00:00,roti_sabzi,60
59,2026-01-03 08:15:00,idli_sambar,45
59,2026-01-03 12:15:00,dal_rice,90
59,2026-01-03 17:00:00,samosa,30
59,2026-01-03 21:15:00,biryani,110
59,2026-01-04 08:45:00,poha,50
59,2026-01-04 12:45:00,biryani,110
59,2026-01-04 16:30:00,fruit,20
59,2026-01-04 20:45:00,khichdi,65
59,2026-01-05 07:45:00,paratha,55
59,2026-01-05 13:00:00,dal_rice,90
59,2026-01-05 16:45:00,chai_biscuit,25
59,2026-01-05 20:30:00,roti_sabzi,60
59,2026-01-06 06:45:00,dosa,50
59,2026-01-06 13:15:00,roti_sabzi,60
59,2026-01-06 17:45:00,fruit,20
59,2026-01-06 20:00:00,khichdi,65
59,2026-01-07 08:45:00,idli_sambar,45
59,2026-01-07 13:00:00,roti_sabzi,60
59,2026-01-07 16:45:00,fruit,20
59,2026-01-07 19:30:00,roti_sabzi,60
59,2026-01-08 07:45:00,dosa,50
59,2026-01-08 13:30:00,dal_rice,90
59,2026-01-08 16:45:00,sweets,40
59,2026-01-08 20:30:00,khichdi,65
59,2026-01-09 07:45:00,paratha,55
59,2026-01-09 13:00:00,roti_sabzi,60
59,2026-01-09 16:15:00,samosa,30
59,2026-01-09 20:00:00,dal_rice,85
59,2026-01-10 07:30:00,poha,50
59,2026-01-10 12:30:00,rajma_rice,100
59,2026-01-10 17:00:00,chai_biscuit,25
59,2026-01-10 21:15:00,dal_rice,85
59,2026-01-11 07:45:00,poha,50
59,2026-01-11 12:45:00,biryani,110
59,2026-01-11 17:15:00,chai_biscuit,25
59,2026-01-11 21:30:00,roti_sabzi,60
59,2026-01-12 07:30:00,paratha,55
59,2026-01-12 12:30:00,dal_rice,90
59,2026-01-12 16:30:00,chai_biscuit,25
59,2026-01-12 20:45:00,khichdi,65
59,2026-01-13 07:00:00,dosa,50
59,2026-01-13 13:00:00,dal_rice,90
59,2026-01-13 16:45:00,chai_biscuit,25
59,2026-01-13 20:45:00,biryani,110
59,2026-01-14 08:00:00,paratha,55
59,2026-01-14 12:30:00,rajma_rice,100
59,2026-01-14 17:00:00,chai_biscuit,25
59,2026-01-14 20:30:00,biryani,110
60,2026-01-01 08:30:00,idli_sambar,45
60,2026-01-01 13:15:00,dal_rice,90
60,2026-01-01 17:15:00,samosa,30
60,2026-01-01 20:00:00,dal_rice,85
60,2026-01-02 07:45:00,dosa,50
60,2026-01-02 13:15:00,dal_rice,90
60,2026-01-02 16:30:00,samosa,30
60,2026-01-02 20:45:00,biryani,110
60,2026-01-03 08:00:00,idli_sambar,45
60,2026-01-03 12:30:00,rajma_rice,100
60,2026-01-03 16:30:00,fruit,20
60,2026-01-03 19:45:00,dal_rice,85
60,2026-01-04 08:45:00,paratha,55
60,2026-01-04 13:15:00,dal_rice,90
60,2026-01-04 17:30:00,sweets,40
60,2026-01-04 20:30:00,khichdi,65
60,2026-01-05 07:45:00,poha,50
60,2026-01-05 12:30:00,roti_sabzi,60
60,2026-01-05 16:45:00,samosa,30
60,2026-01-05 21:15:00,roti_sabzi,60
60,2026-01-06 08:00:00,dosa,50
60,2026-01-06 13:00:00,biryani,110
60,2026-01-06 16:45:00,samosa,30
60,2026-01-06 19:30:00,khichdi,65
60,2026-01-07 08:15:00,paratha,55
60,2026-01-07 13:00:00,dal_rice,90
60,2026-01-07 17:30:00,fruit,20
60,2026-01-07 20:30:00,khichdi,65
60,2026-01-08 08:00:00,poha,50
60,2026-01-08 12:15:00,roti_sabzi,60
60,2026-01-08 16:45:00,chai_biscuit,25
60,2026-01-08 20:45:00,khichdi,65
60,2026-01-09 07:15:00,dosa,50
60,2026-01-09 12:45:00,biryani,110
60,2026-01-09 17:00:00,chai_biscuit,25
60,2026-01-09 20:15:00,dal_rice,85
60,2026-01-10 07:15:00,paratha,55
60,2026-01-10 13:30:00,rajma_rice,100
60,2026-01-10 17:00:00,chai_biscuit,25
60,2026-01-10 19:45:00,khichdi,65
60,2026-01-11 08:00:00,dosa,50
60,2026-01-11 13:00:00,rajma_rice,100
60,2026-01-11 16:45:00,sweets,40
60,2026-01-11 20:00:00,dal_rice,85
60,2026-01-12 08:15:00,poha,50
60,2026-01-12 12:30:00,dal_rice,90
60,2026-01-12 17:15:00,fruit,20
60,2026-01-12 21:00:00,dal_rice,85
60,2026-01-13 08:15:00,idli_sambar,45
60,2026-01-13 14:00:00,rajma_rice,100
60,2026-01-13 16:15:00,samosa,30
60,2026-01-13 20:15:00,biryani,110
60,2026-01-14 07:45:00,poha,50
60,2026-01-14 12:30:00,biryani,110
60,2026-01-14 16:00:00,chai_biscuit,25
60,2026-01-14 21:00:00,dal_rice,85
61,2026-01-01 07:15:00,poha,50
61,2026-01-01 12:45:00,rajma_rice,100
61,2026-01-01 17:45:00,fruit,20
61,2026-01-01 20:45:00,roti_sabzi,60
61,2026-01-02 08:15:00,paratha,55
61,2026-01-02 13:30:00,biryani,110
61,2026-01-02 15:45:00,fruit,20
61,2026-01-02 20:00:00,dal_rice,85
61,2026-01-03 08:15:00,poha,50
61,2026-01-03 13:30:00,biryani,110
61,2026-01-03 16:15:00,samosa,30
61,2026-01-03 20:45:00,dal_rice,85
61,2026-01-04 08:15:00,dosa,50
61,2026-01-04 13:00:00,rajma_rice,100
61,2026-01-04 16:00:00,sweets,40
61,2026-01-04 20:00:00,roti_sabzi,60
61,2026-01-05 07:30:00,dosa,50
61,2026-01-05 13:15:00,biryani,110
61,2026-01-05 17:00:00,samosa,30
61,2026-01-05 20:00:00,khichdi,65
61,2026-01-06 08:30:00,dosa,50
61,2026-01-06 13:30:00,rajma_rice,100
61,2026-01-06 16:00:00,sweets,40
61,2026-01-06 20:30:00,khichdi,65
61,2026-01-07 08:30:00,idli_sambar,45
61,2026-01-07 13:00:00,dal_rice,90
61,2026-01-07 15:45:00,fruit,20
61,2026-01-07 20:30:00,khichdi,65
61,2026-01-08 08:00:00,dosa,50
61,2026-01-08 12:30:00,roti_sabzi,60
61,2026-01-08 16:45:00,chai_biscuit,25
61,2026-01-08 20:30:00,biryani,110
61,2026-01-09 07:45:00,idli_sambar,45
61,2026-01-09 12:30:00,roti_sabzi,60
61,2026-01-09 17:30:00,chai_biscuit,25
61,2026-01-09 20:15:00,biryani,110
61,2026-01-10 07:45:00,idli_sambar,45
61,2026-01-10 13:30:00,dal_rice,90
61,2026-01-10 18:00:00,samosa,30
61,2026-01-10 20:00:00,roti_sabzi,60
61,2026-01-11 08:00:00,poha,50
61,2026-01-11 12:30:00,rajma_rice,100
61,2026-01-11 16:30:00,sweets,40
61,2026-01-11 20:15:00,khichdi,65
61,2026-01-12 08:45:00,idli_sambar,45
61,2026-01-12 13:15:00,roti_sabzi,60
61,2026-01-12 16:15:00,samosa,30
61,2026-01-12 18:45:00,roti_sabzi,60
61,2026-01-13 07:45:00,dosa,50
61,2026-01-13 12:45:00,dal_rice,90
61,2026-01-13 16:15:00,sweets,40
61,2026-01-13 18:30:00,biryani,110
61,2026-01-14 08:00:00,poha,50
61,2026-01-14 13:15:00,rajma_rice,100
61,2026-01-14 16:45:00,chai_biscuit,25
61,2026-01-14 19:45:00,dal_rice,85
62,2026-01-01 08:45:00,idli_sambar,45
62,2026-01-01 13:30:00,rajma_rice,100
62,2026-01-01 16:15:00,fruit,20
62,2026-01-01 20:30:00,roti_sabzi,60
62,2026-01-02 08:30:00,paratha,55
62,2026-01-02 13:00:00,roti_sabzi,60
62,2026-01-02 17:00:00,samosa,30
62,2026-01-02 20:30:00,roti_sabzi,60
62,2026-01-03 07:30:00,paratha,55
62,2026-01-03 13:00:00,rajma_rice,100
62,2026-01-03 17:30:00,samosa,30
62,2026-01-03 21:00:00,dal_rice,85
62,2026-01-04 07:15:00,dosa,50
62,2026-01-04 13:00:00,dal_rice,90
62,2026-01-04 16:45:00,sweets,40
62,2026-01-04 19:45:00,dal_rice,85
62,2026-01-05 08:00:00,idli_sambar,45
62,2026-01-05 13:00:00,roti_sabzi,60
62,2026-01-05 16:45:00,chai_biscuit,25
62,2026-01-05 20:45:00,khichdi,65
62,2026-01-06 08:30:00,paratha,55
62,2026-01-06 12:30:00,biryani,110
62,2026-01-06 16:30:00,samosa,30
62,2026-01-06 20:45:00,khichdi,65
62,2026-01-07 06:30:00,dosa,50
62,2026-01-07 13:45:00,biryani,110
62,2026-01-07 17:45:00,chai_biscuit,25
62,2026-01-07 19:45:00,dal_rice,85
62,2026-01-08 08:45:00,paratha,55
62,2026-01-08 13:30:00,rajma_rice,100
62,2026-01-08 17:30:00,chai_biscuit,25
62,2026-01-08 20:45:00,roti_sabzi,60
62,2026-01-09 08:00:00,poha,50
62,2026-01-09 11:45:00,biryani,110
62,2026-01-09 17:00:00,fruit,20
62,2026-01-09 20:45:00,dal_rice,85
62,2026-01-10 08:00:00,paratha,55
62,2026-01-10 13:00:00,rajma_rice,100
62,2026-01-10 17:15:00,chai_biscuit,25
62,2026-01-10 20:00:00,roti_sabzi,60
62,2026-01-11 07:15:00,paratha,55
62,2026-01-11 13:45:00,roti_sabzi,60
62,2026-01-11 16:45:00,fruit,20
62,2026-01-11 20:45:00,dal_rice,85
62,2026-01-12 08:15:00,poha,50
62,2026-01-12 12:30:00,rajma_rice,100
62,2026-01-12 16:00:00,sweets,40
62,2026-01-12 19:45:00,biryani,110
62,2026-01-13 08:00:00,idli_sambar,45
62,2026-01-13 12:00:00,biryani,110
62,2026-01-13 17:30:00,samosa,30
62,2026-01-13 21:00:00,khichdi,65
62,2026-01-14 07:30:00,paratha,55
62,2026-01-14 13:00:00,rajma_rice,100
62,2026-01-14 16:30:00,chai_biscuit,25
62,2026-01-14 20:45:00,dal_rice,85
63,2026-01-01 08:15:00,dosa,50
63,2026-01-01 13:00:00,biryani,110
63,2026-01-01 16:30:00,samosa,30
63,2026-01-01 20:30:00,dal_rice,85
63,2026-01-02 07:45:00,idli_sambar,45
63,2026-01-02 13:00:00,dal_rice,90
63,2026-01-02 17:15:00,sweets,40
63,2026-01-02 20:45:00,roti_sabzi,60
63,2026-01-03 08:15:00,dosa,50
63,2026-01-03 12:45:00,biryani,110
63,2026-01-03 17:30:00,fruit,20
63,2026-01-03 21:15:00,khichdi,65
63,2026-01-04 08:00:00,dosa,50
63,2026-01-04 13:15:00,dal_rice,90
63,2026-01-04 16:45:00,fruit,20
63,2026-01-04 20:30:00,khichdi,65
63,2026-01-05 07:30:00,poha,50
63,2026-01-05 13:30:00,biryani,110
63,2026-01-05 17:00:00,chai_biscuit,25
63,2026-01-05 19:45:00,roti_sabzi,60
63,2026-01-06 08:15:00,paratha,55
63,2026-01-06 13:30:00,roti_sabzi,60
63,2026-01-06 17:30:00,chai_biscuit,25
63,2026-01-06 19:30:00,khichdi,65
63,2026-01-07 08:30:00,idli_sambar,45
63,2026-01-07 12:30:00,rajma_rice,100
63,2026-01-07 17:00:00,chai_biscuit,25
63,2026-01-07 20:45:00,dal_rice,85
63,2026-01-08 07:15:00,dosa,50
63,2026-01-08 13:00:00,biryani,110
63,2026-01-08 16:30:00,chai_biscuit,25
63,2026-01-08 20:30:00,biryani,110
63,2026-01-09 07:45:00,idli_sambar,45
63,2026-01-09 13:30:00,rajma_rice,100
63,2026-01-09 17:30:00,chai_biscuit,25
63,2026-01-09 20:15:00,dal_rice,85
63,2026-01-10 08:00:00,idli_sambar,45
63,2026-01-10 13:00:00,dal_rice,90
63,2026-01-10 16:30:00,samosa,30
63,2026-01-10 20:00:00,biryani,110
63,2026-01-11 08:15:00,dosa,50
63,2026-01-11 13:45:00,dal_rice,90
63,2026-01-11 16:30:00,fruit,20
63,2026-01-11 20:45:00,biryani,110
63,2026-01-12 08:15:00,poha,50
63,2026-01-12 13:30:00,dal_rice,90
63,2026-01-12 16:45:00,chai_biscuit,25
63,2026-01-12 21:15:00,biryani,110
63,2026-01-13 07:45:00,idli_sambar,45
63,2026-01-13 13:15:00,rajma_rice,100
63,2026-01-13 16:30:00,samosa,30
63,2026-01-13 20:30:00,biryani,110
63,2026-01-14 07:45:00,poha,50
63,2026-01-14 12:15:00,roti_sabzi,60
63,2026-01-14 17:45:00,samosa,30
63,2026-01-14 20:15:00,biryani,110
64,2026-01-01 07:15:00,poha,50
64,2026-01-01 13:15:00,biryani,110
64,2026-01-01 16:45:00,chai_biscuit,25
64,2026-01-01 20:15:00,khichdi,65
64,2026-01-02 08:00:00,dosa,50
64,2026-01-02 12:45:00,biryani,110
64,2026-01-02 17:15:00,samosa,30
64,2026-01-02 21:00:00,dal_rice,85
64,2026-01-03 08:45:00,poha,50
64,2026-01-03 12:45:00,rajma_rice,100
64,2026-01-03 16:45:00,fruit,20
64,2026-01-03 20:00:00,khichdi,65
64,2026-01-04 08:15:00,poha,50
64,2026-01-04 12:45:00,rajma_rice,100
64,2026-01-04 17:00:00,samosa,30
64,2026-01-04 19:30:00,roti_sabzi,60
64,2026-01-05 07:45:00,poha,50
64,2026-01-05 12:30:00,dal_rice,90
64,2026-01-05 16:45:00,sweets,40
64,2026-01-05 20:00:00,khichdi,65
64,2026-01-06 08:15:00,paratha,55
64,2026-01-06 13:15:00,biryani,110
64,2026-01-06 16:45:00,samosa,30
64,2026-01-06 19:30:00,roti_sabzi,60
64,2026-01-07 07:15:00,paratha,55
64,2026-01-07 12:30:00,dal_rice,90
64,2026-01-07 17:15:00,chai_biscuit,25
64,2026-01-07 20:30:00,khichdi,65
64,2026-01-08 08:30:00,dosa,50
64,2026-01-08 12:45:00,roti_sabzi,60
64,2026-01-08 18:15:00,samosa,30
64,2026-01-08 21:00:00,roti_sabzi,60
64,2026-01-09 07:15:00,poha,50
64,2026-01-09 13:00:00,roti_sabzi,60
64,2026-01-09 16:45:00,fruit,20
64,2026-01-09 21:00:00,biryani,110
64,2026-01-10 08:45:00,dosa,50
64,2026-01-10 12:00:00,biryani,110
64,2026-01-10 16:30:00,fruit,20
64,2026-01-10 21:30:00,biryani,110
64,2026-01-11 08:30:00,dosa,50
64,2026-01-11 13:15:00,rajma_rice,100
64,2026-01-11 16:45:00,chai_biscuit,25
64,2026-01-11 21:15:00,dal_rice,85
64,2026-01-12 08:15:00,poha,50
64,2026-01-12 12:30:00,rajma_rice,100
64,2026-01-12 16:45:00,fruit,20
64,2026-01-12 20:45:00,dal_rice,85
64,2026-01-13 06:45:00,idli_sambar,45
64,2026-01-13 13:15:00,dal_rice,90
64,2026-01-13 17:15:00,sweets,40
64,2026-01-13 19:45:00,dal_rice,85
64,2026-01-14 08:00:00,paratha,55
64,2026-01-14 12:30:00,dal_rice,90
64,2026-01-14 16:45:00,samosa,30
64,2026-01-14 20:45:00,dal_rice,85
65,2026-01-01 08:15:00,idli_sambar,45
65,2026-01-01 13:15:00,dal_rice,90
65,2026-01-01 16:45:00,sweets,40
65,2026-01-01 20:30:00,biryani,110
65,2026-01-02 07:45:00,dosa,50
65,2026-01-02 12:45:00,dal_rice,90
65,2026-01-02 16:45:00,sweets,40
65,2026-01-02 20:30:00,khichdi,65
65,2026-01-03 08:00:00,idli_sambar,45
65,2026-01-03 13:15:00,roti_sabzi,60
65,2026-01-03 17:00:00,samosa,30
65,2026-01-03 20:00:00,biryani,110
65,2026-01-04 08:45:00,idli_sambar,45
65,2026-01-04 12:45:00,roti_sabzi,60
65,2026-01-04 16:45:00,fruit,20
65,2026-01-04 20:15:00,roti_sabzi,60
65,2026-01-05 08:30:00,idli_sambar,45
65,2026-01-05 12:45:00,rajma_rice,100
65,2026-01-05 16:45:00,samosa,30
65,2026-01-05 20:30:00,dal_rice,85
65,2026-01-06 07:45:00,paratha,55
65,2026-01-06 13:30:00,biryani,110
65,2026-01-06 17:15:00,fruit,20
65,2026-01-06 20:00:00,roti_sabzi,60
65,2026-01-07 07:30:00,dosa,50
65,2026-01-07 12:45:00,roti_sabzi,60
65,2026-01-07 16:30:00,chai_biscuit,25
65,2026-01-07 20:00:00,roti_sabzi,60
65,2026-01-08 07:30:00,poha,50
65,2026-01-08 13:00:00,rajma_rice,100
65,2026-01-08 17:15:00,sweets,40
65,2026-01-08 20:00:00,roti_sabzi,60
65,2026-01-09 07:45:00,poha,50
65,2026-01-09 12:45:00,roti_sabzi,60
65,2026-01-09 18:00:00,chai_biscuit,25
65,2026-01-09 19:30:00,biryani,110
65,2026-01-10 07:45:00,paratha,55
65,2026-01-10 12:30:00,dal_rice,90
65,2026-01-10 17:30:00,samosa,30
65,2026-01-10 20:45:00,biryani,110
65,2026-01-11 07:45:00,poha,50
65,2026-01-11 13:30:00,rajma_rice,100
65,2026-01-11 16:30:00,samosa,30
65,2026-01-11 20:15:00,dal_rice,85
65,2026-01-12 08:00:00,dosa,50
65,2026-01-12 13:30:00,roti_sabzi,60
65,2026-01-12 16:45:00,samosa,30
65,2026-01-12 19:45:00,khichdi,65
65,2026-01-13 07:15:00,idli_sambar,45
65,2026-01-13 13:30:00,biryani,110
65,2026-01-13 16:45:00,fruit,20
65,2026-01-13 20:15:00,roti_sabzi,60
65,2026-01-14 07:30:00,paratha,55
65,2026-01-14 12:00:00,rajma_rice,100
65,2026-01-14 17:30:00,samosa,30
65,2026-01-14 21:00:00,dal_rice,85
66,2026-01-01 08:30:00,paratha,55
66,2026-01-01 13:15:00,rajma_rice,100
66,2026-01-01 17:00:00,sweets,40
66,2026-01-01 21:00:00,biryani,110
66,2026-01-02 08:00:00,poha,50
66,2026-01-02 12:00:00,dal_rice,90
66,2026-01-02 16:15:00,sweets,40
66,2026-01-02 20:15:00,biryani,110
66,2026-01-03 07:30:00,dosa,50
66,2026-01-03 13:15:00,biryani,110
66,2026-01-03 16:15:00,chai_biscuit,25
66,2026-01-03 20:15:00,roti_sabzi,60
66,2026-01-04 06:45:00,paratha,55
66,2026-01-04 13:15:00,dal_rice,90
66,2026-01-04 17:00:00,sweets,40
66,2026-01-04 20:30:00,dal_rice,85
66,2026-01-05 07:45:00,paratha,55
66,2026-01-05 13:00:00,dal_rice,90
66,2026-01-05 18:15:00,chai_biscuit,25
66,2026-01-05 19:45:00,roti_sabzi,60
66,2026-01-06 07:45:00,paratha,55
66,2026-01-06 12:15:00,biryani,110
66,2026-01-06 16:45:00,samosa,30
66,2026-01-06 19:45:00,dal_rice,85
66,2026-01-07 08:45:00,paratha,55
66,2026-01-07 13:45:00,dal_rice,90
66,2026-01-07 17:00:00,chai_biscuit,25
66,2026-01-07 20:45:00,roti_sabzi,60
66,2026-01-08 08:00:00,idli_sambar,45
66,2026-01-08 12:45:00,dal_rice,90
66,2026-01-08 16:45:00,chai_biscuit,25
66,2026-01-08 20:45:00,biryani,110
66,2026-01-09 06:45:00,poha,50
66,2026-01-09 12:30:00,rajma_rice,100
66,2026-01-09 17:00:00,chai_biscuit,25
66,2026-01-09 20:15:00,khichdi,65
66,2026-01-10 08:30:00,paratha,55
66,2026-01-10 13:00:00,dal_rice,90
66,2026-01-10 16:30:00,sweets,40
66,2026-01-10 20:00:00,biryani,110
66,2026-01-11 07:45:00,idli_sambar,45
66,2026-01-11 13:15:00,dal_rice,90
66,2026-01-11 16:45:00,sweets,40
66,2026-01-11 20:00:00,biryani,110
66,2026-01-12 08:30:00,dosa,50
66,2026-01-12 12:30:00,roti_sabzi,60
66,2026-01-12 16:45:00,samosa,30
66,2026-01-12 20:30:00,biryani,110
66,2026-01-13 07:45:00,poha,50
66,2026-01-13 13:15:00,roti_sabzi,60
66,2026-01-13 17:00:00,chai_biscuit,25
66,2026-01-13 21:00:00,biryani,110
66,2026-01-14 07:30:00,dosa,50
66,2026-01-14 12:15:00,dal_rice,90
66,2026-01-14 17:30:00,sweets,40
66,2026-01-14 19:30:00,dal_rice,85
67,2026-01-01 07:30:00,dosa,50
67,2026-01-01 14:00:00,dal_rice,90
67,2026-01-01 17:00:00,fruit,20
67,2026-01-01 20:15:00,khichdi,65
67,2026-01-02 07:30:00,idli_sambar,45
67,2026-01-02 11:45:00,biryani,110
67,2026-01-02 16:45:00,fruit,20
67,2026-01-02 20:15:00,khichdi,65
67,2026-01-03 08:00:00,paratha,55
67,2026-01-03 12:45:00,roti_sabzi,60
67,2026-01-03 15:45:00,sweets,40
67,2026-01-03 21:15:00,roti_sabzi,60
67,2026-01-04 07:45:00,idli_sambar,45
67,2026-01-04 12:45:00,rajma_rice,100
67,2026-01-04 17:30:00,samosa,30
67,2026-01-04 20:00:00,roti_sabzi,60
67,2026-01-05 08:00:00,poha,50
67,2026-01-05 13:15:00,roti_sabzi,60
67,2026-01-05 17:30:00,sweets,40
67,2026-01-05 21:00:00,roti_sabzi,60
67,2026-01-06 07:45:00,poha,50
67,2026-01-06 13:15:00,rajma_rice,100
67,2026-01-06 16:45:00,fruit,20
67,2026-01-06 20:30:00,biryani,110
67,2026-01-07 07:45:00,paratha,55
67,2026-01-07 12:45:00,biryani,110
67,2026-01-07 16:00:00,sweets,40
67,2026-01-07 20:45:00,roti_sabzi,60
67,2026-01-08 08:15:00,poha,50
67,2026-01-08 12:30:00,rajma_rice,100
67,2026-01-08 17:00:00,fruit,20
67,2026-01-08 20:30:00,dal_rice,85
67,2026-01-09 08:15:00,poha,50
67,2026-01-09 13:45:00,roti_sabzi,60
67,2026-01-09 17:00:00,sweets,40
67,2026-01-09 20:30:00,khichdi,65
67,2026-01-10 07:45:00,idli_sambar,45
67,2026-01-10 12:45:00,dal_rice,90
67,2026-01-10 17:45:00,samosa,30
67,2026-01-10 20:45:00,roti_sabzi,60
67,2026-01-11 07:15:00,idli_sambar,45
67,2026-01-11 13:00:00,biryani,110
67,2026-01-11 17:30:00,fruit,20
67,2026-01-11 20:30:00,roti_sabzi,60
67,2026-01-12 08:30:00,dosa,50
67,2026-01-12 13:00:00,roti_sabzi,60
67,2026-01-12 16:45:00,sweets,40
67,2026-01-12 20:15:00,khichdi,65
67,2026-01-13 07:30:00,paratha,55
67,2026-01-13 13:45:00,dal_rice,90
67,2026-01-13 16:45:00,fruit,20
67,2026-01-13 21:30:00,khichdi,65
67,2026-01-14 08:00:00,idli_sambar,45
67,2026-01-14 12:00:00,rajma_rice,100
67,2026-01-14 16:45:00,samosa,30
67,2026-01-14 20:15:00,khichdi,65
68,2026-01-01 07:45:00,dosa,50
68,2026-01-01 12:45:00,dal_rice,90
68,2026-01-01 17:45:00,chai_biscuit,25
68,2026-01-01 19:30:00,roti_sabzi,60
68,2026-01-02 07:45:00,dosa,50
68,2026-01-02 13:00:00,rajma_rice,100
68,2026-01-02 16:45:00,chai_biscuit,25
68,2026-01-02 20:00:00,roti_sabzi,60
68,2026-01-03 07:30:00,dosa,50
68,2026-01-03 12:45:00,biryani,110
68,2026-01-03 17:15:00,fruit,20
68,2026-01-03 19:45:00,biryani,110
68,2026-01-04 06:45:00,dosa,50
68,2026-01-04 12:15:00,rajma_rice,100
68,2026-01-04 18:15:00,sweets,40
68,2026-01-04 20:30:00,biryani,110
68,2026-01-05 09:00:00,poha,50
68,2026-01-05 12:15:00,dal_rice,90
68,2026-01-05 17:15:00,fruit,20
68,2026-01-05 20:45:00,roti_sabzi,60
68,2026-01-06 08:30:00,idli_sambar,45
68,2026-01-06 12:15:00,rajma_rice,100
68,2026-01-06 16:45:00,chai_biscuit,25
68,2026-01-06 20:30:00,roti_sabzi,60
68,2026-01-07 07:00:00,poha,50
68,2026-01-07 13:00:00,biryani,110
68,2026-01-07 17:45:00,fruit,20
68,2026-01-07 20:45:00,dal_rice,85
68,2026-01-08 08:15:00,paratha,55
68,2026-01-08 12:45:00,biryani,110
68,2026-01-08 17:30:00,chai_biscuit,25
68,2026-01-08 19:30:00,roti_sabzi,60
68,2026-01-09 08:15:00,idli_sambar,45
68,2026-01-09 13:30:00,roti_sabzi,60
68,2026-01-09 16:00:00,chai_biscuit,25
68,2026-01-09 21:00:00,roti_sabzi,60
68,2026-01-10 07:30:00,poha,50
68,2026-01-10 13:00:00,biryani,110
68,2026-01-10 17:15:00,samosa,30
68,2026-01-10 21:00:00,khichdi,65
68,2026-01-11 08:30:00,paratha,55
68,2026-01-11 14:00:00,biryani,110
68,2026-01-11 16:45:00,samosa,30
68,2026-01-11 21:15:00,roti_sabzi,60
68,2026-01-12 07:15:00,paratha,55
68,2026-01-12 12:30:00,rajma_rice,100
68,2026-01-12 16:00:00,samosa,30
68,2026-01-12 20:45:00,biryani,110
68,2026-01-13 07:15:00,idli_sambar,45
68,2026-01-13 13:00:00,dal_rice,90
68,2026-01-13 18:15:00,fruit,20
68,2026-01-13 20:15:00,dal_rice,85
68,2026-01-14 08:15:00,paratha,55
68,2026-01-14 13:30:00,rajma_rice,100
68,2026-01-14 16:15:00,sweets,40
68,2026-01-14 21:15:00,biryani,110
69,2026-01-01 08:30:00,paratha,55
69,2026-01-01 13:45:00,biryani,110
69,2026-01-01 16:30:00,chai_biscuit,25
69,2026-01-01 20:45:00,khichdi,65
69,2026-01-02 07:30:00,idli_sambar,45
69,2026-01-02 12:15:00,biryani,110
69,2026-01-02 16:30:00,sweets,40
69,2026-01-02 20:15:00,khichdi,65
69,2026-01-03 07:30:00,idli_sambar,45
69,2026-01-03 13:30:00,roti_sabzi,60
69,2026-01-03 16:45:00,sweets,40
69,2026-01-03 20:15:00,biryani,110
69,2026-01-04 08:00:00,dosa,50
69,2026-01-04 13:45:00,rajma_rice,100
69,2026-01-04 17:00:00,chai_biscuit,25
69,2026-01-04 20:45:00,roti_sabzi,60
69,2026-01-05 07:45:00,paratha,55
69,2026-01-05 13:15:00,biryani,110
69,2026-01-05 16:30:00,sweets,40
69,2026-01-05 19:45:00,dal_rice,85
69,2026-01-06 08:30:00,paratha,55
69,2026-01-06 12:30:00,roti_sabzi,60
69,2026-01-06 17:15:00,chai_biscuit,25
69,2026-01-06 19:45:00,biryani,110
69,2026-01-07 08:15:00,dosa,50
69,2026-01-07 12:30:00,roti_sabzi,60
69,2026-01-07 16:30:00,chai_biscuit,25
69,2026-01-07 20:45:00,roti_sabzi,60
69,2026-01-08 08:30:00,idli_sambar,45
69,2026-01-08 12:30:00,dal_rice,90
69,2026-01-08 16:45:00,samosa,30
69,2026-01-08 20:00:00,roti_sabzi,60
69,2026-01-09 08:15:00,paratha,55
69,2026-01-09 13:15:00,dal_rice,90
69,2026-01-09 16:45:00,samosa,30
69,2026-01-09 20:30:00,roti_sabzi,60
69,2026-01-10 07:45:00,poha,50
69,2026-01-10 12:45:00,dal_rice,90
69,2026-01-10 16:45:00,samosa,30
69,2026-01-10 19:45:00,biryani,110
69,2026-01-11 08:15:00,dosa,50
69,2026-01-11 13:00:00,dal_rice,90
69,2026-01-11 17:00:00,chai_biscuit,25
69,2026-01-11 20:15:00,dal_rice,85
69,2026-01-12 08:00:00,idli_sambar,45
69,2026-01-12 12:30:00,dal_rice,90
69,2026-01-12 16:15:00,chai_biscuit,25
69,2026-01-12 19:45:00,khichdi,65
69,2026-01-13 07:30:00,idli_sambar,45
69,2026-01-13 12:15:00,biryani,110
69,2026-01-13 16:15:00,samosa,30
69,2026-01-13 20:15:00,biryani,110
69,2026-01-14 08:00:00,dosa,50
69,2026-01-14 13:15:00,dal_rice,90
69,2026-01-14 16:45:00,sweets,40
69,2026-01-14 20:30:00,khichdi,65
70,2026-01-01 08:15:00,idli_sambar,45
70,2026-01-01 13:00:00,roti_sabzi,60
70,2026-01-01 17:00:00,chai_biscuit,25
70,2026-01-01 20:30:00,dal_rice,85
70,2026-01-02 07:30:00,idli_sambar,45
70,2026-01-02 13:15:00,rajma_rice,100
70,2026-01-02 16:45:00,samosa,30
70,2026-01-02 21:45:00,dal_rice,85
70,2026-01-03 07:45:00,poha,50
70,2026-01-03 13:30:00,rajma_rice,100
70,2026-01-03 16:45:00,fruit,20
70,2026-01-03 20:15:00,khichdi,65
70,2026-01-04 07:30:00,dosa,50
70,2026-01-04 13:45:00,dal_rice,90
70,2026-01-04 17:15:00,fruit,20
70,2026-01-04 19:45:00,khichdi,65
70,2026-01-05 07:45:00,idli_sambar,45
70,2026-01-05 13:30:00,roti_sabzi,60
70,2026-01-05 17:00:00,chai_biscuit,25
70,2026-01-05 19:30:00,biryani,110
70,2026-01-06 08:30:00,idli_sambar,45
70,2026-01-06 13:15:00,dal_rice,90
70,2026-01-06 16:30:00,sweets,40
70,2026-01-06 20:15:00,roti_sabzi,60
70,2026-01-07 07:15:00,paratha,55
70,2026-01-07 12:15:00,roti_sabzi,60
70,2026-01-07 17:30:00,chai_biscuit,25
70,2026-01-07 20:00:00,dal_rice,85
70,2026-01-08 07:15:00,poha,50
70,2026-01-08 13:30:00,dal_rice,90
70,2026-01-08 16:30:00,sweets,40
70,2026-01-08 20:45:00,dal_rice,85
70,2026-01-09 08:15:00,poha,50
70,2026-01-09 13:00:00,dal_rice,90
70,2026-01-09 16:30:00,chai_biscuit,25
70,2026-01-09 20:15:00,dal_rice,85
70,2026-01-10 07:15:00,dosa,50
70,2026-01-10 13:00:00,rajma_rice,100
70,2026-01-10 17:15:00,samosa,30
70,2026-01-10 20:30:00,dal_rice,85
70,2026-01-11 08:30:00,paratha,55
70,2026-01-11 13:30:00,roti_sabzi,60
70,2026-01-11 16:45:00,fruit,20
70,2026-01-11 20:30:00,roti_sabzi,60
70,2026-01-12 08:00:00,poha,50
70,2026-01-12 12:30:00,rajma_rice,100
70,2026-01-12 17:30:00,sweets,40
70,2026-01-12 19:15:00,roti_sabzi,60
70,2026-01-13 08:15:00,poha,50
70,2026-01-13 13:15:00,roti_sabzi,60
70,2026-01-13 16:45:00,samosa,30
70,2026-01-13 20:45:00,khichdi,65
70,2026-01-14 07:45:00,poha,50
70,2026-01-14 12:45:00,dal_rice,90
70,2026-01-14 17:30:00,sweets,40
70,2026-01-14 20:45:00,biryani,110
71,2026-01-01 08:15:00,poha,50
71,2026-01-01 13:30:00,biryani,110
71,2026-01-01 16:30:00,chai_biscuit,25
71,2026-01-01 19:45:00,khichdi,65
71,2026-01-02 08:00:00,paratha,55
71,2026-01-02 14:30:00,rajma_rice,100
71,2026-01-02 15:45:00,samosa,30
71,2026-01-02 20:00:00,biryani,110
71,2026-01-03 08:00:00,poha,50
71,2026-01-03 11:15:00,biryani,110
71,2026-01-03 16:30:00,fruit,20
71,2026-01-03 20:30:00,biryani,110
71,2026-01-04 08:30:00,idli_sambar,45
71,2026-01-04 13:00:00,rajma_rice,100
71,2026-01-04 16:45:00,samosa,30
71,2026-01-04 20:45:00,dal_rice,85
71,2026-01-05 08:15:00,paratha,55
71,2026-01-05 12:00:00,rajma_rice,100
71,2026-01-05 16:45:00,sweets,40
71,2026-01-05 21:00:00,roti_sabzi,60
71,2026-01-06 08:15:00,poha,50
71,2026-01-06 12:45:00,dal_rice,90
71,2026-01-06 17:00:00,chai_biscuit,25
71,2026-01-06 20:30:00,dal_rice,85
71,2026-01-07 08:00:00,paratha,55
71,2026-01-07 13:15:00,roti_sabzi,60
71,2026-01-07 17:30:00,samosa,30
71,2026-01-07 20:15:00,khichdi,65
71,2026-01-08 08:30:00,idli_sambar,45
71,2026-01-08 13:45:00,roti_sabzi,60
71,2026-01-08 17:15:00,samosa,30
71,2026-01-08 20:30:00,biryani,110
71,2026-01-09 08:15:00,paratha,55
71,2026-01-09 12:30:00,dal_rice,90
71,2026-01-09 16:45:00,sweets,40
71,2026-01-09 20:45:00,khichdi,65
71,2026-01-10 08:15:00,poha,50
71,2026-01-10 12:00:00,biryani,110
71,2026-01-10 16:00:00,sweets,40
71,2026-01-10 20:30:00,khichdi,65
71,2026-01-11 08:15:00,paratha,55
71,2026-01-11 12:45:00,roti_sabzi,60
71,2026-01-11 18:00:00,fruit,20
71,2026-01-11 21:00:00,biryani,110
71,2026-01-12 08:00:00,poha,50
71,2026-01-12 12:45:00,roti_sabzi,60
71,2026-01-12 16:45:00,fruit,20
71,2026-01-12 20:30:00,biryani,110
71,2026-01-13 08:00:00,paratha,55
71,2026-01-13 12:00:00,rajma_rice,100
71,2026-01-13 16:45:00,samosa,30
71,2026-01-13 19:30:00,khichdi,65
71,2026-01-14 08:30:00,paratha,55
71,2026-01-14 13:00:00,roti_sabzi,60
71,2026-01-14 16:45:00,samosa,30
71,2026-01-14 20:15:00,khichdi,65
72,2026-01-01 07:45:00,idli_sambar,45
72,2026-01-01 12:30:00,dal_rice,90
72,2026-01-01 17:00:00,chai_biscuit,25
72,2026-01-01 20:15:00,biryani,110
72,2026-01-02 08:15:00,idli_sambar,45
72,2026-01-02 13:15:00,rajma_rice,100
72,2026-01-02 16:45:00,fruit,20
72,2026-01-02 20:45:00,biryani,110
72,2026-01-03 07:15:00,poha,50
72,2026-01-03 13:30:00,biryani,110
72,2026-01-03 17:30:00,fruit,20
72,2026-01-03 20:30:00,dal_rice,85
72,2026-01-04 08:30:00,poha,50
72,2026-01-04 13:00:00,rajma_rice,100
72,2026-01-04 17:00:00,samosa,30
72,2026-01-04 20:45:00,khichdi,65
72,2026-01-05 07:45:00,paratha,55
72,2026-01-05 12:30:00,dal_rice,90
72,2026-01-05 16:45:00,samosa,30
72,2026-01-05 20:00:00,khichdi,65
72,2026-01-06 07:30:00,dosa,50
72,2026-01-06 12:30:00,biryani,110
72,2026-01-06 16:30:00,fruit,20
72,2026-01-06 19:30:00,biryani,110
72,2026-01-07 08:30:00,paratha,55
72,2026-01-07 12:00:00,biryani,110
72,2026-01-07 17:30:00,sweets,40
72,2026-01-07 19:45:00,roti_sabzi,60
72,2026-01-08 08:15:00,dosa,50
72,2026-01-08 12:15:00,dal_rice,90
72,2026-01-08 17:15:00,chai_biscuit,25
72,2026-01-08 20:30:00,khichdi,65
72,2026-01-09 07:30:00,dosa,50
72,2026-01-09 12:45:00,rajma_rice,100
72,2026-01-09 16:30:00,chai_biscuit,25
72,2026-01-09 20:00:00,roti_sabzi,60
72,2026-01-10 07:30:00,idli_sambar,45
72,2026-01-10 11:45:00,biryani,110
72,2026-01-10 16:30:00,chai_biscuit,25
72,2026-01-10 21:30:00,biryani,110
72,2026-01-11 06:45:00,idli_sambar,45
72,2026-01-11 13:00:00,roti_sabzi,60
72,2026-01-11 17:00:00,fruit,20
72,2026-01-11 19:45:00,roti_sabzi,60
72,2026-01-12 07:30:00,paratha,55
72,2026-01-12 12:00:00,biryani,110
72,2026-01-12 17:15:00,fruit,20
72,2026-01-12 19:45:00,dal_rice,85
72,2026-01-13 09:00:00,paratha,55
72,2026-01-13 12:15:00,roti_sabzi,60
72,2026-01-13 16:15:00,fruit,20
72,2026-01-13 21:00:00,dal_rice,85
72,2026-01-14 08:15:00,dosa,50
72,2026-01-14 13:00:00,roti_sabzi,60
72,2026-01-14 17:00:00,sweets,40
72,2026-01-14 20:45:00,dal_rice,85
73,2026-01-01 08:00:00,dosa,50
73,2026-01-01 13:15:00,dal_rice,90
73,2026-01-01 16:45:00,chai_biscuit,25
73,2026-01-01 21:00:00,dal_rice,85
73,2026-01-02 08:30:00,idli_sambar,45
73,2026-01-02 13:45:00,dal_rice,90
73,2026-01-02 16:30:00,chai_biscuit,25
73,2026-01-02 21:15:00,roti_sabzi,60
73,2026-01-03 09:00:00,idli_sambar,45
73,2026-01-03 13:00:00,rajma_rice,100
73,2026-01-03 17:15:00,sweets,40
73,2026-01-03 20:45:00,dal_rice,85
73,2026-01-04 07:00:00,poha,50
73,2026-01-04 12:45:00,roti_sabzi,60
73,2026-01-04 17:00:00,fruit,20
73,2026-01-04 20:00:00,khichdi,65
73,2026-01-05 07:00:00,dosa,50
73,2026-01-05 13:30:00,roti_sabzi,60
73,2026-01-05 16:30:00,fruit,20
73,2026-01-05 20:45:00,roti_sabzi,60
73,2026-01-06 08:15:00,poha,50
73,2026-01-06 12:45:00,rajma_rice,100
73,2026-01-06 16:45:00,fruit,20
73,2026-01-06 20:15:00,biryani,110
73,2026-01-07 07:45:00,poha,50
73,2026-01-07 13:15:00,rajma_rice,100
73,2026-01-07 16:45:00,sweets,40
73,2026-01-07 21:30:00,khichdi,65
73,2026-01-08 07:30:00,poha,50
73,2026-01-08 12:45:00,rajma_rice,100
73,2026-01-08 18:00:00,fruit,20
73,2026-01-08 20:00:00,dal_rice,85
73,2026-01-09 08:00:00,idli_sambar,45
73,2026-01-09 13:00:00,biryani,110
73,2026-01-09 17:00:00,samosa,30
73,2026-01-09 20:45:00,khichdi,65
73,2026-01-10 07:15:00,paratha,55
73,2026-01-10 12:30:00,biryani,110
73,2026-01-10 17:00:00,fruit,20
73,2026-01-10 20:45:00,dal_rice,85
73,2026-01-11 08:15:00,paratha,55
73,2026-01-11 13:15:00,dal_rice,90
73,2026-01-11 16:00:00,samosa,30
73,2026-01-11 20:30:00,biryani,110
73,2026-01-12 08:00:00,dosa,50
73,2026-01-12 13:00:00,rajma_rice,100
73,2026-01-12 17:00:00,sweets,40
73,2026-01-12 19:45:00,khichdi,65
73,2026-01-13 09:15:00,dosa,50
73,2026-01-13 13:45:00,roti_sabzi,60
73,2026-01-13 17:00:00,samosa,30
73,2026-01-13 21:15:00,khichdi,65
73,2026-01-14 07:15:00,poha,50
73,2026-01-14 13:30:00,rajma_rice,100
73,2026-01-14 17:00:00,sweets,40
73,2026-01-14 20:30:00,khichdi,65
74,2026-01-01 08:00:00,paratha,55
74,2026-01-01 12:30:00,roti_sabzi,60
74,2026-01-01 16:30:00,chai_biscuit,25
74,2026-01-01 20:15:00,khichdi,65
74,2026-01-02 07:00:00,dosa,50
74,2026-01-02 12:45:00,rajma_rice,100
74,2026-01-02 17:15:00,fruit,20
74,2026-01-02 20:00:00,roti_sabzi,60
74,2026-01-03 07:45:00,poha,50
74,2026-01-03 13:00:00,roti_sabzi,60
74,2026-01-03 16:00:00,sweets,40
74,2026-01-03 19:30:00,biryani,110
74,2026-01-04 08:30:00,paratha,55
74,2026-01-04 13:15:00,roti_sabzi,60
74,2026-01-04 16:45:00,samosa,30
74,2026-01-04 20:15:00,roti_sabzi,60
74,2026-01-05 09:00:00,paratha,55
74,2026-01-05 12:45:00,roti_sabzi,60
74,2026-01-05 17:15:00,chai_biscuit,25
74,2026-01-05 20:00:00,khichdi,65
74,2026-01-06 08:15:00,poha,50
74,2026-01-06 12:30:00,roti_sabzi,60
74,2026-01-06 17:00:00,samosa,30
74,2026-01-06 19:30:00,khichdi,65
74,2026-01-07 07:30:00,dosa,50
74,2026-01-07 12:30:00,rajma_rice,100
74,2026-01-07 17:00:00,sweets,40
74,2026-01-07 21:00:00,biryani,110
74,2026-01-08 08:00:00,paratha,55
74,2026-01-08 12:15:00,roti_sabzi,60
74,2026-01-08 17:15:00,sweets,40
74,2026-01-08 20:45:00,roti_sabzi,60
74,2026-01-09 08:00:00,poha,50
74,2026-01-09 13:15:00,rajma_rice,100
74,2026-01-09 16:15:00,samosa,30
74,2026-01-09 20:45:00,roti_sabzi,60
74,2026-01-10 08:15:00,dosa,50
74,2026-01-10 13:15:00,biryani,110
74,2026-01-10 18:00:00,samosa,30
74,2026-01-10 20:00:00,dal_rice,85
74,2026-01-11 08:30:00,idli_sambar,45
74,2026-01-11 13:30:00,dal_rice,90
74,2026-01-11 17:15:00,chai_biscuit,25
74,2026-01-11 20:15:00,dal_rice,85
74,2026-01-12 08:30:00,dosa,50
74,2026-01-12 13:15:00,rajma_rice,100
74,2026-01-12 17:00:00,fruit,20
74,2026-01-12 19:30:00,khichdi,65
74,2026-01-13 08:30:00,dosa,50
74,2026-01-13 12:30:00,rajma_rice,100
74,2026-01-13 17:30:00,fruit,20
74,2026-01-13 21:00:00,dal_rice,85
74,2026-01-14 07:30:00,idli_sambar,45
74,2026-01-14 13:00:00,biryani,110
74,2026-01-14 16:00:00,sweets,40
74,2026-01-14 19:30:00,roti_sabzi,60
75,2026-01-01 07:15:00,dosa,50
75,2026-01-01 13:15:00,roti_sabzi,60
75,2026-01-01 16:30:00,sweets,40
75,2026-01-01 19:45:00,roti_sabzi,60
75,2026-01-02 08:00:00,idli_sambar,45
75,2026-01-02 13:15:00,biryani,110
75,2026-01-02 17:30:00,samosa,30
75,2026-01-02 21:15:00,dal_rice,85
75,2026-01-03 07:45:00,poha,50
75,2026-01-03 12:00:00,rajma_rice,100
75,2026-01-03 16:45:00,chai_biscuit,25
75,2026-01-03 21:00:00,dal_rice,85
75,2026-01-04 07:30:00,paratha,55
75,2026-01-04 13:15:00,roti_sabzi,60
75,2026-01-04 19:00:00,chai_biscuit,25
75,2026-01-04 20:45:00,dal_rice,85
75,2026-01-05 07:45:00,idli_sambar,45
75,2026-01-05 12:00:00,roti_sabzi,60
75,2026-01-05 17:00:00,samosa,30
75,2026-01-05 20:00:00,dal_rice,85
75,2026-01-06 08:00:00,poha,50
75,2026-01-06 12:30:00,roti_sabzi,60
75,2026-01-06 17:15:00,chai_biscuit,25
75,2026-01-06 20:00:00,khichdi,65
75,2026-01-07 08:45:00,paratha,55
75,2026-01-07 13:00:00,roti_sabzi,60
75,2026-01-07 17:00:00,samosa,30
75,2026-01-07 21:30:00,biryani,110
75,2026-01-08 07:30:00,poha,50
75,2026-01-08 13:00:00,dal_rice,90
75,2026-01-08 17:00:00,sweets,40
75,2026-01-08 20:00:00,khichdi,65
75,2026-01-09 08:00:00,idli_sambar,45
75,2026-01-09 13:30:00,rajma_rice,100
75,2026-01-09 16:45:00,samosa,30
75,2026-01-09 20:15:00,biryani,110
75,2026-01-10 08:15:00,idli_sambar,45
75,2026-01-10 12:15:00,dal_rice,90
75,2026-01-10 17:15:00,samosa,30
75,2026-01-10 20:30:00,biryani,110
75,2026-01-11 07:30:00,dosa,50
75,2026-01-11 12:30:00,biryani,110
75,2026-01-11 15:15:00,samosa,30
75,2026-01-11 20:00:00,biryani,110
75,2026-01-12 07:45:00,idli_sambar,45
75,2026-01-12 12:45:00,roti_sabzi,60
75,2026-01-12 17:00:00,sweets,40
75,2026-01-12 20:00:00,khichdi,65
75,2026-01-13 07:00:00,dosa,50
75,2026-01-13 13:00:00,biryani,110
75,2026-01-13 17:00:00,fruit,20
75,2026-01-13 20:45:00,roti_sabzi,60
75,2026-01-14 08:45:00,paratha,55
75,2026-01-14 12:15:00,roti_sabzi,60
75,2026-01-14 17:00:00,fruit,20
75,2026-01-14 19:45:00,khichdi,65
76,2026-01-01 07:30:00,idli_sambar,45
76,2026-01-01 13:15:00,dal_rice,90
76,2026-01-01 16:45:00,chai_biscuit,25
76,2026-01-01 19:45:00,biryani,110
76,2026-01-02 07:15:00,dosa,50
76,2026-01-02 13:00:00,roti_sabzi,60
76,2026-01-02 17:00:00,samosa,30
76,2026-01-02 20:45:00,khichdi,65
76,2026-01-03 08:15:00,paratha,55
76,2026-01-03 12:45:00,biryani,110
76,2026-01-03 17:00:00,sweets,40
76,2026-01-03 20:15:00,biryani,110
76,2026-01-04 08:30:00,poha,50
76,2026-01-04 13:45:00,biryani,110
76,2026-01-04 15:45:00,sweets,40
76,2026-01-04 19:45:00,roti_sabzi,60
76,2026-01-05 08:30:00,poha,50
76,2026-01-05 13:45:00,rajma_rice,100
76,2026-01-05 16:30:00,sweets,40
76,2026-01-05 21:15:00,biryani,110
76,2026-01-06 08:00:00,paratha,55
76,2026-01-06 12:30:00,roti_sabzi,60
76,2026-01-06 16:45:00,chai_biscuit,25
76,2026-01-06 20:00:00,roti_sabzi,60
76,2026-01-07 08:00:00,idli_sambar,45
76,2026-01-07 13:15:00,biryani,110
76,2026-01-07 16:45:00,samosa,30
76,2026-01-07 20:15:00,dal_rice,85
76,2026-01-08 07:30:00,idli_sambar,45
76,2026-01-08 12:30:00,roti_sabzi,60
76,2026-01-08 16:00:00,chai_biscuit,25
76,2026-01-08 20:30:00,roti_sabzi,60
76,2026-01-09 07:30:00,paratha,55
76,2026-01-09 13:00:00,roti_sabzi,60
76,2026-01-09 16:00:00,samosa,30
76,2026-01-09 21:00:00,dal_rice,85
76,2026-01-10 07:30:00,poha,50
76,2026-01-10 12:15:00,dal_rice,90
76,2026-01-10 16:30:00,sweets,40
76,2026-01-10 20:00:00,khichdi,65
76,2026-01-11 07:15:00,dosa,50
76,2026-01-11 13:45:00,biryani,110
76,2026-01-11 16:00:00,fruit,20
76,2026-01-11 20:15:00,khichdi,65
76,2026-01-12 08:00:00,paratha,55
76,2026-01-12 12:30:00,roti_sabzi,60
76,2026-01-12 17:00:00,chai_biscuit,25
76,2026-01-12 20:30:00,khichdi,65
76,2026-01-13 08:00:00,paratha,55
76,2026-01-13 13:00:00,dal_rice,90
76,2026-01-13 16:15:00,chai_biscuit,25
76,2026-01-13 20:15:00,dal_rice,85
76,2026-01-14 08:00:00,paratha,55
76,2026-01-14 13:15:00,biryani,110
76,2026-01-14 17:15:00,sweets,40
76,2026-01-14 20:30:00,roti_sabzi,60
77,2026-01-01 07:15:00,idli_sambar,45
77,2026-01-01 13:00:00,roti_sabzi,60
77,2026-01-01 17:00:00,chai_biscuit,25
77,2026-01-01 20:00:00,roti_sabzi,60
77,2026-01-02 07:15:00,paratha,55
77,2026-01-02 12:15:00,roti_sabzi,60
77,2026-01-02 16:45:00,sweets,40
77,2026-01-02 20:00:00,roti_sabzi,60
77,2026-01-03 07:30:00,paratha,55
77,2026-01-03 12:45:00,rajma_rice,100
77,2026-01-03 16:45:00,chai_biscuit,25
77,2026-01-03 20:00:00,dal_rice,85
77,2026-01-04 08:00:00,poha,50
77,2026-01-04 13:15:00,biryani,110
77,2026-01-04 16:30:00,samosa,30
77,2026-01-04 20:30:00,dal_rice,85
77,2026-01-05 08:15:00,idli_sambar,45
77,2026-01-05 13:00:00,rajma_rice,100
77,2026-01-05 17:00:00,sweets,40
77,2026-01-05 20:30:00,biryani,110
77,2026-01-06 07:30:00,paratha,55
77,2026-01-06 13:00:00,roti_sabzi,60
77,2026-01-06 17:15:00,sweets,40
77,2026-01-06 19:45:00,roti_sabzi,60
77,2026-01-07 07:00:00,poha,50
77,2026-01-07 12:30:00,dal_rice,90
77,2026-01-07 16:15:00,sweets,40
77,2026-01-07 20:45:00,khichdi,65
77,2026-01-08 08:30:00,paratha,55
77,2026-01-08 11:30:00,roti_sabzi,60
77,2026-01-08 16:00:00,samosa,30
77,2026-01-08 20:30:00,dal_rice,85
77,2026-01-09 08:00:00,dosa,50
77,2026-01-09 13:00:00,rajma_rice,100
77,2026-01-09 17:30:00,chai_biscuit,25
77,2026-01-09 21:00:00,roti_sabzi,60
77,2026-01-10 07:30:00,poha,50
77,2026-01-10 13:00:00,roti_sabzi,60
77,2026-01-10 16:30:00,chai_biscuit,25
77,2026-01-10 20:15:00,khichdi,65
77,2026-01-11 08:00:00,idli_sambar,45
77,2026-01-11 12:00:00,rajma_rice,100
77,2026-01-11 17:00:00,samosa,30
77,2026-01-11 19:45:00,khichdi,65
77,2026-01-12 07:15:00,idli_sambar,45
77,2026-01-12 13:00:00,biryani,110
77,2026-01-12 16:00:00,samosa,30
77,2026-01-12 20:00:00,biryani,110
77,2026-01-13 07:30:00,dosa,50
77,2026-01-13 12:30:00,dal_rice,90
77,2026-01-13 16:30:00,sweets,40
77,2026-01-13 20:15:00,biryani,110
77,2026-01-14 07:45:00,idli_sambar,45
77,2026-01-14 12:45:00,dal_rice,90
77,2026-01-14 16:45:00,sweets,40
77,2026-01-14 19:45:00,roti_sabzi,60
78,2026-01-01 08:15:00,idli_sambar,45
78,2026-01-01 12:15:00,rajma_rice,100
78,2026-01-01 16:45:00,fruit,20
78,2026-01-01 21:00:00,roti_sabzi,60
78,2026-01-02 07:45:00,poha,50
78,2026-01-02 13:15:00,biryani,110
78,2026-01-02 17:15:00,chai_biscuit,25
78,2026-01-02 21:15:00,dal_rice,85
78,2026-01-03 08:00:00,paratha,55
78,2026-01-03 13:15:00,roti_sabzi,60
78,2026-01-03 17:30:00,fruit,20
78,2026-01-03 20:00:00,roti_sabzi,60
78,2026-01-04 07:30:00,poha,50
78,2026-01-04 12:45:00,biryani,110
78,2026-01-04 17:15:00,samosa,30
78,2026-01-04 20:15:00,dal_rice,85
78,2026-01-05 07:15:00,poha,50
78,2026-01-05 13:15:00,rajma_rice,100
78,2026-01-05 16:15:00,chai_biscuit,25
78,2026-01-05 20:15:00,khichdi,65
78,2026-01-06 08:15:00,paratha,55
78,2026-01-06 13:00:00,biryani,110
78,2026-01-06 17:00:00,fruit,20
78,2026-01-06 21:15:00,roti_sabzi,60
78,2026-01-07 07:30:00,poha,50
78,2026-01-07 12:30:00,dal_rice,90
78,2026-01-07 17:15:00,samosa,30
78,2026-01-07 20:45:00,khichdi,65
78,2026-01-08 07:15:00,paratha,55
78,2026-01-08 13:00:00,biryani,110
78,2026-01-08 17:00:00,chai_biscuit,25
78,2026-01-08 19:45:00,roti_sabzi,60
78,2026-01-09 07:30:00,dosa,50
78,2026-01-09 13:15:00,roti_sabzi,60
78,2026-01-09 17:00:00,sweets,40
78,2026-01-09 20:30:00,biryani,110
78,2026-01-10 08:00:00,dosa,50
78,2026-01-10 13:00:00,biryani,110
78,2026-01-10 16:15:00,chai_biscuit,25
78,2026-01-10 20:45:00,roti_sabzi,60
78,2026-01-11 08:15:00,dosa,50
78,2026-01-11 12:15:00,roti_sabzi,60
78,2026-01-11 17:30:00,sweets,40
78,2026-01-11 20:45:00,dal_rice,85
78,2026-01-12 07:45:00,paratha,55
78,2026-01-12 12:30:00,roti_sabzi,60
78,2026-01-12 16:30:00,sweets,40
78,2026-01-12 21:15:00,khichdi,65
78,2026-01-13 07:00:00,paratha,55
78,2026-01-13 12:45:00,rajma_rice,100
78,2026-01-13 16:15:00,samosa,30
78,2026-01-13 21:00:00,roti_sabzi,60
78,2026-01-14 07:30:00,idli_sambar,45
78,2026-01-14 12:30:00,dal_rice,90
78,2026-01-14 17:00:00,sweets,40
78,2026-01-14 20:30:00,biryani,110
79,2026-01-01 07:00:00,dosa,50
79,2026-01-01 12:45:00,biryani,110
79,2026-01-01 17:30:00,sweets,40
79,2026-01-01 20:30:00,biryani,110
79,2026-01-02 07:15:00,paratha,55
79,2026-01-02 12:45:00,roti_sabzi,60
79,2026-01-02 17:00:00,samosa,30
79,2026-01-02 20:15:00,roti_sabzi,60
79,2026-01-03 07:30:00,dosa,50
79,2026-01-03 12:30:00,rajma_rice,100
79,2026-01-03 16:15:00,chai_biscuit,25
79,2026-01-03 19:30:00,khichdi,65
79,2026-01-04 07:15:00,paratha,55
79,2026-01-04 12:15:00,biryani,110
79,2026-01-04 17:15:00,sweets,40
79,2026-01-04 20:30:00,biryani,110
79,2026-01-05 08:15:00,paratha,55
79,2026-01-05 12:45:00,dal_rice,90
79,2026-01-05 17:15:00,chai_biscuit,25
79,2026-01-05 20:15:00,dal_rice,85
79,2026-01-06 07:30:00,idli_sambar,45
79,2026-01-06 13:15:00,dal_rice,90
79,2026-01-06 16:45:00,fruit,20
79,2026-01-06 19:45:00,biryani,110
79,2026-01-07 07:15:00,dosa,50
79,2026-01-07 13:00:00,roti_sabzi,60
79,2026-01-07 17:15:00,chai_biscuit,25
79,2026-01-07 20:30:00,roti_sabzi,60
79,2026-01-08 08:00:00,dosa,50
79,2026-01-08 13:15:00,dal_rice,90
79,2026-01-08 16:45:00,sweets,40
79,2026-01-08 20:45:00,dal_rice,85
79,2026-01-09 08:15:00,dosa,50
79,2026-01-09 13:30:00,dal_rice,90
79,2026-01-09 16:15:00,chai_biscuit,25
79,2026-01-09 20:00:00,khichdi,65
79,2026-01-10 07:30:00,poha,50
79,2026-01-10 12:00:00,rajma_rice,100
79,2026-01-10 17:15:00,sweets,40
79,2026-01-10 19:45:00,khichdi,65
79,2026-01-11 07:45:00,paratha,55
79,2026-01-11 12:15:00,dal_rice,90
79,2026-01-11 17:30:00,fruit,20
79,2026-01-11 20:30:00,khichdi,65
79,2026-01-12 08:30:00,paratha,55
79,2026-01-12 13:00:00,roti_sabzi,60
79,2026-01-12 17:00:00,sweets,40
79,2026-01-12 19:30:00,roti_sabzi,60
79,2026-01-13 07:45:00,poha,50
79,2026-01-13 12:45:00,dal_rice,90
79,2026-01-13 16:45:00,samosa,30
79,2026-01-13 20:00:00,dal_rice,85
79,2026-01-14 08:00:00,idli_sambar,45
79,2026-01-14 13:15:00,biryani,110
79,2026-01-14 16:30:00,fruit,20
79,2026-01-14 20:15:00,biryani,110
80,2026-01-01 07:15:00,paratha,55
80,2026-01-01 13:00:00,dal_rice,90
80,2026-01-01 16:30:00,chai_biscuit,25
80,2026-01-01 21:00:00,khichdi,65
80,2026-01-02 07:15:00,poha,50
80,2026-01-02 12:15:00,biryani,110
80,2026-01-02 16:45:00,chai_biscuit,25
80,2026-01-02 20:30:00,dal_rice,85
80,2026-01-03 07:15:00,dosa,50
80,2026-01-03 13:00:00,dal_rice,90
80,2026-01-03 17:30:00,fruit,20
80,2026-01-03 21:00:00,khichdi,65
80,2026-01-04 08:00:00,paratha,55
80,2026-01-04 12:45:00,biryani,110
80,2026-01-04 16:45:00,samosa,30
80,2026-01-04 20:00:00,biryani,110
80,2026-01-05 08:30:00,dosa,50
80,2026-01-05 12:45:00,roti_sabzi,60
80,2026-01-05 15:45:00,samosa,30
80,2026-01-05 20:15:00,dal_rice,85
80,2026-01-06 07:30:00,dosa,50
80,2026-01-06 13:15:00,dal_rice,90
80,2026-01-06 16:45:00,fruit,20
80,2026-01-06 21:00:00,biryani,110
80,2026-01-07 07:45:00,paratha,55
80,2026-01-07 14:00:00,roti_sabzi,60
80,2026-01-07 16:30:00,fruit,20
80,2026-01-07 18:45:00,biryani,110
80,2026-01-08 07:45:00,paratha,55
80,2026-01-08 13:00:00,dal_rice,90
80,2026-01-08 16:15:00,fruit,20
80,2026-01-08 20:45:00,khichdi,65
80,2026-01-09 07:15:00,paratha,55
80,2026-01-09 13:15:00,rajma_rice,100
80,2026-01-09 16:45:00,sweets,40
80,2026-01-09 20:30:00,roti_sabzi,60
80,2026-01-10 08:45:00,poha,50
80,2026-01-10 12:45:00,biryani,110
80,2026-01-10 17:15:00,chai_biscuit,25
80,2026-01-10 20:30:00,biryani,110
80,2026-01-11 07:30:00,paratha,55
80,2026-01-11 13:45:00,rajma_rice,100
80,2026-01-11 17:00:00,chai_biscuit,25
80,2026-01-11 20:45:00,dal_rice,85
80,2026-01-12 07:30:00,dosa,50
80,2026-01-12 12:30:00,rajma_rice,100
80,2026-01-12 16:30:00,chai_biscuit,25
80,2026-01-12 21:30:00,roti_sabzi,60
80,2026-01-13 07:45:00,dosa,50
80,2026-01-13 12:00:00,dal_rice,90
80,2026-01-13 16:30:00,fruit,20
80,2026-01-13 20:00:00,dal_rice,85
80,2026-01-14 07:30:00,poha,50
80,2026-01-14 12:45:00,dal_rice,90
80,2026-01-14 18:15:00,samosa,30
80,2026-01-14 20:45:00,khichdi,65
81,2026-01-01 08:00:00,idli_sambar,45
81,2026-01-01 13:15:00,biryani,110
81,2026-01-01 17:30:00,fruit,20
81,2026-01-01 19:45:00,biryani,110
81,2026-01-02 07:30:00,idli_sambar,45
81,2026-01-02 13:00:00,biryani,110
81,2026-01-02 16:45:00,chai_biscuit,25
81,2026-01-02 20:45:00,khichdi,65
81,2026-01-03 08:15:00,poha,50
81,2026-01-03 12:30:00,biryani,110
81,2026-01-03 15:45:00,fruit,20
81,2026-01-03 20:30:00,roti_sabzi,60
81,2026-01-04 08:15:00,poha,50
81,2026-01-04 12:45:00,dal_rice,90
81,2026-01-04 17:00:00,sweets,40
81,2026-01-04 19:45:00,biryani,110
81,2026-01-05 07:45:00,paratha,55
81,2026-01-05 12:45:00,roti_sabzi,60
81,2026-01-05 18:15:00,samosa,30
81,2026-01-05 20:15:00,dal_rice,85
81,2026-01-06 08:00:00,dosa,50
81,2026-01-06 13:30:00,biryani,110
81,2026-01-06 17:30:00,fruit,20
81,2026-01-06 20:30:00,khichdi,65
81,2026-01-07 07:00:00,dosa,50
81,2026-01-07 13:30:00,rajma_rice,100
81,2026-01-07 16:30:00,sweets,40
81,2026-01-07 20:15:00,biryani,110
81,2026-01-08 07:00:00,dosa,50
81,2026-01-08 12:15:00,rajma_rice,100
81,2026-01-08 16:45:00,samosa,30
81,2026-01-08 20:45:00,dal_rice,85
81,2026-01-09 07:45:00,poha,50
81,2026-01-09 13:15:00,dal_rice,90
81,2026-01-09 17:45:00,sweets,40
81,2026-01-09 20:15:00,dal_rice,85
81,2026-01-10 07:00:00,poha,50
81,2026-01-10 13:15:00,biryani,110
81,2026-01-10 17:00:00,fruit,20
81,2026-01-10 20:00:00,roti_sabzi,60
81,2026-01-11 07:30:00,idli_sambar,45
81,2026-01-11 12:30:00,rajma_rice,100
81,2026-01-11 16:30:00,chai_biscuit,25
81,2026-01-11 19:30:00,roti_sabzi,60
81,2026-01-12 07:30:00,paratha,55
81,2026-01-12 12:00:00,dal_rice,90
81,2026-01-12 17:15:00,sweets,40
81,2026-01-12 20:30:00,biryani,110
81,2026-01-13 08:30:00,poha,50
81,2026-01-13 13:00:00,dal_rice,90
81,2026-01-13 16:30:00,chai_biscuit,25
81,2026-01-13 19:45:00,biryani,110
81,2026-01-14 08:00:00,paratha,55
81,2026-01-14 12:15:00,biryani,110
81,2026-01-14 17:15:00,sweets,40
81,2026-01-14 21:00:00,roti_sabzi,60
82,2026-01-01 07:45:00,dosa,50
82,2026-01-01 12:15:00,roti_sabzi,60
82,2026-01-01 16:30:00,chai_biscuit,25
82,2026-01-01 20:00:00,biryani,110
82,2026-01-02 08:15:00,idli_sambar,45
82,2026-01-02 13:30:00,biryani,110
82,2026-01-02 16:30:00,chai_biscuit,25
82,2026-01-02 20:30:00,khichdi,65
82,2026-01-03 07:15:00,poha,50
82,2026-01-03 12:45:00,dal_rice,90
82,2026-01-03 16:45:00,fruit,20
82,2026-01-03 20:00:00,roti_sabzi,60
82,2026-01-04 07:30:00,poha,50
82,2026-01-04 12:45:00,roti_sabzi,60
82,2026-01-04 16:30:00,chai_biscuit,25
82,2026-01-04 20:30:00,dal_rice,85
82,2026-01-05 08:00:00,poha,50
82,2026-01-05 12:30:00,rajma_rice,100
82,2026-01-05 17:45:00,fruit,20
82,2026-01-05 20:30:00,dal_rice,85
82,2026-01-06 08:00:00,idli_sambar,45
82,2026-01-06 13:00:00,biryani,110
82,2026-01-06 17:00:00,chai_biscuit,25
82,2026-01-06 20:45:00,khichdi,65
82,2026-01-07 07:30:00,idli_sambar,45
82,2026-01-07 13:30:00,rajma_rice,100
82,2026-01-07 17:00:00,sweets,40
82,2026-01-07 21:00:00,dal_rice,85
82,2026-01-08 08:00:00,paratha,55
82,2026-01-08 13:30:00,dal_rice,90
82,2026-01-08 17:15:00,samosa,30
82,2026-01-08 19:45:00,biryani,110
82,2026-01-09 07:30:00,paratha,55
82,2026-01-09 12:30:00,biryani,110
82,2026-01-09 17:30:00,chai_biscuit,25
82,2026-01-09 19:45:00,biryani,110
82,2026-01-10 08:30:00,dosa,50
82,2026-01-10 13:15:00,rajma_rice,100
82,2026-01-10 17:45:00,chai_biscuit,25
82,2026-01-10 20:30:00,roti_sabzi,60
82,2026-01-11 07:45:00,dosa,50
82,2026-01-11 13:30:00,dal_rice,90
82,2026-01-11 16:45:00,sweets,40
82,2026-01-11 19:45:00,khichdi,65
82,2026-01-12 08:00:00,idli_sambar,45
82,2026-01-12 12:30:00,biryani,110
82,2026-01-12 16:00:00,sweets,40
82,2026-01-12 19:15:00,biryani,110
82,2026-01-13 08:00:00,idli_sambar,45
82,2026-01-13 13:00:00,biryani,110
82,2026-01-13 17:45:00,fruit,20
82,2026-01-13 20:15:00,roti_sabzi,60
82,2026-01-14 07:00:00,idli_sambar,45
82,2026-01-14 13:00:00,dal_rice,90
82,2026-01-14 16:45:00,chai_biscuit,25
82,2026-01-14 20:00:00,roti_sabzi,60
83,2026-01-01 08:30:00,dosa,50
83,2026-01-01 12:00:00,biryani,110
83,2026-01-01 17:45:00,fruit,20
83,2026-01-01 19:45:00,biryani,110
83,2026-01-02 07:15:00,dosa,50
83,2026-01-02 13:30:00,rajma_rice,100
83,2026-01-02 16:30:00,chai_biscuit,25
83,2026-01-02 20:15:00,dal_rice,85
83,2026-01-03 07:45:00,idli_sambar,45
83,2026-01-03 13:00:00,dal_rice,90
83,2026-01-03 16:15:00,chai_biscuit,25
83,2026-01-03 21:00:00,khichdi,65
83,2026-01-04 08:00:00,poha,50
83,2026-01-04 12:45:00,dal_rice,90
83,2026-01-04 16:00:00,sweets,40
83,2026-01-04 19:15:00,khichdi,65
83,2026-01-05 07:45:00,dosa,50
83,2026-01-05 13:00:00,rajma_rice,100
83,2026-01-05 16:15:00,sweets,40
83,2026-01-05 20:30:00,roti_sabzi,60
83,2026-01-06 09:15:00,dosa,50
83,2026-01-06 13:00:00,biryani,110
83,2026-01-06 16:45:00,samosa,30
83,2026-01-06 20:00:00,khichdi,65
83,2026-01-07 08:15:00,poha,50
83,2026-01-07 11:45:00,dal_rice,90
83,2026-01-07 16:45:00,samosa,30
83,2026-01-07 20:45:00,biryani,110
83,2026-01-08 06:45:00,dosa,50
83,2026-01-08 13:00:00,roti_sabzi,60
83,2026-01-08 16:45:00,chai_biscuit,25
83,2026-01-08 20:45:00,dal_rice,85
83,2026-01-09 07:30:00,dosa,50
83,2026-01-09 13:45:00,dal_rice,90
83,2026-01-09 16:45:00,chai_biscuit,25
83,2026-01-09 20:30:00,dal_rice,85
83,2026-01-10 08:15:00,poha,50
83,2026-01-10 13:00:00,roti_sabzi,60
83,2026-01-10 16:15:00,chai_biscuit,25
83,2026-01-10 20:00:00,dal_rice,85
83,2026-01-11 08:15:00,idli_sambar,45
83,2026-01-11 12:45:00,roti_sabzi,60
83,2026-01-11 17:30:00,chai_biscuit,25
83,2026-01-11 20:00:00,biryani,110
83,2026-01-12 07:00:00,idli_sambar,45
83,2026-01-12 13:15:00,biryani,110
83,2026-01-12 17:00:00,sweets,40
83,2026-01-12 20:15:00,dal_rice,85
83,2026-01-13 08:15:00,paratha,55
83,2026-01-13 12:30:00,rajma_rice,100
83,2026-01-13 17:45:00,sweets,40
83,2026-01-13 20:45:00,biryani,110
83,2026-01-14 08:00:00,idli_sambar,45
83,2026-01-14 12:30:00,roti_sabzi,60
83,2026-01-14 17:15:00,fruit,20
83,2026-01-14 19:45:00,roti_sabzi,60
84,2026-01-01 07:15:00,idli_sambar,45
84,2026-01-01 13:15:00,dal_rice,90
84,2026-01-01 16:00:00,chai_biscuit,25
84,2026-01-01 20:15:00,khichdi,65
84,2026-01-02 07:30:00,idli_sambar,45
84,2026-01-02 13:00:00,dal_rice,90
84,2026-01-02 16:30:00,sweets,40
84,2026-01-02 20:00:00,dal_rice,85
84,2026-01-03 08:00:00,idli_sambar,45
84,2026-01-03 13:00:00,dal_rice,90
84,2026-01-03 17:15:00,chai_biscuit,25
84,2026-01-03 20:30:00,roti_sabzi,60
84,2026-01-04 06:45:00,paratha,55
84,2026-01-04 12:45:00,rajma_rice,100
84,2026-01-04 17:15:00,samosa,30
84,2026-01-04 20:15:00,roti_sabzi,60
84,2026-01-05 07:15:00,poha,50
84,2026-01-05 12:30:00,biryani,110
84,2026-01-05 16:45:00,samosa,30
84,2026-01-05 20:30:00,biryani,110
84,2026-01-06 07:30:00,dosa,50
84,2026-01-06 12:45:00,biryani,110
84,2026-01-06 16:45:00,fruit,20
84,2026-01-06 19:45:00,biryani,110
84,2026-01-07 07:15:00,paratha,55
84,2026-01-07 12:15:00,biryani,110
84,2026-01-07 16:30:00,fruit,20
84,2026-01-07 21:45:00,dal_rice,85
84,2026-01-08 08:00:00,idli_sambar,45
84,2026-01-08 13:45:00,biryani,110
84,2026-01-08 17:15:00,sweets,40
84,2026-01-08 20:00:00,biryani,110
84,2026-01-09 08:30:00,paratha,55
84,2026-01-09 12:30:00,biryani,110
84,2026-01-09 17:00:00,chai_biscuit,25
84,2026-01-09 19:15:00,roti_sabzi,60
84,2026-01-10 08:30:00,idli_sambar,45
84,2026-01-10 12:30:00,biryani,110
84,2026-01-10 16:30:00,fruit,20
84,2026-01-10 20:30:00,biryani,110
84,2026-01-11 08:15:00,dosa,50
84,2026-01-11 12:30:00,dal_rice,90
84,2026-01-11 16:30:00,sweets,40
84,2026-01-11 20:30:00,dal_rice,85
84,2026-01-12 08:00:00,idli_sambar,45
84,2026-01-12 12:45:00,roti_sabzi,60
84,2026-01-12 15:45:00,fruit,20
84,2026-01-12 21:00:00,biryani,110
84,2026-01-13 08:15:00,poha,50
84,2026-01-13 13:45:00,roti_sabzi,60
84,2026-01-13 16:30:00,fruit,20
84,2026-01-13 20:00:00,dal_rice,85
84,2026-01-14 07:30:00,dosa,50
84,2026-01-14 13:15:00,dal_rice,90
84,2026-01-14 17:00:00,chai_biscuit,25
84,2026-01-14 19:30:00,khichdi,65
85,2026-01-01 08:15:00,paratha,55
85,2026-01-01 12:45:00,rajma_rice,100
85,2026-01-01 16:45:00,fruit,20
85,2026-01-01 20:45:00,roti_sabzi,60
85,2026-01-02 07:45:00,idli_sambar,45
85,2026-01-02 12:15:00,dal_rice,90
85,2026-01-02 17:00:00,fruit,20
85,2026-01-02 20:45:00,dal_rice,85
85,2026-01-03 08:00:00,idli_sambar,45
85,2026-01-03 12:15:00,dal_rice,90
85,2026-01-03 17:30:00,samosa,30
85,2026-01-03 20:15:00,biryani,110
85,2026-01-04 07:15:00,dosa,50
85,2026-01-04 12:15:00,biryani,110
85,2026-01-04 16:45:00,samosa,30
85,2026-01-04 20:45:00,roti_sabzi,60
85,2026-01-05 07:45:00,dosa,50
85,2026-01-05 13:00:00,biryani,110
85,2026-01-05 17:30:00,chai_biscuit,25
85,2026-01-05 19:45:00,biryani,110
85,2026-01-06 07:45:00,idli_sambar,45
85,2026-01-06 12:30:00,rajma_rice,100
85,2026-01-06 17:00:00,samosa,30
85,2026-01-06 19:30:00,khichdi,65
85,2026-01-07 08:15:00,poha,50
85,2026-01-07 13:00:00,dal_rice,90
85,2026-01-07 16:45:00,chai_biscuit,25
85,2026-01-07 20:45:00,biryani,110
85,2026-01-08 07:30:00,idli_sambar,45
85,2026-01-08 13:00:00,biryani,110
85,2026-01-08 16:45:00,sweets,40
85,2026-01-08 20:15:00,khichdi,65
85,2026-01-09 08:15:00,poha,50
85,2026-01-09 12:45:00,rajma_rice,100
85,2026-01-09 16:15:00,sweets,40
85,2026-01-09 20:45:00,roti_sabzi,60
85,2026-01-10 08:30:00,poha,50
85,2026-01-10 12:45:00,rajma_rice,100
85,2026-01-10 16:45:00,fruit,20
85,2026-01-10 21:15:00,dal_rice,85
85,2026-01-11 07:30:00,poha,50
85,2026-01-11 12:45:00,rajma_rice,100
85,2026-01-11 18:00:00,sweets,40
85,2026-01-11 20:15:00,roti_sabzi,60
85,2026-01-12 08:00:00,poha,50
85,2026-01-12 12:15:00,biryani,110
85,2026-01-12 16:30:00,fruit,20
85,2026-01-12 21:00:00,khichdi,65
85,2026-01-13 08:45:00,dosa,50
85,2026-01-13 13:15:00,rajma_rice,100
85,2026-01-13 16:15:00,samosa,30
85,2026-01-13 19:30:00,dal_rice,85
85,2026-01-14 08:15:00,paratha,55
85,2026-01-14 12:45:00,biryani,110
85,2026-01-14 16:45:00,sweets,40
85,2026-01-14 20:15:00,biryani,110
86,2026-01-01 07:30:00,idli_sambar,45
86,2026-01-01 12:30:00,rajma_rice,100
86,2026-01-01 17:00:00,chai_biscuit,25
86,2026-01-01 20:00:00,dal_rice,85
86,2026-01-02 08:30:00,paratha,55
86,2026-01-02 12:45:00,rajma_rice,100
86,2026-01-02 17:15:00,samosa,30
86,2026-01-02 20:15:00,dal_rice,85
86,2026-01-03 08:00:00,idli_sambar,45
86,2026-01-03 12:45:00,dal_rice,90
86,2026-01-03 17:15:00,samosa,30
86,2026-01-03 19:45:00,khichdi,65
86,2026-01-04 09:00:00,idli_sambar,45
86,2026-01-04 13:45:00,dal_rice,90
86,2026-01-04 17:00:00,samosa,30
86,2026-01-04 20:00:00,roti_sabzi,60
86,2026-01-05 07:45:00,dosa,50
86,2026-01-05 13:15:00,dal_rice,90
86,2026-01-05 17:00:00,samosa,30
86,2026-01-05 20:15:00,roti_sabzi,60
86,2026-01-06 08:30:00,dosa,50
86,2026-01-06 12:45:00,rajma_rice,100
86,2026-01-06 18:00:00,samosa,30
86,2026-01-06 20:00:00,khichdi,65
86,2026-01-07 07:45:00,idli_sambar,45
86,2026-01-07 12:45:00,rajma_rice,100
86,2026-01-07 17:15:00,samosa,30
86,2026-01-07 20:15:00,dal_rice,85
86,2026-01-08 08:15:00,dosa,50
86,2026-01-08 12:15:00,rajma_rice,100
86,2026-01-08 17:00:00,sweets,40
86,2026-01-08 20:30:00,roti_sabzi,60
86,2026-01-09 07:45:00,paratha,55
86,2026-01-09 13:15:00,rajma_rice,100
86,2026-01-09 17:30:00,fruit,20
86,2026-01-09 21:15:00,khichdi,65
86,2026-01-10 08:15:00,dosa,50
86,2026-01-10 12:45:00,roti_sabzi,60
86,2026-01-10 17:00:00,samosa,30
86,2026-01-10 20:30:00,khichdi,65
86,2026-01-11 08:30:00,dosa,50
86,2026-01-11 13:15:00,biryani,110
86,2026-01-11 17:00:00,fruit,20
86,2026-01-11 19:45:00,roti_sabzi,60
86,2026-01-12 08:30:00,poha,50
86,2026-01-12 13:15:00,dal_rice,90
86,2026-01-12 17:15:00,samosa,30
86,2026-01-12 19:45:00,dal_rice,85
86,2026-01-13 08:00:00,paratha,55
86,2026-01-13 13:00:00,rajma_rice,100
86,2026-01-13 17:00:00,sweets,40
86,2026-01-13 19:30:00,dal_rice,85
86,2026-01-14 07:45:00,poha,50
86,2026-01-14 13:30:00,rajma_rice,100
86,2026-01-14 16:15:00,fruit,20
86,2026-01-14 19:45:00,dal_rice,85
87,2026-01-01 07:30:00,idli_sambar,45
87,2026-01-01 12:45:00,roti_sabzi,60
87,2026-01-01 16:30:00,samosa,30
87,2026-01-01 20:30:00,biryani,110
87,2026-01-02 08:45:00,poha,50
87,2026-01-02 13:30:00,biryani,110
87,2026-01-02 16:30:00,fruit,20
87,2026-01-02 20:15:00,khichdi,65
87,2026-01-03 08:15:00,paratha,55
87,2026-01-03 13:00:00,dal_rice,90
87,2026-01-03 17:15:00,sweets,40
87,2026-01-03 19:45:00,khichdi,65
87,2026-01-04 07:15:00,paratha,55
87,2026-01-04 12:30:00,biryani,110
87,2026-01-04 17:00:00,chai_biscuit,25
87,2026-01-04 20:45:00,dal_rice,85
87,2026-01-05 08:45:00,dosa,50
87,2026-01-05 12:00:00,roti_sabzi,60
87,2026-01-05 15:45:00,chai_biscuit,25
87,2026-01-05 20:30:00,roti_sabzi,60
87,2026-01-06 07:45:00,poha,50
87,2026-01-06 13:30:00,biryani,110
87,2026-01-06 17:00:00,fruit,20
87,2026-01-06 20:00:00,dal_rice,85
87,2026-01-07 07:45:00,dosa,50
87,2026-01-07 13:00:00,dal_rice,90
87,2026-01-07 17:30:00,fruit,20
87,2026-01-07 21:00:00,khichdi,65
87,2026-01-08 08:00:00,paratha,55
87,2026-01-08 13:30:00,rajma_rice,100
87,2026-01-08 17:45:00,fruit,20
87,2026-01-08 20:00:00,khichdi,65
87,2026-01-09 08:15:00,idli_sambar,45
87,2026-01-09 12:45:00,biryani,110
87,2026-01-09 16:45:00,samosa,30
87,2026-01-09 20:00:00,dal_rice,85
87,2026-01-10 08:00:00,dosa,50
87,2026-01-10 13:00:00,rajma_rice,100
87,2026-01-10 16:45:00,chai_biscuit,25
87,2026-01-10 20:30:00,dal_rice,85
87,2026-01-11 07:30:00,idli_sambar,45
87,2026-01-11 12:15:00,biryani,110
87,2026-01-11 17:00:00,fruit,20
87,2026-01-11 20:30:00,khichdi,65
87,2026-01-12 07:30:00,paratha,55
87,2026-01-12 12:30:00,biryani,110
87,2026-01-12 16:00:00,fruit,20
87,2026-01-12 20:30:00,biryani,110
87,2026-01-13 07:15:00,poha,50
87,2026-01-13 13:00:00,biryani,110
87,2026-01-13 16:45:00,sweets,40
87,2026-01-13 21:15:00,dal_rice,85
87,2026-01-14 07:45:00,dosa,50
87,2026-01-14 12:45:00,dal_rice,90
87,2026-01-14 16:45:00,fruit,20
87,2026-01-14 20:30:00,biryani,110
88,2026-01-01 07:45:00,poha,50
88,2026-01-01 13:30:00,biryani,110
88,2026-01-01 16:45:00,chai_biscuit,25
88,2026-01-01 20:30:00,roti_sabzi,60
88,2026-01-02 08:15:00,dosa,50
88,2026-01-02 14:00:00,roti_sabzi,60
88,2026-01-02 16:45:00,chai_biscuit,25
88,2026-01-02 20:15:00,biryani,110
88,2026-01-03 07:45:00,paratha,55
88,2026-01-03 13:45:00,roti_sabzi,60
88,2026-01-03 17:15:00,sweets,40
88,2026-01-03 20:00:00,khichdi,65
88,2026-01-04 08:30:00,poha,50
88,2026-01-04 13:15:00,dal_rice,90
88,2026-01-04 17:00:00,sweets,40
88,2026-01-04 19:45:00,biryani,110
88,2026-01-05 08:00:00,paratha,55
88,2026-01-05 12:30:00,biryani,110
88,2026-01-05 17:45:00,samosa,30
88,2026-01-05 19:30:00,roti_sabzi,60
88,2026-01-06 07:30:00,poha,50
88,2026-01-06 13:00:00,biryani,110
88,2026-01-06 16:45:00,sweets,40
88,2026-01-06 20:15:00,dal_rice,85
88,2026-01-07 09:00:00,dosa,50
88,2026-01-07 13:00:00,roti_sabzi,60
88,2026-01-07 17:15:00,fruit,20
88,2026-01-07 20:30:00,khichdi,65
88,2026-01-08 08:00:00,paratha,55
88,2026-01-08 13:00:00,rajma_rice,100
88,2026-01-08 17:30:00,samosa,30
88,2026-01-08 20:00:00,dal_rice,85
88,2026-01-09 08:15:00,paratha,55
88,2026-01-09 13:00:00,rajma_rice,100
88,2026-01-09 16:30:00,fruit,20
88,2026-01-09 20:15:00,roti_sabzi,60
88,2026-01-10 07:45:00,paratha,55
88,2026-01-10 13:45:00,biryani,110
88,2026-01-10 17:15:00,chai_biscuit,25
88,2026-01-10 20:15:00,roti_sabzi,60
88,2026-01-11 08:15:00,dosa,50
88,2026-01-11 13:00:00,roti_sabzi,60
88,2026-01-11 16:30:00,samosa,30
88,2026-01-11 20:00:00,dal_rice,85
88,2026-01-12 08:00:00,paratha,55
88,2026-01-12 12:30:00,roti_sabzi,60
88,2026-01-12 17:00:00,samosa,30
88,2026-01-12 20:30:00,dal_rice,85
88,2026-01-13 07:45:00,paratha,55
88,2026-01-13 13:45:00,dal_rice,90
88,2026-01-13 16:30:00,samosa,30
88,2026-01-13 19:45:00,khichdi,65
88,2026-01-14 08:15:00,idli_sambar,45
88,2026-01-14 13:30:00,rajma_rice,100
88,2026-01-14 17:00:00,fruit,20
88,2026-01-14 20:00:00,dal_rice,85
89,2026-01-01 07:45:00,idli_sambar,45
89,2026-01-01 13:00:00,dal_rice,90
89,2026-01-01 17:00:00,chai_biscuit,25
89,2026-01-01 20:45:00,khichdi,65
89,2026-01-02 08:15:00,paratha,55
89,2026-01-02 12:30:00,rajma_rice,100
89,2026-01-02 16:45:00,fruit,20
89,2026-01-02 21:45:00,biryani,110
89,2026-01-03 08:00:00,paratha,55
89,2026-01-03 13:00:00,dal_rice,90
89,2026-01-03 15:30:00,sweets,40
89,2026-01-03 21:00:00,roti_sabzi,60
89,2026-01-04 07:30:00,poha,50
89,2026-01-04 13:15:00,dal_rice,90
89,2026-01-04 17:45:00,samosa,30
89,2026-01-04 21:15:00,dal_rice,85
89,2026-01-05 08:30:00,poha,50
89,2026-01-05 13:15:00,dal_rice,90
89,2026-01-05 16:30:00,samosa,30
89,2026-01-05 20:15:00,dal_rice,85
89,2026-01-06 08:00:00,paratha,55
89,2026-01-06 12:45:00,biryani,110
89,2026-01-06 17:45:00,samosa,30
89,2026-01-06 20:15:00,biryani,110
89,2026-01-07 08:30:00,idli_sambar,45
89,2026-01-07 13:30:00,biryani,110
89,2026-01-07 16:30:00,samosa,30
89,2026-01-07 20:00:00,roti_sabzi,60
89,2026-01-08 07:30:00,poha,50
89,2026-01-08 12:45:00,rajma_rice,100
89,2026-01-08 15:30:00,chai_biscuit,25
89,2026-01-08 19:45:00,khichdi,65
89,2026-01-09 09:15:00,poha,50
89,2026-01-09 12:15:00,rajma_rice,100
89,2026-01-09 17:15:00,chai_biscuit,25
89,2026-01-09 20:00:00,dal_rice,85
89,2026-01-10 07:45:00,poha,50
89,2026-01-10 13:30:00,rajma_rice,100
89,2026-01-10 16:45:00,samosa,30
89,2026-01-10 19:15:00,biryani,110
89,2026-01-11 08:45:00,poha,50
89,2026-01-11 13:45:00,biryani,110
89,2026-01-11 16:30:00,samosa,30
89,2026-01-11 20:45:00,dal_rice,85
89,2026-01-12 07:30:00,paratha,55
89,2026-01-12 13:00:00,roti_sabzi,60
89,2026-01-12 17:00:00,samosa,30
89,2026-01-12 20:30:00,dal_rice,85
89,2026-01-13 08:30:00,dosa,50
89,2026-01-13 13:15:00,rajma_rice,100
89,2026-01-13 16:30:00,fruit,20
89,2026-01-13 20:30:00,khichdi,65
89,2026-01-14 08:00:00,paratha,55
89,2026-01-14 13:15:00,roti_sabzi,60
89,2026-01-14 16:15:00,sweets,40
89,2026-01-14 20:45:00,roti_sabzi,60
90,2026-01-01 08:30:00,paratha,55
90,2026-01-01 12:45:00,biryani,110
90,2026-01-01 16:45:00,samosa,30
90,2026-01-01 20:15:00,khichdi,65
90,2026-01-02 07:15:00,idli_sambar,45
90,2026-01-02 13:00:00,dal_rice,90
90,2026-01-02 18:00:00,fruit,20
90,2026-01-02 20:15:00,khichdi,65
90,2026-01-03 08:15:00,poha,50
90,2026-01-03 12:45:00,biryani,110
90,2026-01-03 16:00:00,samosa,30
90,2026-01-03 20:30:00,dal_rice,85
90,2026-01-04 07:00:00,idli_sambar,45
90,2026-01-04 12:30:00,dal_rice,90
90,2026-01-04 16:30:00,samosa,30
90,2026-01-04 20:45:00,biryani,110
90,2026-01-05 07:45:00,paratha,55
90,2026-01-05 12:45:00,biryani,110
90,2026-01-05 17:00:00,fruit,20
90,2026-01-05 20:45:00,dal_rice,85
90,2026-01-06 08:45:00,idli_sambar,45
90,2026-01-06 12:00:00,biryani,110
90,2026-01-06 17:30:00,samosa,30
90,2026-01-06 19:45:00,biryani,110
90,2026-01-07 08:15:00,idli_sambar,45
90,2026-01-07 12:45:00,roti_sabzi,60
90,2026-01-07 17:30:00,sweets,40
90,2026-01-07 20:15:00,dal_rice,85
90,2026-01-08 07:15:00,poha,50
90,2026-01-08 11:30:00,roti_sabzi,60
90,2026-01-08 16:45:00,fruit,20
90,2026-01-08 20:15:00,biryani,110
90,2026-01-09 08:45:00,idli_sambar,45
90,2026-01-09 13:00:00,dal_rice,90
90,2026-01-09 17:45:00,sweets,40
90,2026-01-09 20:15:00,biryani,110
90,2026-01-10 08:45:00,paratha,55
90,2026-01-10 12:45:00,dal_rice,90
90,2026-01-10 16:45:00,fruit,20
90,2026-01-10 20:00:00,roti_sabzi,60
90,2026-01-11 08:00:00,idli_sambar,45
90,2026-01-11 13:15:00,roti_sabzi,60
90,2026-01-11 16:45:00,sweets,40
90,2026-01-11 21:15:00,biryani,110
90,2026-01-12 08:30:00,dosa,50
90,2026-01-12 12:30:00,roti_sabzi,60
90,2026-01-12 16:30:00,fruit,20
90,2026-01-12 20:45:00,dal_rice,85
90,2026-01-13 08:30:00,dosa,50
90,2026-01-13 12:45:00,dal_rice,90
90,2026-01-13 17:00:00,sweets,40
90,2026-01-13 21:00:00,dal_rice,85
90,2026-01-14 08:15:00,idli_sambar,45
90,2026-01-14 12:30:00,roti_sabzi,60
90,2026-01-14 17:00:00,sweets,40
90,2026-01-14 20:30:00,roti_sabzi,60
91,2026-01-01 06:45:00,idli_sambar,45
91,2026-01-01 12:30:00,rajma_rice,100
91,2026-01-01 16:30:00,chai_biscuit,25
91,2026-01-01 19:30:00,dal_rice,85
91,2026-01-02 08:45:00,paratha,55
91,2026-01-02 12:30:00,dal_rice,90
91,2026-01-02 16:45:00,chai_biscuit,25
91,2026-01-02 19:45:00,dal_rice,85
91,2026-01-03 08:15:00,idli_sambar,45
91,2026-01-03 13:00:00,dal_rice,90
91,2026-01-03 16:15:00,fruit,20
91,2026-01-03 21:15:00,khichdi,65
91,2026-01-04 07:15:00,paratha,55
91,2026-01-04 12:30:00,biryani,110
91,2026-01-04 17:15:00,sweets,40
91,2026-01-04 20:15:00,dal_rice,85
91,2026-01-05 07:45:00,dosa,50
91,2026-01-05 12:30:00,dal_rice,90
91,2026-01-05 18:00:00,sweets,40
91,2026-01-05 20:30:00,biryani,110
91,2026-01-06 08:15:00,paratha,55
91,2026-01-06 13:00:00,dal_rice,90
91,2026-01-06 17:15:00,chai_biscuit,25
91,2026-01-06 20:30:00,dal_rice,85
91,2026-01-07 08:15:00,dosa,50
91,2026-01-07 11:45:00,rajma_rice,100
91,2026-01-07 17:15:00,chai_biscuit,25
91,2026-01-07 21:00:00,dal_rice,85
91,2026-01-08 08:00:00,dosa,50
91,2026-01-08 14:15:00,biryani,110
91,2026-01-08 15:30:00,chai_biscuit,25
91,2026-01-08 20:15:00,khichdi,65
91,2026-01-09 08:45:00,paratha,55
91,2026-01-09 13:00:00,biryani,110
91,2026-01-09 16:30:00,sweets,40
91,2026-01-09 20:30:00,roti_sabzi,60
91,2026-01-10 07:00:00,dosa,50
91,2026-01-10 12:45:00,biryani,110
91,2026-01-10 17:15:00,samosa,30
91,2026-01-10 20:15:00,dal_rice,85
91,2026-01-11 07:45:00,dosa,50
91,2026-01-11 13:45:00,rajma_rice,100
91,2026-01-11 17:15:00,chai_biscuit,25
91,2026-01-11 20:15:00,khichdi,65
91,2026-01-12 08:15:00,dosa,50
91,2026-01-12 12:45:00,roti_sabzi,60
91,2026-01-12 16:00:00,samosa,30
91,2026-01-12 21:30:00,khichdi,65
91,2026-01-13 08:00:00,poha,50
91,2026-01-13 13:15:00,dal_rice,90
91,2026-01-13 16:45:00,samosa,30
91,2026-01-13 21:00:00,roti_sabzi,60
91,2026-01-14 07:45:00,paratha,55
91,2026-01-14 13:15:00,biryani,110
91,2026-01-14 16:45:00,chai_biscuit,25
91,2026-01-14 20:00:00,biryani,110
92,2026-01-01 06:45:00,dosa,50
92,2026-01-01 12:30:00,roti_sabzi,60
92,2026-01-01 16:30:00,chai_biscuit,25
92,2026-01-01 20:45:00,biryani,110
92,2026-01-02 08:00:00,dosa,50
92,2026-01-02 13:00:00,roti_sabzi,60
92,2026-01-02 16:45:00,sweets,40
92,2026-01-02 20:15:00,dal_rice,85
92,2026-01-03 08:30:00,poha,50
92,2026-01-03 13:15:00,biryani,110
92,2026-01-03 16:45:00,sweets,40
92,2026-01-03 19:45:00,dal_rice,85
92,2026-01-04 08:30:00,paratha,55
92,2026-01-04 13:45:00,roti_sabzi,60
92,2026-01-04 16:45:00,sweets,40
92,2026-01-04 20:30:00,dal_rice,85
92,2026-01-05 07:45:00,paratha,55
92,2026-01-05 12:45:00,biryani,110
92,2026-01-05 16:15:00,samosa,30
92,2026-01-05 20:45:00,khichdi,65
92,2026-01-06 07:30:00,paratha,55
92,2026-01-06 13:15:00,roti_sabzi,60
92,2026-01-06 16:15:00,fruit,20
92,2026-01-06 20:00:00,biryani,110
92,2026-01-07 07:45:00,poha,50
92,2026-01-07 13:45:00,biryani,110
92,2026-01-07 16:15:00,samosa,30
92,2026-01-07 20:00:00,khichdi,65
92,2026-01-08 07:00:00,idli_sambar,45
92,2026-01-08 12:15:00,biryani,110
92,2026-01-08 16:30:00,chai_biscuit,25
92,2026-01-08 20:30:00,dal_rice,85
92,2026-01-09 07:00:00,dosa,50
92,2026-01-09 12:45:00,dal_rice,90
92,2026-01-09 17:15:00,samosa,30
92,2026-01-09 20:15:00,biryani,110
92,2026-01-10 07:45:00,paratha,55
92,2026-01-10 13:00:00,roti_sabzi,60
92,2026-01-10 16:30:00,fruit,20
92,2026-01-10 20:00:00,khichdi,65
92,2026-01-11 07:30:00,paratha,55
92,2026-01-11 13:15:00,rajma_rice,100
92,2026-01-11 17:15:00,chai_biscuit,25
92,2026-01-11 20:15:00,dal_rice,85
92,2026-01-12 08:30:00,paratha,55
92,2026-01-12 12:15:00,roti_sabzi,60
92,2026-01-12 16:30:00,samosa,30
92,2026-01-12 21:00:00,roti_sabzi,60
92,2026-01-13 08:15:00,dosa,50
92,2026-01-13 13:00:00,roti_sabzi,60
92,2026-01-13 16:45:00,sweets,40
92,2026-01-13 20:00:00,khichdi,65
92,2026-01-14 08:45:00,poha,50
92,2026-01-14 12:15:00,rajma_rice,100
92,2026-01-14 16:45:00,chai_biscuit,25
92,2026-01-14 19:30:00,khichdi,65
93,2026-01-01 08:00:00,dosa,50
93,2026-01-01 12:30:00,rajma_rice,100
93,2026-01-01 16:30:00,sweets,40
93,2026-01-01 19:15:00,dal_rice,85
93,2026-01-02 07:30:00,poha,50
93,2026-01-02 12:30:00,rajma_rice,100
93,2026-01-02 16:30:00,fruit,20
93,2026-01-02 20:00:00,khichdi,65
93,2026-01-03 07:30:00,idli_sambar,45
93,2026-01-03 13:45:00,roti_sabzi,60
93,2026-01-03 16:30:00,fruit,20
93,2026-01-03 20:15:00,khichdi,65
93,2026-01-04 08:30:00,paratha,55
93,2026-01-04 12:15:00,rajma_rice,100
93,2026-01-04 16:30:00,fruit,20
93,2026-01-04 20:30:00,dal_rice,85
93,2026-01-05 07:30:00,paratha,55
93,2026-01-05 12:00:00,rajma_rice,100
93,2026-01-05 16:30:00,chai_biscuit,25
93,2026-01-05 20:00:00,khichdi,65
93,2026-01-06 08:15:00,idli_sambar,45
93,2026-01-06 13:00:00,dal_rice,90
93,2026-01-06 17:15:00,fruit,20
93,2026-01-06 20:15:00,khichdi,65
93,2026-01-07 08:15:00,idli_sambar,45
93,2026-01-07 12:15:00,rajma_rice,100
93,2026-01-07 16:15:00,chai_biscuit,25
93,2026-01-07 20:30:00,dal_rice,85
93,2026-01-08 08:15:00,poha,50
93,2026-01-08 12:45:00,rajma_rice,100
93,2026-01-08 17:00:00,fruit,20
93,2026-01-08 20:15:00,roti_sabzi,60
93,2026-01-09 07:15:00,poha,50
93,2026-01-09 13:00:00,biryani,110
93,2026-01-09 16:45:00,samosa,30
93,2026-01-09 19:30:00,roti_sabzi,60
93,2026-01-10 08:00:00,idli_sambar,45
93,2026-01-10 11:15:00,rajma_rice,100
93,2026-01-10 17:30:00,samosa,30
93,2026-01-10 20:00:00,khichdi,65
93,2026-01-11 07:45:00,dosa,50
93,2026-01-11 13:00:00,roti_sabzi,60
93,2026-01-11 16:45:00,chai_biscuit,25
93,2026-01-11 20:30:00,roti_sabzi,60
93,2026-01-12 08:30:00,poha,50
93,2026-01-12 13:00:00,biryani,110
93,2026-01-12 16:15:00,sweets,40
93,2026-01-12 20:00:00,roti_sabzi,60
93,2026-01-13 08:30:00,idli_sambar,45
93,2026-01-13 13:30:00,roti_sabzi,60
93,2026-01-13 17:00:00,fruit,20
93,2026-01-13 21:00:00,biryani,110
93,2026-01-14 07:30:00,idli_sambar,45
93,2026-01-14 12:30:00,biryani,110
93,2026-01-14 16:30:00,chai_biscuit,25
93,2026-01-14 20:00:00,roti_sabzi,60
94,2026-01-01 09:15:00,dosa,50
94,2026-01-01 12:45:00,dal_rice,90
94,2026-01-01 16:45:00,chai_biscuit,25
94,2026-01-01 20:00:00,biryani,110
94,2026-01-02 07:30:00,paratha,55
94,2026-01-02 13:00:00,rajma_rice,100
94,2026-01-02 16:30:00,samosa,30
94,2026-01-02 21:15:00,biryani,110
94,2026-01-03 07:30:00,paratha,55
94,2026-01-03 13:15:00,biryani,110
94,2026-01-03 18:00:00,fruit,20
94,2026-01-03 20:15:00,roti_sabzi,60
94,2026-01-04 07:45:00,poha,50
94,2026-01-04 12:30:00,biryani,110
94,2026-01-04 17:00:00,chai_biscuit,25
94,2026-01-04 20:30:00,roti_sabzi,60
94,2026-01-05 07:00:00,idli_sambar,45
94,2026-01-05 13:15:00,biryani,110
94,2026-01-05 17:30:00,fruit,20
94,2026-01-05 20:30:00,roti_sabzi,60
94,2026-01-06 08:00:00,poha,50
94,2026-01-06 13:00:00,rajma_rice,100
94,2026-01-06 17:00:00,chai_biscuit,25
94,2026-01-06 20:30:00,khichdi,65
94,2026-01-07 07:30:00,poha,50
94,2026-01-07 13:15:00,rajma_rice,100
94,2026-01-07 16:45:00,sweets,40
94,2026-01-07 20:00:00,biryani,110
94,2026-01-08 07:15:00,paratha,55
94,2026-01-08 12:45:00,dal_rice,90
94,2026-01-08 17:15:00,sweets,40
94,2026-01-08 20:45:00,dal_rice,85
94,2026-01-09 08:00:00,idli_sambar,45
94,2026-01-09 13:15:00,biryani,110
94,2026-01-09 17:30:00,sweets,40
94,2026-01-09 20:30:00,dal_rice,85
94,2026-01-10 08:00:00,paratha,55
94,2026-01-10 12:30:00,dal_rice,90
94,2026-01-10 16:15:00,chai_biscuit,25
94,2026-01-10 20:30:00,khichdi,65
94,2026-01-11 08:00:00,poha,50
94,2026-01-11 12:45:00,dal_rice,90
94,2026-01-11 17:00:00,sweets,40
94,2026-01-11 19:30:00,roti_sabzi,60
94,2026-01-12 08:00:00,idli_sambar,45
94,2026-01-12 13:15:00,roti_sabzi,60
94,2026-01-12 16:45:00,sweets,40
94,2026-01-12 20:15:00,roti_sabzi,60
94,2026-01-13 08:00:00,dosa,50
94,2026-01-13 13:00:00,dal_rice,90
94,2026-01-13 16:15:00,sweets,40
94,2026-01-13 21:15:00,roti_sabzi,60
94,2026-01-14 08:30:00,idli_sambar,45
94,2026-01-14 11:45:00,roti_sabzi,60
94,2026-01-14 17:30:00,fruit,20
94,2026-01-14 20:45:00,dal_rice,85
95,2026-01-01 07:15:00,poha,50
95,2026-01-01 12:00:00,roti_sabzi,60
95,2026-01-01 16:15:00,chai_biscuit,25
95,2026-01-01 19:45:00,khichdi,65
95,2026-01-02 07:15:00,dosa,50
95,2026-01-02 13:30:00,roti_sabzi,60
95,2026-01-02 16:45:00,fruit,20
95,2026-01-02 20:45:00,roti_sabzi,60
95,2026-01-03 07:00:00,paratha,55
95,2026-01-03 12:45:00,rajma_rice,100
95,2026-01-03 17:00:00,samosa,30
95,2026-01-03 20:30:00,khichdi,65
95,2026-01-04 08:15:00,dosa,50
95,2026-01-04 13:00:00,dal_rice,90
95,2026-01-04 17:45:00,samosa,30
95,2026-01-04 19:15:00,dal_rice,85
95,2026-01-05 07:45:00,dosa,50
95,2026-01-05 12:00:00,biryani,110
95,2026-01-05 16:00:00,samosa,30
95,2026-01-05 19:30:00,dal_rice,85
95,2026-01-06 08:00:00,poha,50
95,2026-01-06 12:30:00,dal_rice,90
95,2026-01-06 16:30:00,sweets,40
95,2026-01-06 20:30:00,roti_sabzi,60
95,2026-01-07 07:45:00,dosa,50
95,2026-01-07 12:30:00,roti_sabzi,60
95,2026-01-07 16:30:00,samosa,30
95,2026-01-07 20:00:00,khichdi,65
95,2026-01-08 07:45:00,dosa,50
95,2026-01-08 12:45:00,rajma_rice,100
95,2026-01-08 17:15:00,sweets,40
95,2026-01-08 20:45:00,dal_rice,85
95,2026-01-09 07:15:00,dosa,50
95,2026-01-09 13:15:00,rajma_rice,100
95,2026-01-09 17:15:00,fruit,20
95,2026-01-09 20:15:00,dal_rice,85
95,2026-01-10 08:30:00,paratha,55
95,2026-01-10 12:30:00,dal_rice,90
95,2026-01-10 17:30:00,chai_biscuit,25
95,2026-01-10 20:00:00,dal_rice,85
95,2026-01-11 08:15:00,idli_sambar,45
95,2026-01-11 12:30:00,rajma_rice,100
95,2026-01-11 16:00:00,fruit,20
95,2026-01-11 20:30:00,dal_rice,85
95,2026-01-12 06:30:00,dosa,50
95,2026-01-12 12:00:00,rajma_rice,100
95,2026-01-12 17:45:00,samosa,30
95,2026-01-12 20:45:00,dal_rice,85
95,2026-01-13 08:00:00,poha,50
95,2026-01-13 13:30:00,rajma_rice,100
95,2026-01-13 16:00:00,chai_biscuit,25
95,2026-01-13 20:45:00,khichdi,65
95,2026-01-14 08:15:00,dosa,50
95,2026-01-14 13:00:00,roti_sabzi,60
95,2026-01-14 17:45:00,chai_biscuit,25
95,2026-01-14 20:15:00,biryani,110
96,2026-01-01 07:15:00,dosa,50
96,2026-01-01 13:00:00,rajma_rice,100
96,2026-01-01 17:00:00,samosa,30
96,2026-01-01 19:45:00,roti_sabzi,60
96,2026-01-02 08:15:00,poha,50
96,2026-01-02 13:00:00,rajma_rice,100
96,2026-01-02 17:00:00,chai_biscuit,25
96,2026-01-02 20:00:00,biryani,110
96,2026-01-03 08:30:00,dosa,50
96,2026-01-03 13:30:00,roti_sabzi,60
96,2026-01-03 17:00:00,chai_biscuit,25
96,2026-01-03 20:45:00,khichdi,65
96,2026-01-04 08:15:00,idli_sambar,45
96,2026-01-04 12:45:00,roti_sabzi,60
96,2026-01-04 16:15:00,samosa,30
96,2026-01-04 21:15:00,dal_rice,85
96,2026-01-05 08:15:00,idli_sambar,45
96,2026-01-05 13:00:00,roti_sabzi,60
96,2026-01-05 17:15:00,sweets,40
96,2026-01-05 20:00:00,biryani,110
96,2026-01-06 08:30:00,poha,50
96,2026-01-06 12:45:00,roti_sabzi,60
96,2026-01-06 16:45:00,samosa,30
96,2026-01-06 20:15:00,dal_rice,85
96,2026-01-07 07:30:00,dosa,50
96,2026-01-07 13:15:00,roti_sabzi,60
96,2026-01-07 16:30:00,fruit,20
96,2026-01-07 20:00:00,dal_rice,85
96,2026-01-08 07:30:00,paratha,55
96,2026-01-08 12:45:00,roti_sabzi,60
96,2026-01-08 16:30:00,sweets,40
96,2026-01-08 20:00:00,dal_rice,85
96,2026-01-09 06:30:00,paratha,55
96,2026-01-09 13:15:00,rajma_rice,100
96,2026-01-09 17:00:00,chai_biscuit,25
96,2026-01-09 20:15:00,roti_sabzi,60
96,2026-01-10 06:30:00,idli_sambar,45
96,2026-01-10 13:15:00,roti_sabzi,60
96,2026-01-10 16:45:00,samosa,30
96,2026-01-10 20:45:00,biryani,110
96,2026-01-11 07:15:00,dosa,50
96,2026-01-11 13:15:00,dal_rice,90
96,2026-01-11 17:00:00,samosa,30
96,2026-01-11 20:00:00,dal_rice,85
96,2026-01-12 08:15:00,dosa,50
96,2026-01-12 11:30:00,rajma_rice,100
96,2026-01-12 16:45:00,fruit,20
96,2026-01-12 20:15:00,dal_rice,85
96,2026-01-13 07:00:00,paratha,55
96,2026-01-13 13:30:00,biryani,110
96,2026-01-13 16:45:00,fruit,20
96,2026-01-13 20:00:00,roti_sabzi,60
96,2026-01-14 07:45:00,paratha,55
96,2026-01-14 12:30:00,biryani,110
96,2026-01-14 16:45:00,chai_biscuit,25
96,2026-01-14 20:30:00,khichdi,65
97,2026-01-01 07:30:00,idli_sambar,45
97,2026-01-01 12:15:00,roti_sabzi,60
97,2026-01-01 16:45:00,sweets,40
97,2026-01-01 20:15:00,dal_rice,85
97,2026-01-02 08:15:00,dosa,50
97,2026-01-02 12:45:00,roti_sabzi,60
97,2026-01-02 16:30:00,chai_biscuit,25
97,2026-01-02 20:15:00,khichdi,65
97,2026-01-03 08:00:00,dosa,50
97,2026-01-03 13:45:00,roti_sabzi,60
97,2026-01-03 16:45:00,chai_biscuit,25
97,2026-01-03 20:30:00,roti_sabzi,60
97,2026-01-04 08:00:00,poha,50
97,2026-01-04 12:30:00,biryani,110
97,2026-01-04 17:00:00,sweets,40
97,2026-01-04 20:00:00,khichdi,65
97,2026-01-05 08:00:00,dosa,50
97,2026-01-05 12:15:00,roti_sabzi,60
97,2026-01-05 16:30:00,chai_biscuit,25
97,2026-01-05 20:45:00,roti_sabzi,60
97,2026-01-06 07:30:00,idli_sambar,45
97,2026-01-06 13:45:00,rajma_rice,100
97,2026-01-06 17:30:00,fruit,20
97,2026-01-06 20:00:00,biryani,110
97,2026-01-07 07:30:00,poha,50
97,2026-01-07 13:00:00,dal_rice,90
97,2026-01-07 17:00:00,chai_biscuit,25
97,2026-01-07 20:30:00,khichdi,65
97,2026-01-08 08:30:00,poha,50
97,2026-01-08 12:30:00,roti_sabzi,60
97,2026-01-08 17:15:00,fruit,20
97,2026-01-08 19:45:00,dal_rice,85
97,2026-01-09 08:15:00,poha,50
97,2026-01-09 12:00:00,biryani,110
97,2026-01-09 17:00:00,samosa,30
97,2026-01-09 20:00:00,biryani,110
97,2026-01-10 07:45:00,paratha,55
97,2026-01-10 12:45:00,biryani,110
97,2026-01-10 17:15:00,fruit,20
97,2026-01-10 19:15:00,biryani,110
97,2026-01-11 07:30:00,poha,50
97,2026-01-11 13:00:00,roti_sabzi,60
97,2026-01-11 17:30:00,chai_biscuit,25
97,2026-01-11 21:30:00,roti_sabzi,60
97,2026-01-12 07:30:00,idli_sambar,45
97,2026-01-12 13:00:00,rajma_rice,100
97,2026-01-12 17:45:00,samosa,30
97,2026-01-12 20:00:00,roti_sabzi,60
97,2026-01-13 07:45:00,paratha,55
97,2026-01-13 12:45:00,dal_rice,90
97,2026-01-13 17:15:00,chai_biscuit,25
97,2026-01-13 20:15:00,dal_rice,85
97,2026-01-14 08:30:00,idli_sambar,45
97,2026-01-14 13:00:00,dal_rice,90
97,2026-01-14 17:15:00,chai_biscuit,25
97,2026-01-14 19:45:00,dal_rice,85
98,2026-01-01 08:00:00,paratha,55
98,2026-01-01 13:45:00,rajma_rice,100
98,2026-01-01 16:30:00,fruit,20
98,2026-01-01 20:15:00,khichdi,65
98,2026-01-02 07:45:00,poha,50
98,2026-01-02 12:45:00,roti_sabzi,60
98,2026-01-02 17:00:00,fruit,20
98,2026-01-02 20:45:00,dal_rice,85
98,2026-01-03 07:45:00,paratha,55
98,2026-01-03 12:30:00,rajma_rice,100
98,2026-01-03 17:00:00,sweets,40
98,2026-01-03 20:30:00,dal_rice,85
98,2026-01-04 08:15:00,poha,50
98,2026-01-04 13:15:00,dal_rice,90
98,2026-01-04 16:45:00,fruit,20
98,2026-01-04 20:45:00,dal_rice,85
98,2026-01-05 07:45:00,poha,50
98,2026-01-05 13:00:00,biryani,110
98,2026-01-05 17:15:00,sweets,40
98,2026-01-05 20:15:00,biryani,110
98,2026-01-06 07:30:00,poha,50
98,2026-01-06 12:45:00,biryani,110
98,2026-01-06 17:15:00,sweets,40
98,2026-01-06 19:45:00,roti_sabzi,60
98,2026-01-07 08:30:00,dosa,50
98,2026-01-07 13:30:00,rajma_rice,100
98,2026-01-07 16:30:00,chai_biscuit,25
98,2026-01-07 21:30:00,roti_sabzi,60
98,2026-01-08 07:15:00,idli_sambar,45
98,2026-01-08 12:15:00,rajma_rice,100
98,2026-01-08 16:30:00,fruit,20
98,2026-01-08 21:00:00,khichdi,65
98,2026-01-09 07:30:00,dosa,50
98,2026-01-09 11:30:00,roti_sabzi,60
98,2026-01-09 17:00:00,samosa,30
98,2026-01-09 20:30:00,khichdi,65
98,2026-01-10 08:00:00,dosa,50
98,2026-01-10 11:45:00,roti_sabzi,60
98,2026-01-10 16:45:00,fruit,20
98,2026-01-10 19:45:00,khichdi,65
98,2026-01-11 08:45:00,idli_sambar,45
98,2026-01-11 14:00:00,roti_sabzi,60
98,2026-01-11 16:45:00,sweets,40
98,2026-01-11 21:15:00,khichdi,65
98,2026-01-12 08:15:00,paratha,55
98,2026-01-12 12:45:00,rajma_rice,100
98,2026-01-12 16:00:00,chai_biscuit,25
98,2026-01-12 19:30:00,roti_sabzi,60
98,2026-01-13 07:45:00,idli_sambar,45
98,2026-01-13 12:15:00,biryani,110
98,2026-01-13 16:00:00,fruit,20
98,2026-01-13 21:00:00,khichdi,65
98,2026-01-14 07:15:00,idli_sambar,45
98,2026-01-14 12:15:00,rajma_rice,100
98,2026-01-14 17:45:00,chai_biscuit,25
98,2026-01-14 21:00:00,dal_rice,85
99,2026-01-01 07:30:00,poha,50
99,2026-01-01 13:00:00,roti_sabzi,60
99,2026-01-01 17:15:00,fruit,20
99,2026-01-01 20:00:00,roti_sabzi,60
99,2026-01-02 07:30:00,paratha,55
99,2026-01-02 13:00:00,rajma_rice,100
99,2026-01-02 16:00:00,samosa,30
99,2026-01-02 19:30:00,biryani,110
99,2026-01-03 08:00:00,idli_sambar,45
99,2026-01-03 12:30:00,dal_rice,90
99,2026-01-03 17:15:00,samosa,30
99,2026-01-03 20:15:00,khichdi,65
99,2026-01-04 06:45:00,poha,50
99,2026-01-04 13:45:00,rajma_rice,100
99,2026-01-04 17:45:00,fruit,20
99,2026-01-04 20:00:00,khichdi,65
99,2026-01-05 07:15:00,dosa,50
99,2026-01-05 12:30:00,dal_rice,90
99,2026-01-05 17:30:00,samosa,30
99,2026-01-05 20:00:00,dal_rice,85
99,2026-01-06 07:00:00,paratha,55
99,2026-01-06 13:15:00,roti_sabzi,60
99,2026-01-06 16:45:00,samosa,30
99,2026-01-06 20:30:00,biryani,110
99,2026-01-07 07:45:00,idli_sambar,45
99,2026-01-07 13:00:00,biryani,110
99,2026-01-07 16:45:00,chai_biscuit,25
99,2026-01-07 20:15:00,khichdi,65
99,2026-01-08 08:00:00,dosa,50
99,2026-01-08 12:30:00,dal_rice,90
99,2026-01-08 16:30:00,sweets,40
99,2026-01-08 19:00:00,dal_rice,85
99,2026-01-09 07:45:00,paratha,55
99,2026-01-09 13:00:00,biryani,110
99,2026-01-09 17:15:00,chai_biscuit,25
99,2026-01-09 20:30:00,dal_rice,85
99,2026-01-10 07:45:00,dosa,50
99,2026-01-10 12:45:00,biryani,110
99,2026-01-10 16:30:00,fruit,20
99,2026-01-10 21:15:00,dal_rice,85
99,2026-01-11 08:00:00,idli_sambar,45
99,2026-01-11 13:00:00,roti_sabzi,60
99,2026-01-11 17:15:00,samosa,30
99,2026-01-11 20:00:00,biryani,110
99,2026-01-12 07:45:00,dosa,50
99,2026-01-12 13:00:00,rajma_rice,100
99,2026-01-12 16:45:00,fruit,20
99,2026-01-12 20:30:00,dal_rice,85
99,2026-01-13 09:00:00,poha,50
99,2026-01-13 12:45:00,dal_rice,90
99,2026-01-13 16:30:00,fruit,20
99,2026-01-13 19:45:00,biryani,110
99,2026-01-14 07:45:00,idli_sambar,45
99,2026-01-14 13:15:00,roti_sabzi,60
99,2026-01-14 16:45:00,sweets,40
99,2026-01-14 20:30:00,dal_rice,85
100,2026-01-01 08:30:00,dosa,50
100,2026-01-01 13:30:00,roti_sabzi,60
100,2026-01-01 16:15:00,chai_biscuit,25
100,2026-01-01 21:15:00,roti_sabzi,60
100,2026-01-02 08:00:00,dosa,50
100,2026-01-02 13:15:00,rajma_rice,100
100,2026-01-02 16:15:00,sweets,40
100,2026-01-02 19:15:00,khichdi,65
100,2026-01-03 08:00:00,paratha,55
100,2026-01-03 12:45:00,dal_rice,90
100,2026-01-03 16:30:00,sweets,40
100,2026-01-03 21:00:00,dal_rice,85
100,2026-01-04 07:30:00,dosa,50
100,2026-01-04 13:15:00,roti_sabzi,60
100,2026-01-04 16:30:00,chai_biscuit,25
100,2026-01-04 20:45:00,roti_sabzi,60
100,2026-01-05 08:00:00,dosa,50
100,2026-01-05 12:15:00,dal_rice,90
100,2026-01-05 16:30:00,sweets,40
100,2026-01-05 21:00:00,roti_sabzi,60
100,2026-01-06 09:00:00,poha,50
100,2026-01-06 14:15:00,rajma_rice,100
100,2026-01-06 16:30:00,fruit,20
100,2026-01-06 21:15:00,dal_rice,85
100,2026-01-07 07:30:00,idli_sambar,45
100,2026-01-07 13:00:00,roti_sabzi,60
100,2026-01-07 17:00:00,fruit,20
100,2026-01-07 20:00:00,khichdi,65
100,2026-01-08 08:45:00,idli_sambar,45
100,2026-01-08 12:30:00,biryani,110
100,2026-01-08 17:00:00,sweets,40
100,2026-01-08 20:15:00,dal_rice,85
100,2026-01-09 07:30:00,paratha,55
100,2026-01-09 12:45:00,rajma_rice,100
100,2026-01-09 17:00:00,chai_biscuit,25
100,2026-01-09 20:15:00,dal_rice,85
100,2026-01-10 08:45:00,poha,50
100,2026-01-10 13:00:00,rajma_rice,100
100,2026-01-10 16:30:00,fruit,20
100,2026-01-10 20:30:00,roti_sabzi,60
100,2026-01-11 08:15:00,poha,50
100,2026-01-11 13:30:00,biryani,110
100,2026-01-11 17:00:00,sweets,40
100,2026-01-11 20:45:00,khichdi,65
100,2026-01-12 07:45:00,dosa,50
100,2026-01-12 12:45:00,biryani,110
100,2026-01-12 17:30:00,chai_biscuit,25
100,2026-01-12 20:15:00,roti_sabzi,60
100,2026-01-13 07:45:00,poha,50
100,2026-01-13 12:15:00,rajma_rice,100
100,2026-01-13 17:15:00,fruit,20
100,2026-01-13 20:45:00,dal_rice,85
100,2026-01-14 08:00:00,dosa,50
100,2026-01-14 13:00:00,dal_rice,90
100,2026-01-14 16:45:00,chai_biscuit,25
100,2026-01-14 20:15:00,roti_sabzi,60
101,2026-01-01 07:30:00,paratha,55
101,2026-01-01 13:15:00,roti_sabzi,60
101,2026-01-01 16:45:00,samosa,30
101,2026-01-01 20:30:00,biryani,110
101,2026-01-02 07:45:00,dosa,50
101,2026-01-02 13:00:00,roti_sabzi,60
101,2026-01-02 15:45:00,samosa,30
101,2026-01-02 20:15:00,roti_sabzi,60
101,2026-01-03 07:30:00,idli_sambar,45
101,2026-01-03 13:00:00,rajma_rice,100
101,2026-01-03 16:45:00,samosa,30
101,2026-01-03 20:00:00,roti_sabzi,60
101,2026-01-04 08:15:00,paratha,55
101,2026-01-04 12:45:00,dal_rice,90
101,2026-01-04 16:45:00,fruit,20
101,2026-01-04 19:45:00,khichdi,65
101,2026-01-05 07:15:00,idli_sambar,45
101,2026-01-05 12:45:00,rajma_rice,100
101,2026-01-05 16:30:00,fruit,20
101,2026-01-05 20:15:00,biryani,110
101,2026-01-06 07:45:00,paratha,55
101,2026-01-06 12:45:00,rajma_rice,100
101,2026-01-06 17:15:00,samosa,30
101,2026-01-06 20:30:00,roti_sabzi,60
101,2026-01-07 07:45:00,dosa,50
101,2026-01-07 13:00:00,roti_sabzi,60
101,2026-01-07 16:15:00,chai_biscuit,25
101,2026-01-07 20:15:00,biryani,110
101,2026-01-08 07:30:00,paratha,55
101,2026-01-08 12:00:00,roti_sabzi,60
101,2026-01-08 16:30:00,samosa,30
101,2026-01-08 20:45:00,dal_rice,85
101,2026-01-09 08:45:00,idli_sambar,45
101,2026-01-09 12:45:00,roti_sabzi,60
101,2026-01-09 16:45:00,fruit,20
101,2026-01-09 20:45:00,roti_sabzi,60
101,2026-01-10 07:00:00,poha,50
101,2026-01-10 13:15:00,dal_rice,90
101,2026-01-10 16:30:00,sweets,40
101,2026-01-10 20:45:00,khichdi,65
101,2026-01-11 07:15:00,idli_sambar,45
101,2026-01-11 13:15:00,biryani,110
101,2026-01-11 17:45:00,fruit,20
101,2026-01-11 19:45:00,roti_sabzi,60
101,2026-01-12 08:00:00,dosa,50
101,2026-01-12 12:30:00,rajma_rice,100
101,2026-01-12 16:45:00,chai_biscuit,25
101,2026-01-12 20:00:00,dal_rice,85
101,2026-01-13 08:00:00,poha,50
101,2026-01-13 13:00:00,biryani,110
101,2026-01-13 16:30:00,sweets,40
101,2026-01-13 20:30:00,khichdi,65
101,2026-01-14 07:30:00,paratha,55
101,2026-01-14 13:00:00,dal_rice,90
101,2026-01-14 15:45:00,samosa,30
101,2026-01-14 20:15:00,roti_sabzi,60
102,2026-01-01 07:30:00,idli_sambar,45
102,2026-01-01 13:00:00,rajma_rice,100
102,2026-01-01 17:45:00,samosa,30
102,2026-01-01 20:45:00,biryani,110
102,2026-01-02 08:30:00,idli_sambar,45
102,2026-01-02 13:15:00,dal_rice,90
102,2026-01-02 16:45:00,samosa,30
102,2026-01-02 21:00:00,dal_rice,85
102,2026-01-03 07:00:00,poha,50
102,2026-01-03 13:45:00,dal_rice,90
102,2026-01-03 17:30:00,sweets,40
102,2026-01-03 20:00:00,khichdi,65
102,2026-01-04 08:00:00,dosa,50
102,2026-01-04 12:45:00,dal_rice,90
102,2026-01-04 16:30:00,samosa,30
102,2026-01-04 20:30:00,biryani,110
102,2026-01-05 07:45:00,idli_sambar,45
102,2026-01-05 13:30:00,roti_sabzi,60
102,2026-01-05 16:45:00,sweets,40
102,2026-01-05 20:00:00,dal_rice,85
102,2026-01-06 08:15:00,poha,50
102,2026-01-06 13:15:00,biryani,110
102,2026-01-06 16:30:00,fruit,20
102,2026-01-06 19:00:00,biryani,110
102,2026-01-07 08:00:00,idli_sambar,45
102,2026-01-07 13:00:00,roti_sabzi,60
102,2026-01-07 17:45:00,chai_biscuit,25
102,2026-01-07 20:00:00,roti_sabzi,60
102,2026-01-08 07:30:00,idli_sambar,45
102,2026-01-08 12:30:00,rajma_rice,100
102,2026-01-08 16:00:00,samosa,30
102,2026-01-08 20:15:00,biryani,110
102,2026-01-09 07:45:00,paratha,55
102,2026-01-09 12:45:00,rajma_rice,100
102,2026-01-09 17:15:00,samosa,30
102,2026-01-09 19:45:00,khichdi,65
102,2026-01-10 07:30:00,idli_sambar,45
102,2026-01-10 13:30:00,dal_rice,90
102,2026-01-10 16:30:00,samosa,30
102,2026-01-10 20:30:00,khichdi,65
102,2026-01-11 08:15:00,poha,50
102,2026-01-11 12:00:00,biryani,110
102,2026-01-11 17:00:00,chai_biscuit,25
102,2026-01-11 20:00:00,biryani,110
102,2026-01-12 08:15:00,dosa,50
102,2026-01-12 13:00:00,dal_rice,90
102,2026-01-12 16:45:00,chai_biscuit,25
102,2026-01-12 21:00:00,dal_rice,85
102,2026-01-13 09:00:00,dosa,50
102,2026-01-13 13:45:00,biryani,110
102,2026-01-13 16:15:00,samosa,30
102,2026-01-13 20:30:00,biryani,110
102,2026-01-14 07:30:00,idli_sambar,45
102,2026-01-14 13:00:00,biryani,110
102,2026-01-14 16:30:00,samosa,30
102,2026-01-14 20:45:00,khichdi,65
103,2026-01-01 07:45:00,idli_sambar,45
103,2026-01-01 13:30:00,roti_sabzi,60
103,2026-01-01 17:15:00,sweets,40
103,2026-01-01 19:15:00,dal_rice,85
103,2026-01-02 08:30:00,paratha,55
103,2026-01-02 12:15:00,dal_rice,90
103,2026-01-02 17:45:00,sweets,40
103,2026-01-02 20:45:00,biryani,110
103,2026-01-03 08:00:00,paratha,55
103,2026-01-03 13:00:00,dal_rice,90
103,2026-01-03 16:15:00,fruit,20
103,2026-01-03 21:00:00,dal_rice,85
103,2026-01-04 07:45:00,dosa,50
103,2026-01-04 12:45:00,dal_rice,90
103,2026-01-04 17:15:00,fruit,20
103,2026-01-04 19:45:00,biryani,110
103,2026-01-05 08:00:00,dosa,50
103,2026-01-05 14:00:00,dal_rice,90
103,2026-01-05 16:45:00,samosa,30
103,2026-01-05 20:30:00,khichdi,65
103,2026-01-06 08:00:00,paratha,55
103,2026-01-06 13:15:00,rajma_rice,100
103,2026-01-06 16:30:00,chai_biscuit,25
103,2026-01-06 21:30:00,khichdi,65
103,2026-01-07 07:30:00,dosa,50
103,2026-01-07 13:00:00,rajma_rice,100
103,2026-01-07 16:45:00,fruit,20
103,2026-01-07 21:00:00,roti_sabzi,60
103,2026-01-08 08:15:00,poha,50
103,2026-01-08 13:00:00,roti_sabzi,60
103,2026-01-08 17:15:00,sweets,40
103,2026-01-08 20:00:00,roti_sabzi,60
103,2026-01-09 08:15:00,paratha,55
103,2026-01-09 12:45:00,dal_rice,90
103,2026-01-09 16:15:00,fruit,20
103,2026-01-09 20:15:00,roti_sabzi,60
103,2026-01-10 08:15:00,idli_sambar,45
103,2026-01-10 12:30:00,dal_rice,90
103,2026-01-10 17:00:00,fruit,20
103,2026-01-10 20:45:00,dal_rice,85
103,2026-01-11 07:15:00,paratha,55
103,2026-01-11 12:45:00,roti_sabzi,60
103,2026-01-11 16:45:00,chai_biscuit,25
103,2026-01-11 20:00:00,biryani,110
103,2026-01-12 07:15:00,dosa,50
103,2026-01-12 12:45:00,rajma_rice,100
103,2026-01-12 17:15:00,fruit,20
103,2026-01-12 19:45:00,biryani,110
103,2026-01-13 07:15:00,dosa,50
103,2026-01-13 13:15:00,dal_rice,90
103,2026-01-13 16:30:00,sweets,40
103,2026-01-13 19:30:00,khichdi,65
103,2026-01-14 08:00:00,idli_sambar,45
103,2026-01-14 12:30:00,biryani,110
103,2026-01-14 16:30:00,sweets,40
103,2026-01-14 19:30:00,biryani,110
104,2026-01-01 07:30:00,paratha,55
104,2026-01-01 13:00:00,rajma_rice,100
104,2026-01-01 17:15:00,sweets,40
104,2026-01-01 20:30:00,roti_sabzi,60
104,2026-01-02 07:45:00,poha,50
104,2026-01-02 12:15:00,rajma_rice,100
104,2026-01-02 17:00:00,chai_biscuit,25
104,2026-01-02 20:15:00,dal_rice,85
104,2026-01-03 07:30:00,idli_sambar,45
104,2026-01-03 12:45:00,roti_sabzi,60
104,2026-01-03 17:00:00,chai_biscuit,25
104,2026-01-03 20:45:00,biryani,110
104,2026-01-04 08:15:00,paratha,55
104,2026-01-04 13:15:00,roti_sabzi,60
104,2026-01-04 16:45:00,chai_biscuit,25
104,2026-01-04 21:00:00,roti_sabzi,60
104,2026-01-05 06:45:00,paratha,55
104,2026-01-05 12:15:00,dal_rice,90
104,2026-01-05 17:00:00,fruit,20
104,2026-01-05 20:30:00,biryani,110
104,2026-01-06 07:45:00,poha,50
104,2026-01-06 13:15:00,biryani,110
104,2026-01-06 17:30:00,sweets,40
104,2026-01-06 21:15:00,roti_sabzi,60
104,2026-01-07 07:30:00,idli_sambar,45
104,2026-01-07 12:15:00,biryani,110
104,2026-01-07 16:30:00,samosa,30
104,2026-01-07 20:15:00,roti_sabzi,60
104,2026-01-08 08:00:00,poha,50
104,2026-01-08 13:15:00,biryani,110
104,2026-01-08 17:15:00,chai_biscuit,25
104,2026-01-08 20:45:00,dal_rice,85
104,2026-01-09 07:45:00,idli_sambar,45
104,2026-01-09 13:00:00,biryani,110
104,2026-01-09 16:45:00,chai_biscuit,25
104,2026-01-09 20:45:00,roti_sabzi,60
104,2026-01-10 08:15:00,dosa,50
104,2026-01-10 13:45:00,roti_sabzi,60
104,2026-01-10 16:45:00,sweets,40
104,2026-01-10 20:45:00,biryani,110
104,2026-01-11 07:30:00,dosa,50
104,2026-01-11 12:30:00,rajma_rice,100
104,2026-01-11 17:45:00,fruit,20
104,2026-01-11 19:45:00,roti_sabzi,60
104,2026-01-12 07:45:00,dosa,50
104,2026-01-12 13:30:00,roti_sabzi,60
104,2026-01-12 17:30:00,sweets,40
104,2026-01-12 20:45:00,roti_sabzi,60
104,2026-01-13 08:15:00,poha,50
104,2026-01-13 13:15:00,biryani,110
104,2026-01-13 17:00:00,sweets,40
104,2026-01-13 20:15:00,roti_sabzi,60
104,2026-01-14 07:45:00,paratha,55
104,2026-01-14 12:45:00,rajma_rice,100
104,2026-01-14 17:15:00,samosa,30
104,2026-01-14 19:45:00,biryani,110
105,2026-01-01 08:30:00,poha,50
105,2026-01-01 13:00:00,rajma_rice,100
105,2026-01-01 17:00:00,samosa,30
105,2026-01-01 20:00:00,khichdi,65
105,2026-01-02 08:00:00,idli_sambar,45
105,2026-01-02 11:45:00,dal_rice,90
105,2026-01-02 16:15:00,fruit,20
105,2026-01-02 20:45:00,roti_sabzi,60
105,2026-01-03 08:15:00,paratha,55
105,2026-01-03 13:30:00,biryani,110
105,2026-01-03 16:30:00,samosa,30
105,2026-01-03 20:45:00,dal_rice,85
105,2026-01-04 07:30:00,paratha,55
105,2026-01-04 12:45:00,roti_sabzi,60
105,2026-01-04 16:45:00,chai_biscuit,25
105,2026-01-04 20:30:00,dal_rice,85
105,2026-01-05 08:30:00,poha,50
105,2026-01-05 12:45:00,roti_sabzi,60
105,2026-01-05 18:15:00,sweets,40
105,2026-01-05 19:45:00,khichdi,65
105,2026-01-06 08:30:00,paratha,55
105,2026-01-06 12:45:00,biryani,110
105,2026-01-06 16:45:00,chai_biscuit,25
105,2026-01-06 19:45:00,biryani,110
105,2026-01-07 08:30:00,dosa,50
105,2026-01-07 12:30:00,roti_sabzi,60
105,2026-01-07 17:15:00,sweets,40
105,2026-01-07 21:30:00,biryani,110
105,2026-01-08 08:00:00,dosa,50
105,2026-01-08 12:45:00,biryani,110
105,2026-01-08 17:15:00,sweets,40
105,2026-01-08 20:45:00,khichdi,65
105,2026-01-09 07:45:00,poha,50
105,2026-01-09 13:15:00,biryani,110
105,2026-01-09 17:30:00,sweets,40
105,2026-01-09 20:30:00,biryani,110
105,2026-01-10 07:45:00,paratha,55
105,2026-01-10 13:00:00,biryani,110
105,2026-01-10 17:00:00,chai_biscuit,25
105,2026-01-10 20:15:00,khichdi,65
105,2026-01-11 07:45:00,paratha,55
105,2026-01-11 13:00:00,rajma_rice,100
105,2026-01-11 16:15:00,chai_biscuit,25
105,2026-01-11 20:30:00,khichdi,65
105,2026-01-12 07:45:00,paratha,55
105,2026-01-12 12:30:00,rajma_rice,100
105,2026-01-12 17:30:00,sweets,40
105,2026-01-12 19:45:00,biryani,110
105,2026-01-13 08:00:00,dosa,50
105,2026-01-13 13:45:00,rajma_rice,100
105,2026-01-13 17:00:00,chai_biscuit,25
105,2026-01-13 19:30:00,khichdi,65
105,2026-01-14 07:00:00,dosa,50
105,2026-01-14 13:15:00,rajma_rice,100
105,2026-01-14 16:45:00,fruit,20
105,2026-01-14 20:15:00,biryani,110
106,2026-01-01 07:45:00,paratha,55
106,2026-01-01 13:15:00,dal_rice,90
106,2026-01-01 16:45:00,samosa,30
106,2026-01-01 19:30:00,khichdi,65
106,2026-01-02 07:30:00,idli_sambar,45
106,2026-01-02 13:15:00,biryani,110
106,2026-01-02 17:00:00,chai_biscuit,25
106,2026-01-02 20:15:00,biryani,110
106,2026-01-03 07:30:00,dosa,50
106,2026-01-03 12:00:00,biryani,110
106,2026-01-03 16:15:00,sweets,40
106,2026-01-03 20:30:00,khichdi,65
106,2026-01-04 07:45:00,poha,50
106,2026-01-04 13:30:00,roti_sabzi,60
106,2026-01-04 16:30:00,fruit,20
106,2026-01-04 20:45:00,khichdi,65
106,2026-01-05 08:00:00,poha,50
106,2026-01-05 13:30:00,biryani,110
106,2026-01-05 17:45:00,chai_biscuit,25
106,2026-01-05 20:15:00,biryani,110
106,2026-01-06 08:15:00,idli_sambar,45
106,2026-01-06 13:15:00,biryani,110
106,2026-01-06 17:30:00,fruit,20
106,2026-01-06 20:00:00,roti_sabzi,60
106,2026-01-07 08:45:00,paratha,55
106,2026-01-07 13:00:00,rajma_rice,100
106,2026-01-07 16:15:00,chai_biscuit,25
106,2026-01-07 19:45:00,roti_sabzi,60
106,2026-01-08 07:30:00,poha,50
106,2026-01-08 13:00:00,dal_rice,90
106,2026-01-08 16:45:00,chai_biscuit,25
106,2026-01-08 20:30:00,dal_rice,85
106,2026-01-09 08:15:00,idli_sambar,45
106,2026-01-09 13:30:00,dal_rice,90
106,2026-01-09 16:45:00,fruit,20
106,2026-01-09 20:45:00,dal_rice,85
106,2026-01-10 08:00:00,dosa,50
106,2026-01-10 14:15:00,rajma_rice,100
106,2026-01-10 16:15:00,fruit,20
106,2026-01-10 20:30:00,roti_sabzi,60
106,2026-01-11 07:30:00,dosa,50
106,2026-01-11 12:15:00,roti_sabzi,60
106,2026-01-11 16:30:00,fruit,20
106,2026-01-11 20:45:00,biryani,110
106,2026-01-12 07:45:00,dosa,50
106,2026-01-12 13:30:00,biryani,110
106,2026-01-12 17:00:00,chai_biscuit,25
106,2026-01-12 20:15:00,dal_rice,85
106,2026-01-13 07:45:00,paratha,55
106,2026-01-13 13:00:00,dal_rice,90
106,2026-01-13 17:15:00,fruit,20
106,2026-01-13 20:00:00,roti_sabzi,60
106,2026-01-14 07:45:00,poha,50
106,2026-01-14 13:30:00,biryani,110
106,2026-01-14 17:30:00,samosa,30
106,2026-01-14 21:00:00,roti_sabzi,60
107,2026-01-01 07:45:00,poha,50
107,2026-01-01 13:00:00,biryani,110
107,2026-01-01 17:15:00,fruit,20
107,2026-01-01 21:00:00,roti_sabzi,60
107,2026-01-02 07:00:00,idli_sambar,45
107,2026-01-02 13:00:00,rajma_rice,100
107,2026-01-02 15:45:00,chai_biscuit,25
107,2026-01-02 20:15:00,khichdi,65
107,2026-01-03 09:00:00,paratha,55
107,2026-01-03 13:15:00,roti_sabzi,60
107,2026-01-03 17:15:00,sweets,40
107,2026-01-03 21:30:00,roti_sabzi,60
107,2026-01-04 07:30:00,paratha,55
107,2026-01-04 12:15:00,biryani,110
107,2026-01-04 17:15:00,chai_biscuit,25
107,2026-01-04 20:30:00,khichdi,65
107,2026-01-05 07:15:00,paratha,55
107,2026-01-05 12:45:00,rajma_rice,100
107,2026-01-05 16:45:00,samosa,30
107,2026-01-05 20:30:00,biryani,110
107,2026-01-06 07:45:00,poha,50
107,2026-01-06 12:00:00,roti_sabzi,60
107,2026-01-06 17:00:00,samosa,30
107,2026-01-06 20:00:00,khichdi,65
107,2026-01-07 08:45:00,idli_sambar,45
107,2026-01-07 13:15:00,rajma_rice,100
107,2026-01-07 16:45:00,fruit,20
107,2026-01-07 19:45:00,biryani,110
107,2026-01-08 09:30:00,poha,50
107,2026-01-08 13:15:00,roti_sabzi,60
107,2026-01-08 16:45:00,chai_biscuit,25
107,2026-01-08 20:30:00,biryani,110
107,2026-01-09 08:30:00,poha,50
107,2026-01-09 13:15:00,roti_sabzi,60
107,2026-01-09 17:00:00,chai_biscuit,25
107,2026-01-09 20:30:00,biryani,110
107,2026-01-10 08:30:00,poha,50
107,2026-01-10 12:45:00,dal_rice,90
107,2026-01-10 17:00:00,sweets,40
107,2026-01-10 20:45:00,roti_sabzi,60
107,2026-01-11 07:45:00,idli_sambar,45
107,2026-01-11 13:30:00,roti_sabzi,60
107,2026-01-11 17:00:00,chai_biscuit,25
107,2026-01-11 21:00:00,biryani,110
107,2026-01-12 07:15:00,dosa,50
107,2026-01-12 13:15:00,rajma_rice,100
107,2026-01-12 17:15:00,chai_biscuit,25
107,2026-01-12 20:30:00,biryani,110
107,2026-01-13 08:15:00,idli_sambar,45
107,2026-01-13 13:15:00,roti_sabzi,60
107,2026-01-13 16:30:00,fruit,20
107,2026-01-13 20:15:00,khichdi,65
107,2026-01-14 08:15:00,poha,50
107,2026-01-14 13:30:00,biryani,110
107,2026-01-14 17:15:00,samosa,30
107,2026-01-14 20:00:00,biryani,110
108,2026-01-01 08:00:00,idli_sambar,45
108,2026-01-01 12:45:00,rajma_rice,100
108,2026-01-01 18:00:00,fruit,20
108,2026-01-01 20:30:00,dal_rice,85
108,2026-01-02 08:15:00,idli_sambar,45
108,2026-01-02 13:15:00,dal_rice,90
108,2026-01-02 16:00:00,sweets,40
108,2026-01-02 21:15:00,khichdi,65
108,2026-01-03 08:30:00,paratha,55
108,2026-01-03 12:00:00,roti_sabzi,60
108,2026-01-03 16:45:00,samosa,30
108,2026-01-03 21:00:00,biryani,110
108,2026-01-04 07:30:00,dosa,50
108,2026-01-04 12:45:00,dal_rice,90
108,2026-01-04 16:30:00,fruit,20
108,2026-01-04 20:45:00,roti_sabzi,60
108,2026-01-05 06:15:00,dosa,50
108,2026-01-05 13:45:00,roti_sabzi,60
108,2026-01-05 17:15:00,chai_biscuit,25
108,2026-01-05 20:00:00,dal_rice,85
108,2026-01-06 07:45:00,dosa,50
108,2026-01-06 13:45:00,biryani,110
108,2026-01-06 16:00:00,fruit,20
108,2026-01-06 19:45:00,khichdi,65
108,2026-01-07 08:00:00,poha,50
108,2026-01-07 12:15:00,dal_rice,90
108,2026-01-07 17:15:00,fruit,20
108,2026-01-07 19:30:00,biryani,110
108,2026-01-08 08:45:00,poha,50
108,2026-01-08 13:15:00,biryani,110
108,2026-01-08 17:15:00,fruit,20
108,2026-01-08 20:00:00,khichdi,65
108,2026-01-09 07:00:00,dosa,50
108,2026-01-09 13:00:00,rajma_rice,100
108,2026-01-09 16:15:00,samosa,30
108,2026-01-09 20:00:00,biryani,110
108,2026-01-10 07:00:00,dosa,50
108,2026-01-10 13:30:00,rajma_rice,100
108,2026-01-10 17:30:00,chai_biscuit,25
108,2026-01-10 20:30:00,roti_sabzi,60
108,2026-01-11 07:15:00,paratha,55
108,2026-01-11 13:15:00,biryani,110
108,2026-01-11 16:45:00,sweets,40
108,2026-01-11 20:30:00,khichdi,65
108,2026-01-12 07:30:00,idli_sambar,45
108,2026-01-12 13:00:00,dal_rice,90
108,2026-01-12 17:15:00,sweets,40
108,2026-01-12 19:45:00,roti_sabzi,60
108,2026-01-13 08:15:00,poha,50
108,2026-01-13 13:00:00,biryani,110
108,2026-01-13 16:15:00,samosa,30
108,2026-01-13 20:15:00,roti_sabzi,60
108,2026-01-14 08:30:00,dosa,50
108,2026-01-14 13:15:00,biryani,110
108,2026-01-14 16:15:00,samosa,30
108,2026-01-14 20:15:00,khichdi,65
109,2026-01-01 08:00:00,poha,50
109,2026-01-01 12:45:00,roti_sabzi,60
109,2026-01-01 17:30:00,sweets,40
109,2026-01-01 20:30:00,dal_rice,85
109,2026-01-02 08:45:00,dosa,50
109,2026-01-02 12:15:00,rajma_rice,100
109,2026-01-02 16:45:00,chai_biscuit,25
109,2026-01-02 21:00:00,biryani,110
109,2026-01-03 08:00:00,poha,50
109,2026-01-03 14:00:00,rajma_rice,100
109,2026-01-03 16:30:00,samosa,30
109,2026-01-03 19:30:00,roti_sabzi,60
109,2026-01-04 07:45:00,dosa,50
109,2026-01-04 13:30:00,biryani,110
109,2026-01-04 17:00:00,fruit,20
109,2026-01-04 20:30:00,biryani,110
109,2026-01-05 07:45:00,paratha,55
109,2026-01-05 12:00:00,biryani,110
109,2026-01-05 17:15:00,samosa,30
109,2026-01-05 20:45:00,biryani,110
109,2026-01-06 07:30:00,paratha,55
109,2026-01-06 12:00:00,biryani,110
109,2026-01-06 15:45:00,chai_biscuit,25
109,2026-01-06 19:30:00,biryani,110
109,2026-01-07 09:00:00,idli_sambar,45
109,2026-01-07 13:00:00,dal_rice,90
109,2026-01-07 18:45:00,sweets,40
109,2026-01-07 20:15:00,biryani,110
109,2026-01-08 08:15:00,dosa,50
109,2026-01-08 13:30:00,rajma_rice,100
109,2026-01-08 17:00:00,fruit,20
109,2026-01-08 20:45:00,dal_rice,85
109,2026-01-09 07:45:00,paratha,55
109,2026-01-09 12:45:00,biryani,110
109,2026-01-09 17:15:00,sweets,40
109,2026-01-09 20:15:00,biryani,110
109,2026-01-10 08:00:00,poha,50
109,2026-01-10 13:30:00,roti_sabzi,60
109,2026-01-10 18:00:00,sweets,40
109,2026-01-10 20:30:00,khichdi,65
109,2026-01-11 07:45:00,poha,50
109,2026-01-11 12:30:00,biryani,110
109,2026-01-11 17:00:00,chai_biscuit,25
109,2026-01-11 20:00:00,dal_rice,85
109,2026-01-12 08:00:00,idli_sambar,45
109,2026-01-12 12:45:00,roti_sabzi,60
109,2026-01-12 17:15:00,samosa,30
109,2026-01-12 20:30:00,roti_sabzi,60
109,2026-01-13 07:15:00,dosa,50
109,2026-01-13 12:45:00,rajma_rice,100
109,2026-01-13 16:15:00,fruit,20
109,2026-01-13 19:15:00,roti_sabzi,60
109,2026-01-14 07:30:00,dosa,50
109,2026-01-14 13:00:00,biryani,110
109,2026-01-14 17:30:00,sweets,40
109,2026-01-14 20:45:00,dal_rice,85
110,2026-01-01 07:45:00,idli_sambar,45
110,2026-01-01 13:15:00,dal_rice,90
110,2026-01-01 16:45:00,chai_biscuit,25
110,2026-01-01 20:00:00,khichdi,65
110,2026-01-02 07:30:00,poha,50
110,2026-01-02 12:15:00,rajma_rice,100
110,2026-01-02 17:30:00,fruit,20
110,2026-01-02 19:45:00,dal_rice,85
110,2026-01-03 07:30:00,paratha,55
110,2026-01-03 12:45:00,roti_sabzi,60
110,2026-01-03 16:30:00,fruit,20
110,2026-01-03 20:45:00,dal_rice,85
110,2026-01-04 08:00:00,idli_sambar,45
110,2026-01-04 13:00:00,rajma_rice,100
110,2026-01-04 16:00:00,sweets,40
110,2026-01-04 20:15:00,biryani,110
110,2026-01-05 07:15:00,dosa,50
110,2026-01-05 12:30:00,dal_rice,90
110,2026-01-05 16:30:00,fruit,20
110,2026-01-05 20:00:00,biryani,110
110,2026-01-06 07:15:00,poha,50
110,2026-01-06 12:30:00,roti_sabzi,60
110,2026-01-06 17:00:00,sweets,40
110,2026-01-06 20:00:00,dal_rice,85
110,2026-01-07 08:15:00,paratha,55
110,2026-01-07 13:15:00,rajma_rice,100
110,2026-01-07 17:00:00,chai_biscuit,25
110,2026-01-07 20:45:00,khichdi,65
110,2026-01-08 08:15:00,paratha,55
110,2026-01-08 12:30:00,biryani,110
110,2026-01-08 17:00:00,fruit,20
110,2026-01-08 20:45:00,khichdi,65
110,2026-01-09 07:30:00,paratha,55
110,2026-01-09 12:30:00,biryani,110
110,2026-01-09 17:00:00,samosa,30
110,2026-01-09 19:45:00,biryani,110
110,2026-01-10 07:30:00,dosa,50
110,2026-01-10 12:45:00,biryani,110
110,2026-01-10 16:30:00,chai_biscuit,25
110,2026-01-10 20:00:00,roti_sabzi,60
110,2026-01-11 07:45:00,poha,50
110,2026-01-11 12:15:00,biryani,110
110,2026-01-11 17:30:00,sweets,40
110,2026-01-11 21:15:00,khichdi,65
110,2026-01-12 08:00:00,poha,50
110,2026-01-12 13:15:00,roti_sabzi,60
110,2026-01-12 16:45:00,samosa,30
110,2026-01-12 20:15:00,khichdi,65
110,2026-01-13 07:15:00,poha,50
110,2026-01-13 12:45:00,rajma_rice,100
110,2026-01-13 16:30:00,chai_biscuit,25
110,2026-01-13 20:00:00,khichdi,65
110,2026-01-14 08:00:00,poha,50
110,2026-01-14 13:45:00,rajma_rice,100
110,2026-01-14 17:00:00,samosa,30
110,2026-01-14 20:30:00,roti_sabzi,60
111,2026-01-01 07:30:00,dosa,50
111,2026-01-01 12:30:00,biryani,110
111,2026-01-01 16:15:00,samosa,30
111,2026-01-01 20:30:00,biryani,110
111,2026-01-02 08:00:00,poha,50
111,2026-01-02 12:30:00,biryani,110
111,2026-01-02 17:15:00,chai_biscuit,25
111,2026-01-02 20:45:00,dal_rice,85
111,2026-01-03 07:00:00,idli_sambar,45
111,2026-01-03 12:45:00,biryani,110
111,2026-01-03 17:00:00,sweets,40
111,2026-01-03 20:30:00,roti_sabzi,60
111,2026-01-04 08:00:00,poha,50
111,2026-01-04 12:45:00,biryani,110
111,2026-01-04 17:45:00,samosa,30
111,2026-01-04 20:45:00,dal_rice,85
111,2026-01-05 08:45:00,idli_sambar,45
111,2026-01-05 12:45:00,biryani,110
111,2026-01-05 16:30:00,chai_biscuit,25
111,2026-01-05 20:45:00,dal_rice,85
111,2026-01-06 07:30:00,dosa,50
111,2026-01-06 13:30:00,biryani,110
111,2026-01-06 16:15:00,samosa,30
111,2026-01-06 20:15:00,roti_sabzi,60
111,2026-01-07 07:15:00,idli_sambar,45
111,2026-01-07 12:45:00,biryani,110
111,2026-01-07 16:45:00,fruit,20
111,2026-01-07 19:45:00,biryani,110
111,2026-01-08 08:30:00,idli_sambar,45
111,2026-01-08 13:15:00,biryani,110
111,2026-01-08 17:30:00,chai_biscuit,25
111,2026-01-08 20:45:00,biryani,110
111,2026-01-09 08:30:00,poha,50
111,2026-01-09 13:15:00,roti_sabzi,60
111,2026-01-09 17:45:00,fruit,20
111,2026-01-09 20:45:00,khichdi,65
111,2026-01-10 07:45:00,dosa,50
111,2026-01-10 12:00:00,dal_rice,90
111,2026-01-10 16:45:00,chai_biscuit,25
111,2026-01-10 20:00:00,biryani,110
111,2026-01-11 08:00:00,poha,50
111,2026-01-11 13:45:00,rajma_rice,100
111,2026-01-11 17:45:00,sweets,40
111,2026-01-11 20:30:00,dal_rice,85
111,2026-01-12 08:00:00,idli_sambar,45
111,2026-01-12 13:00:00,dal_rice,90
111,2026-01-12 16:45:00,chai_biscuit,25
111,2026-01-12 20:00:00,biryani,110
111,2026-01-13 07:45:00,poha,50
111,2026-01-13 12:45:00,roti_sabzi,60
111,2026-01-13 16:45:00,samosa,30
111,2026-01-13 20:30:00,dal_rice,85
111,2026-01-14 08:45:00,poha,50
111,2026-01-14 13:00:00,roti_sabzi,60
111,2026-01-14 16:30:00,samosa,30
111,2026-01-14 19:30:00,roti_sabzi,60
112,2026-01-01 09:15:00,idli_sambar,45
112,2026-01-01 12:45:00,roti_sabzi,60
112,2026-01-01 16:45:00,fruit,20
112,2026-01-01 20:30:00,khichdi,65
112,2026-01-02 07:15:00,paratha,55
112,2026-01-02 12:15:00,rajma_rice,100
112,2026-01-02 16:15:00,chai_biscuit,25
112,2026-01-02 20:00:00,khichdi,65
112,2026-01-03 07:30:00,dosa,50
112,2026-01-03 12:15:00,dal_rice,90
112,2026-01-03 16:30:00,sweets,40
112,2026-01-03 21:45:00,biryani,110
112,2026-01-04 07:45:00,dosa,50
112,2026-01-04 13:00:00,roti_sabzi,60
112,2026-01-04 17:15:00,sweets,40
112,2026-01-04 20:15:00,biryani,110
112,2026-01-05 07:45:00,dosa,50
112,2026-01-05 13:00:00,rajma_rice,100
112,2026-01-05 16:45:00,sweets,40
112,2026-01-05 20:30:00,biryani,110
112,2026-01-06 07:45:00,poha,50
112,2026-01-06 12:45:00,roti_sabzi,60
112,2026-01-06 16:00:00,fruit,20
112,2026-01-06 20:30:00,roti_sabzi,60
112,2026-01-07 07:15:00,poha,50
112,2026-01-07 12:00:00,dal_rice,90
112,2026-01-07 16:30:00,chai_biscuit,25
112,2026-01-07 20:30:00,biryani,110
112,2026-01-08 08:45:00,paratha,55
112,2026-01-08 12:30:00,dal_rice,90
112,2026-01-08 17:15:00,fruit,20
112,2026-01-08 20:00:00,biryani,110
112,2026-01-09 07:45:00,poha,50
112,2026-01-09 12:15:00,dal_rice,90
112,2026-01-09 17:15:00,chai_biscuit,25
112,2026-01-09 20:45:00,khichdi,65
112,2026-01-10 08:15:00,paratha,55
112,2026-01-10 12:30:00,biryani,110
112,2026-01-10 17:00:00,samosa,30
112,2026-01-10 21:00:00,biryani,110
112,2026-01-11 08:00:00,poha,50
112,2026-01-11 13:00:00,rajma_rice,100
112,2026-01-11 17:00:00,sweets,40
112,2026-01-11 19:45:00,biryani,110
112,2026-01-12 07:15:00,paratha,55
112,2026-01-12 13:00:00,dal_rice,90
112,2026-01-12 17:30:00,sweets,40
112,2026-01-12 21:00:00,khichdi,65
112,2026-01-13 08:15:00,dosa,50
112,2026-01-13 13:00:00,rajma_rice,100
112,2026-01-13 17:00:00,sweets,40
112,2026-01-13 19:45:00,roti_sabzi,60
112,2026-01-14 07:45:00,paratha,55
112,2026-01-14 13:15:00,dal_rice,90
112,2026-01-14 17:30:00,fruit,20
112,2026-01-14 21:00:00,khichdi,65
113,2026-01-01 07:45:00,dosa,50
113,2026-01-01 12:45:00,rajma_rice,100
113,2026-01-01 16:30:00,samosa,30
113,2026-01-01 20:00:00,dal_rice,85
113,2026-01-02 08:30:00,poha,50
113,2026-01-02 12:45:00,biryani,110
113,2026-01-02 17:00:00,chai_biscuit,25
113,2026-01-02 20:00:00,roti_sabzi,60
113,2026-01-03 08:00:00,dosa,50
113,2026-01-03 12:15:00,roti_sabzi,60
113,2026-01-03 16:30:00,sweets,40
113,2026-01-03 20:30:00,khichdi,65
113,2026-01-04 07:30:00,poha,50
113,2026-01-04 13:15:00,dal_rice,90
113,2026-01-04 16:30:00,samosa,30
113,2026-01-04 21:30:00,khichdi,65
113,2026-01-05 07:45:00,paratha,55
113,2026-01-05 12:45:00,roti_sabzi,60
113,2026-01-05 16:45:00,fruit,20
113,2026-01-05 19:45:00,roti_sabzi,60
113,2026-01-06 08:15:00,paratha,55
113,2026-01-06 12:30:00,biryani,110
113,2026-01-06 17:00:00,samosa,30
113,2026-01-06 20:45:00,dal_rice,85
113,2026-01-07 08:00:00,idli_sambar,45
113,2026-01-07 13:15:00,rajma_rice,100
113,2026-01-07 17:00:00,chai_biscuit,25
113,2026-01-07 20:15:00,khichdi,65
113,2026-01-08 08:30:00,dosa,50
113,2026-01-08 12:15:00,biryani,110
113,2026-01-08 16:00:00,samosa,30
113,2026-01-08 20:45:00,khichdi,65
113,2026-01-09 07:00:00,poha,50
113,2026-01-09 14:00:00,rajma_rice,100
113,2026-01-09 16:45:00,sweets,40
113,2026-01-09 20:45:00,roti_sabzi,60
113,2026-01-10 08:15:00,dosa,50
113,2026-01-10 12:30:00,roti_sabzi,60
113,2026-01-10 17:15:00,samosa,30
113,2026-01-10 19:30:00,khichdi,65
113,2026-01-11 07:00:00,idli_sambar,45
113,2026-01-11 12:30:00,roti_sabzi,60
113,2026-01-11 16:45:00,samosa,30
113,2026-01-11 20:30:00,roti_sabzi,60
113,2026-01-12 07:30:00,dosa,50
113,2026-01-12 13:00:00,roti_sabzi,60
113,2026-01-12 17:30:00,sweets,40
113,2026-01-12 20:15:00,khichdi,65
113,2026-01-13 08:30:00,poha,50
113,2026-01-13 12:30:00,biryani,110
113,2026-01-13 17:30:00,samosa,30
113,2026-01-13 20:30:00,khichdi,65
113,2026-01-14 08:15:00,idli_sambar,45
113,2026-01-14 14:30:00,rajma_rice,100
113,2026-01-14 15:45:00,sweets,40
113,2026-01-14 20:30:00,biryani,110
114,2026-01-01 07:30:00,dosa,50
114,2026-01-01 13:15:00,roti_sabzi,60
114,2026-01-01 16:45:00,fruit,20
114,2026-01-01 21:15:00,roti_sabzi,60
114,2026-01-02 08:00:00,idli_sambar,45
114,2026-01-02 13:30:00,rajma_rice,100
114,2026-01-02 17:15:00,sweets,40
114,2026-01-02 21:15:00,roti_sabzi,60
114,2026-01-03 07:15:00,idli_sambar,45
114,2026-01-03 13:30:00,roti_sabzi,60
114,2026-01-03 16:30:00,fruit,20
114,2026-01-03 20:15:00,roti_sabzi,60
114,2026-01-04 07:30:00,idli_sambar,45
114,2026-01-04 13:15:00,roti_sabzi,60
114,2026-01-04 17:45:00,chai_biscuit,25
114,2026-01-04 19:45:00,dal_rice,85
114,2026-01-05 07:30:00,paratha,55
114,2026-01-05 12:45:00,roti_sabzi,60
114,2026-01-05 16:45:00,sweets,40
114,2026-01-05 20:45:00,biryani,110
114,2026-01-06 07:45:00,dosa,50
114,2026-01-06 12:45:00,roti_sabzi,60
114,2026-01-06 17:45:00,sweets,40
114,2026-01-06 20:45:00,biryani,110
114,2026-01-07 07:45:00,paratha,55
114,2026-01-07 13:45:00,roti_sabzi,60
114,2026-01-07 16:45:00,samosa,30
114,2026-01-07 20:00:00,khichdi,65
114,2026-01-08 08:00:00,dosa,50
114,2026-01-08 12:45:00,roti_sabzi,60
114,2026-01-08 16:15:00,samosa,30
114,2026-01-08 20:45:00,dal_rice,85
114,2026-01-09 08:15:00,poha,50
114,2026-01-09 12:15:00,biryani,110
114,2026-01-09 17:45:00,samosa,30
114,2026-01-09 20:00:00,biryani,110
114,2026-01-10 07:30:00,paratha,55
114,2026-01-10 13:15:00,rajma_rice,100
114,2026-01-10 17:15:00,chai_biscuit,25
114,2026-01-10 20:15:00,dal_rice,85
114,2026-01-11 07:30:00,paratha,55
114,2026-01-11 13:00:00,dal_rice,90
114,2026-01-11 17:00:00,fruit,20
114,2026-01-11 21:00:00,dal_rice,85
114,2026-01-12 08:45:00,dosa,50
114,2026-01-12 12:30:00,roti_sabzi,60
114,2026-01-12 17:00:00,chai_biscuit,25
114,2026-01-12 20:45:00,biryani,110
114,2026-01-13 08:15:00,idli_sambar,45
114,2026-01-13 13:15:00,roti_sabzi,60
114,2026-01-13 17:15:00,chai_biscuit,25
114,2026-01-13 20:45:00,khichdi,65
114,2026-01-14 07:30:00,idli_sambar,45
114,2026-01-14 12:45:00,dal_rice,90
114,2026-01-14 17:00:00,fruit,20
114,2026-01-14 19:15:00,khichdi,65
115,2026-01-01 08:00:00,paratha,55
115,2026-01-01 12:30:00,biryani,110
115,2026-01-01 16:45:00,sweets,40
115,2026-01-01 20:30:00,dal_rice,85
115,2026-01-02 09:00:00,idli_sambar,45
115,2026-01-02 13:00:00,rajma_rice,100
115,2026-01-02 16:45:00,fruit,20
115,2026-01-02 20:30:00,roti_sabzi,60
115,2026-01-03 07:15:00,idli_sambar,45
115,2026-01-03 12:45:00,biryani,110
115,2026-01-03 17:15:00,sweets,40
115,2026-01-03 19:45:00,roti_sabzi,60
115,2026-01-04 08:45:00,idli_sambar,45
115,2026-01-04 13:15:00,roti_sabzi,60
115,2026-01-04 17:00:00,fruit,20
115,2026-01-04 20:45:00,dal_rice,85
115,2026-01-05 08:00:00,idli_sambar,45
115,2026-01-05 13:00:00,biryani,110
115,2026-01-05 17:30:00,samosa,30
115,2026-01-05 20:30:00,roti_sabzi,60
115,2026-01-06 08:00:00,poha,50
115,2026-01-06 13:30:00,roti_sabzi,60
115,2026-01-06 16:15:00,samosa,30
115,2026-01-06 20:15:00,roti_sabzi,60
115,2026-01-07 07:45:00,dosa,50
115,2026-01-07 13:00:00,dal_rice,90
115,2026-01-07 16:45:00,fruit,20
115,2026-01-07 20:15:00,dal_rice,85
115,2026-01-08 08:45:00,poha,50
115,2026-01-08 13:30:00,rajma_rice,100
115,2026-01-08 17:15:00,samosa,30
115,2026-01-08 20:00:00,roti_sabzi,60
115,2026-01-09 08:45:00,paratha,55
115,2026-01-09 12:30:00,dal_rice,90
115,2026-01-09 16:00:00,sweets,40
115,2026-01-09 19:45:00,khichdi,65
115,2026-01-10 08:30:00,dosa,50
115,2026-01-10 13:00:00,biryani,110
115,2026-01-10 17:15:00,samosa,30
115,2026-01-10 20:15:00,khichdi,65
115,2026-01-11 08:30:00,paratha,55
115,2026-01-11 13:45:00,dal_rice,90
115,2026-01-11 17:15:00,sweets,40
115,2026-01-11 20:15:00,roti_sabzi,60
115,2026-01-12 07:00:00,paratha,55
115,2026-01-12 13:00:00,biryani,110
115,2026-01-12 16:30:00,fruit,20
115,2026-01-12 20:00:00,dal_rice,85
115,2026-01-13 07:15:00,idli_sambar,45
115,2026-01-13 13:15:00,dal_rice,90
115,2026-01-13 16:00:00,sweets,40
115,2026-01-13 20:45:00,dal_rice,85
115,2026-01-14 07:15:00,dosa,50
115,2026-01-14 13:00:00,biryani,110
115,2026-01-14 16:30:00,sweets,40
115,2026-01-14 20:30:00,khichdi,65
116,2026-01-01 07:45:00,idli_sambar,45
116,2026-01-01 12:45:00,roti_sabzi,60
116,2026-01-01 17:15:00,samosa,30
116,2026-01-01 19:45:00,biryani,110
116,2026-01-02 09:00:00,dosa,50
116,2026-01-02 13:00:00,dal_rice,90
116,2026-01-02 15:30:00,chai_biscuit,25
116,2026-01-02 20:15:00,dal_rice,85
116,2026-01-03 08:00:00,idli_sambar,45
116,2026-01-03 13:30:00,roti_sabzi,60
116,2026-01-03 17:15:00,samosa,30
116,2026-01-03 21:00:00,roti_sabzi,60
116,2026-01-04 07:45:00,dosa,50
116,2026-01-04 12:15:00,roti_sabzi,60
116,2026-01-04 16:45:00,sweets,40
116,2026-01-04 20:00:00,dal_rice,85
116,2026-01-05 07:30:00,paratha,55
116,2026-01-05 12:30:00,roti_sabzi,60
116,2026-01-05 17:00:00,sweets,40
116,2026-01-05 20:00:00,dal_rice,85
116,2026-01-06 08:45:00,idli_sambar,45
116,2026-01-06 12:30:00,rajma_rice,100
116,2026-01-06 17:30:00,samosa,30
116,2026-01-06 20:30:00,dal_rice,85
116,2026-01-07 08:00:00,paratha,55
116,2026-01-07 13:00:00,dal_rice,90
116,2026-01-07 16:45:00,sweets,40
116,2026-01-07 20:15:00,dal_rice,85
116,2026-01-08 08:00:00,idli_sambar,45
116,2026-01-08 13:00:00,dal_rice,90
116,2026-01-08 17:00:00,chai_biscuit,25
116,2026-01-08 19:45:00,khichdi,65
116,2026-01-09 07:45:00,dosa,50
116,2026-01-09 13:30:00,biryani,110
116,2026-01-09 17:45:00,samosa,30
116,2026-01-09 20:30:00,roti_sabzi,60
116,2026-01-10 07:00:00,dosa,50
116,2026-01-10 12:45:00,roti_sabzi,60
116,2026-01-10 16:15:00,fruit,20
116,2026-01-10 20:30:00,khichdi,65
116,2026-01-11 07:15:00,dosa,50
116,2026-01-11 13:30:00,dal_rice,90
116,2026-01-11 17:30:00,chai_biscuit,25
116,2026-01-11 20:30:00,dal_rice,85
116,2026-01-12 07:45:00,paratha,55
116,2026-01-12 14:00:00,biryani,110
116,2026-01-12 17:45:00,samosa,30
116,2026-01-12 21:00:00,roti_sabzi,60
116,2026-01-13 07:30:00,dosa,50
116,2026-01-13 12:00:00,biryani,110
116,2026-01-13 16:30:00,sweets,40
116,2026-01-13 21:00:00,dal_rice,85
116,2026-01-14 09:00:00,paratha,55
116,2026-01-14 13:45:00,roti_sabzi,60
116,2026-01-14 16:30:00,sweets,40
116,2026-01-14 20:30:00,khichdi,65
117,2026-01-01 08:45:00,paratha,55
117,2026-01-01 12:45:00,biryani,110
117,2026-01-01 18:00:00,samosa,30
117,2026-01-01 20:30:00,dal_rice,85
117,2026-01-02 07:30:00,paratha,55
117,2026-01-02 12:30:00,rajma_rice,100
117,2026-01-02 16:45:00,samosa,30
117,2026-01-02 20:45:00,biryani,110
117,2026-01-03 08:45:00,dosa,50
117,2026-01-03 13:00:00,rajma_rice,100
117,2026-01-03 17:15:00,fruit,20
117,2026-01-03 20:30:00,dal_rice,85
117,2026-01-04 07:45:00,paratha,55
117,2026-01-04 12:45:00,dal_rice,90
117,2026-01-04 18:00:00,fruit,20
117,2026-01-04 20:00:00,biryani,110
117,2026-01-05 06:45:00,dosa,50
117,2026-01-05 12:45:00,dal_rice,90
117,2026-01-05 16:30:00,sweets,40
117,2026-01-05 19:30:00,roti_sabzi,60
117,2026-01-06 08:00:00,paratha,55
117,2026-01-06 12:45:00,rajma_rice,100
117,2026-01-06 16:15:00,fruit,20
117,2026-01-06 19:30:00,roti_sabzi,60
117,2026-01-07 07:15:00,paratha,55
117,2026-01-07 12:15:00,roti_sabzi,60
117,2026-01-07 17:15:00,fruit,20
117,2026-01-07 20:30:00,khichdi,65
117,2026-01-08 08:00:00,idli_sambar,45
117,2026-01-08 12:45:00,dal_rice,90
117,2026-01-08 16:15:00,samosa,30
117,2026-01-08 21:00:00,khichdi,65
117,2026-01-09 08:15:00,poha,50
117,2026-01-09 13:45:00,dal_rice,90
117,2026-01-09 16:30:00,fruit,20
117,2026-01-09 21:30:00,dal_rice,85
117,2026-01-10 07:45:00,paratha,55
117,2026-01-10 13:00:00,rajma_rice,100
117,2026-01-10 16:15:00,samosa,30
117,2026-01-10 20:00:00,khichdi,65
117,2026-01-11 07:15:00,idli_sambar,45
117,2026-01-11 13:15:00,rajma_rice,100
117,2026-01-11 16:30:00,chai_biscuit,25
117,2026-01-11 20:30:00,dal_rice,85
117,2026-01-12 08:15:00,poha,50
117,2026-01-12 12:30:00,biryani,110
117,2026-01-12 16:30:00,sweets,40
117,2026-01-12 20:30:00,dal_rice,85
117,2026-01-13 07:45:00,idli_sambar,45
117,2026-01-13 13:45:00,biryani,110
117,2026-01-13 16:45:00,chai_biscuit,25
117,2026-01-13 20:15:00,dal_rice,85
117,2026-01-14 08:00:00,poha,50
117,2026-01-14 13:00:00,biryani,110
117,2026-01-14 17:30:00,sweets,40
117,2026-01-14 20:00:00,dal_rice,85
118,2026-01-01 08:30:00,idli_sambar,45
118,2026-01-01 12:15:00,dal_rice,90
118,2026-01-01 16:45:00,chai_biscuit,25
118,2026-01-01 19:45:00,dal_rice,85
118,2026-01-02 07:30:00,poha,50
118,2026-01-02 13:15:00,roti_sabzi,60
118,2026-01-02 17:30:00,sweets,40
118,2026-01-02 20:15:00,dal_rice,85
118,2026-01-03 08:15:00,idli_sambar,45
118,2026-01-03 12:30:00,rajma_rice,100
118,2026-01-03 16:00:00,chai_biscuit,25
118,2026-01-03 21:00:00,dal_rice,85
118,2026-01-04 07:45:00,poha,50
118,2026-01-04 13:00:00,biryani,110
118,2026-01-04 17:30:00,fruit,20
118,2026-01-04 20:30:00,biryani,110
118,2026-01-05 08:00:00,dosa,50
118,2026-01-05 12:30:00,rajma_rice,100
118,2026-01-05 16:00:00,fruit,20
118,2026-01-05 20:30:00,khichdi,65
118,2026-01-06 08:30:00,idli_sambar,45
118,2026-01-06 12:30:00,rajma_rice,100
118,2026-01-06 17:15:00,samosa,30
118,2026-01-06 20:15:00,roti_sabzi,60
118,2026-01-07 08:00:00,idli_sambar,45
118,2026-01-07 12:30:00,dal_rice,90
118,2026-01-07 17:00:00,fruit,20
118,2026-01-07 20:30:00,khichdi,65
118,2026-01-08 08:00:00,dosa,50
118,2026-01-08 12:15:00,dal_rice,90
118,2026-01-08 17:45:00,fruit,20
118,2026-01-08 19:45:00,dal_rice,85
118,2026-01-09 08:15:00,paratha,55
118,2026-01-09 13:15:00,rajma_rice,100
118,2026-01-09 16:45:00,fruit,20
118,2026-01-09 20:15:00,khichdi,65
118,2026-01-10 08:15:00,dosa,50
118,2026-01-10 13:30:00,biryani,110
118,2026-01-10 16:45:00,samosa,30
118,2026-01-10 20:00:00,khichdi,65
118,2026-01-11 07:30:00,idli_sambar,45
118,2026-01-11 13:45:00,rajma_rice,100
118,2026-01-11 16:30:00,chai_biscuit,25
118,2026-01-11 21:00:00,dal_rice,85
118,2026-01-12 08:30:00,paratha,55
118,2026-01-12 13:30:00,roti_sabzi,60
118,2026-01-12 16:45:00,fruit,20
118,2026-01-12 19:45:00,roti_sabzi,60
118,2026-01-13 07:45:00,idli_sambar,45
118,2026-01-13 13:15:00,biryani,110
118,2026-01-13 17:15:00,sweets,40
118,2026-01-13 21:15:00,khichdi,65
118,2026-01-14 08:30:00,dosa,50
118,2026-01-14 12:15:00,rajma_rice,100
118,2026-01-14 16:45:00,chai_biscuit,25
118,2026-01-14 20:45:00,roti_sabzi,60
119,2026-01-01 07:30:00,poha,50
119,2026-01-01 12:45:00,dal_rice,90
119,2026-01-01 17:30:00,sweets,40
119,2026-01-01 20:15:00,biryani,110
119,2026-01-02 08:00:00,dosa,50
119,2026-01-02 13:00:00,roti_sabzi,60
119,2026-01-02 16:45:00,fruit,20
119,2026-01-02 21:45:00,roti_sabzi,60
119,2026-01-03 08:30:00,poha,50
119,2026-01-03 13:15:00,dal_rice,90
119,2026-01-03 16:45:00,fruit,20
119,2026-01-03 20:15:00,roti_sabzi,60
119,2026-01-04 08:00:00,idli_sambar,45
119,2026-01-04 12:45:00,biryani,110
119,2026-01-04 17:30:00,chai_biscuit,25
119,2026-01-04 19:30:00,biryani,110
119,2026-01-05 08:00:00,idli_sambar,45
119,2026-01-05 12:45:00,dal_rice,90
119,2026-01-05 16:30:00,samosa,30
119,2026-01-05 21:00:00,khichdi,65
119,2026-01-06 07:15:00,poha,50
119,2026-01-06 13:30:00,dal_rice,90
119,2026-01-06 16:45:00,samosa,30
119,2026-01-06 20:45:00,roti_sabzi,60
119,2026-01-07 08:15:00,idli_sambar,45
119,2026-01-07 13:00:00,rajma_rice,100
119,2026-01-07 18:15:00,chai_biscuit,25
119,2026-01-07 21:00:00,khichdi,65
119,2026-01-08 07:45:00,dosa,50
119,2026-01-08 13:30:00,dal_rice,90
119,2026-01-08 17:00:00,chai_biscuit,25
119,2026-01-08 20:00:00,biryani,110
119,2026-01-09 08:00:00,paratha,55
119,2026-01-09 13:00:00,roti_sabzi,60
119,2026-01-09 17:00:00,sweets,40
119,2026-01-09 20:15:00,khichdi,65
119,2026-01-10 07:30:00,dosa,50
119,2026-01-10 13:30:00,rajma_rice,100
119,2026-01-10 16:15:00,chai_biscuit,25
119,2026-01-10 20:30:00,biryani,110
119,2026-01-11 08:45:00,paratha,55
119,2026-01-11 13:30:00,biryani,110
119,2026-01-11 17:15:00,sweets,40
119,2026-01-11 21:00:00,khichdi,65
119,2026-01-12 08:45:00,dosa,50
119,2026-01-12 12:45:00,biryani,110
119,2026-01-12 16:00:00,sweets,40
119,2026-01-12 20:30:00,biryani,110
119,2026-01-13 08:30:00,idli_sambar,45
119,2026-01-13 12:45:00,biryani,110
119,2026-01-13 17:30:00,sweets,40
119,2026-01-13 20:45:00,biryani,110
119,2026-01-14 07:00:00,paratha,55
119,2026-01-14 13:00:00,roti_sabzi,60
119,2026-01-14 17:15:00,sweets,40
119,2026-01-14 21:00:00,biryani,110
120,2026-01-01 07:15:00,paratha,55
120,2026-01-01 13:30:00,dal_rice,90
120,2026-01-01 16:30:00,chai_biscuit,25
120,2026-01-01 20:00:00,biryani,110
120,2026-01-02 09:00:00,dosa,50
120,2026-01-02 13:15:00,roti_sabzi,60
120,2026-01-02 17:30:00,chai_biscuit,25
120,2026-01-02 20:00:00,dal_rice,85
120,2026-01-03 07:45:00,poha,50
120,2026-01-03 13:15:00,roti_sabzi,60
120,2026-01-03 17:15:00,fruit,20
120,2026-01-03 20:15:00,khichdi,65
120,2026-01-04 07:45:00,dosa,50
120,2026-01-04 13:30:00,roti_sabzi,60
120,2026-01-04 16:15:00,sweets,40
120,2026-01-04 19:45:00,khichdi,65
120,2026-01-05 08:15:00,poha,50
120,2026-01-05 13:45:00,biryani,110
120,2026-01-05 17:15:00,sweets,40
120,2026-01-05 21:00:00,khichdi,65
120,2026-01-06 08:00:00,dosa,50
120,2026-01-06 13:30:00,rajma_rice,100
120,2026-01-06 16:45:00,samosa,30
120,2026-01-06 20:15:00,khichdi,65
120,2026-01-07 08:45:00,dosa,50
120,2026-01-07 12:45:00,biryani,110
120,2026-01-07 16:30:00,fruit,20
120,2026-01-07 20:00:00,dal_rice,85
120,2026-01-08 08:15:00,paratha,55
120,2026-01-08 13:00:00,dal_rice,90
120,2026-01-08 15:45:00,chai_biscuit,25
120,2026-01-08 20:00:00,biryani,110
120,2026-01-09 09:15:00,paratha,55
120,2026-01-09 13:00:00,dal_rice,90
120,2026-01-09 15:45:00,sweets,40
120,2026-01-09 21:00:00,dal_rice,85
120,2026-01-10 07:30:00,dosa,50
120,2026-01-10 13:00:00,roti_sabzi,60
120,2026-01-10 17:15:00,fruit,20
120,2026-01-10 20:30:00,roti_sabzi,60
120,2026-01-11 08:15:00,paratha,55
120,2026-01-11 13:15:00,biryani,110
120,2026-01-11 16:30:00,chai_biscuit,25
120,2026-01-11 19:15:00,biryani,110
120,2026-01-12 07:30:00,poha,50
120,2026-01-12 12:00:00,dal_rice,90
120,2026-01-12 17:00:00,fruit,20
120,2026-01-12 20:15:00,dal_rice,85
120,2026-01-13 07:45:00,dosa,50
120,2026-01-13 13:00:00,roti_sabzi,60
120,2026-01-13 17:00:00,samosa,30
120,2026-01-13 20:30:00,khichdi,65
120,2026-01-14 08:30:00,dosa,50
120,2026-01-14 13:30:00,roti_sabzi,60
120,2026-01-14 17:00:00,samosa,30
120,2026-01-14 20:15:00,khichdi,65
121,2026-01-01 07:30:00,idli_sambar,45
121,2026-01-01 13:00:00,roti_sabzi,60
121,2026-01-01 16:30:00,sweets,40
121,2026-01-01 20:30:00,biryani,110
121,2026-01-02 07:45:00,paratha,55
121,2026-01-02 13:00:00,dal_rice,90
121,2026-01-02 16:30:00,samosa,30
121,2026-01-02 20:30:00,roti_sabzi,60
121,2026-01-03 07:45:00,poha,50
121,2026-01-03 12:30:00,biryani,110
121,2026-01-03 16:30:00,samosa,30
121,2026-01-03 21:00:00,dal_rice,85
121,2026-01-04 07:15:00,idli_sambar,45
121,2026-01-04 13:30:00,roti_sabzi,60
121,2026-01-04 16:45:00,samosa,30
121,2026-01-04 19:30:00,dal_rice,85
121,2026-01-05 09:30:00,idli_sambar,45
121,2026-01-05 12:30:00,roti_sabzi,60
121,2026-01-05 17:00:00,sweets,40
121,2026-01-05 19:15:00,roti_sabzi,60
121,2026-01-06 08:00:00,poha,50
121,2026-01-06 12:30:00,roti_sabzi,60
121,2026-01-06 16:45:00,samosa,30
121,2026-01-06 21:00:00,dal_rice,85
121,2026-01-07 08:00:00,dosa,50
121,2026-01-07 13:30:00,biryani,110
121,2026-01-07 17:15:00,samosa,30
121,2026-01-07 20:30:00,dal_rice,85
121,2026-01-08 08:15:00,poha,50
121,2026-01-08 13:45:00,roti_sabzi,60
121,2026-01-08 17:00:00,sweets,40
121,2026-01-08 20:00:00,dal_rice,85
121,2026-01-09 07:30:00,paratha,55
121,2026-01-09 12:30:00,rajma_rice,100
121,2026-01-09 16:30:00,sweets,40
121,2026-01-09 20:00:00,biryani,110
121,2026-01-10 08:15:00,poha,50
121,2026-01-10 12:45:00,roti_sabzi,60
121,2026-01-10 16:30:00,samosa,30
121,2026-01-10 20:30:00,khichdi,65
121,2026-01-11 07:30:00,idli_sambar,45
121,2026-01-11 13:30:00,rajma_rice,100
121,2026-01-11 16:00:00,sweets,40
121,2026-01-11 19:45:00,khichdi,65
121,2026-01-12 07:30:00,poha,50
121,2026-01-12 13:00:00,rajma_rice,100
121,2026-01-12 17:15:00,samosa,30
121,2026-01-12 20:30:00,dal_rice,85
121,2026-01-13 08:15:00,paratha,55
121,2026-01-13 12:30:00,roti_sabzi,60
121,2026-01-13 16:30:00,fruit,20
121,2026-01-13 20:00:00,roti_sabzi,60
121,2026-01-14 08:00:00,poha,50
121,2026-01-14 13:15:00,biryani,110
121,2026-01-14 16:45:00,fruit,20
121,2026-01-14 20:45:00,dal_rice,85
122,2026-01-01 08:30:00,paratha,55
122,2026-01-01 13:30:00,rajma_rice,100
122,2026-01-01 17:00:00,samosa,30
122,2026-01-01 19:45:00,biryani,110
122,2026-01-02 07:45:00,dosa,50
122,2026-01-02 13:00:00,biryani,110
122,2026-01-02 16:30:00,samosa,30
122,2026-01-02 21:00:00,roti_sabzi,60
122,2026-01-03 07:45:00,dosa,50
122,2026-01-03 12:45:00,biryani,110
122,2026-01-03 17:00:00,fruit,20
122,2026-01-03 19:30:00,dal_rice,85
122,2026-01-04 09:15:00,idli_sambar,45
122,2026-01-04 14:00:00,roti_sabzi,60
122,2026-01-04 16:30:00,chai_biscuit,25
122,2026-01-04 21:45:00,dal_rice,85
122,2026-01-05 07:30:00,idli_sambar,45
122,2026-01-05 13:00:00,biryani,110
122,2026-01-05 16:30:00,chai_biscuit,25
122,2026-01-05 21:45:00,khichdi,65
122,2026-01-06 07:45:00,idli_sambar,45
122,2026-01-06 13:45:00,rajma_rice,100
122,2026-01-06 17:00:00,fruit,20
122,2026-01-06 21:15:00,biryani,110
122,2026-01-07 07:15:00,dosa,50
122,2026-01-07 13:00:00,dal_rice,90
122,2026-01-07 16:30:00,chai_biscuit,25
122,2026-01-07 20:15:00,khichdi,65
122,2026-01-08 07:45:00,paratha,55
122,2026-01-08 13:00:00,biryani,110
122,2026-01-08 16:45:00,fruit,20
122,2026-01-08 20:00:00,khichdi,65
122,2026-01-09 08:00:00,dosa,50
122,2026-01-09 12:45:00,biryani,110
122,2026-01-09 17:15:00,sweets,40
122,2026-01-09 19:45:00,roti_sabzi,60
122,2026-01-10 08:30:00,dosa,50
122,2026-01-10 13:30:00,dal_rice,90
122,2026-01-10 16:30:00,fruit,20
122,2026-01-10 20:15:00,dal_rice,85
122,2026-01-11 06:15:00,dosa,50
122,2026-01-11 13:15:00,biryani,110
122,2026-01-11 15:45:00,fruit,20
122,2026-01-11 21:15:00,dal_rice,85
122,2026-01-12 07:15:00,paratha,55
122,2026-01-12 12:15:00,rajma_rice,100
122,2026-01-12 17:15:00,chai_biscuit,25
122,2026-01-12 20:15:00,khichdi,65
122,2026-01-13 08:00:00,dosa,50
122,2026-01-13 12:45:00,dal_rice,90
122,2026-01-13 16:45:00,chai_biscuit,25
122,2026-01-13 21:30:00,roti_sabzi,60
122,2026-01-14 07:45:00,dosa,50
122,2026-01-14 13:00:00,dal_rice,90
122,2026-01-14 16:45:00,sweets,40
122,2026-01-14 20:15:00,dal_rice,85
123,2026-01-01 08:00:00,dosa,50
123,2026-01-01 13:30:00,biryani,110
123,2026-01-01 16:30:00,chai_biscuit,25
123,2026-01-01 20:00:00,biryani,110
123,2026-01-02 07:45:00,dosa,50
123,2026-01-02 13:45:00,biryani,110
123,2026-01-02 17:00:00,fruit,20
123,2026-01-02 19:45:00,biryani,110
123,2026-01-03 08:15:00,idli_sambar,45
123,2026-01-03 12:30:00,biryani,110
123,2026-01-03 16:45:00,fruit,20
123,2026-01-03 20:30:00,khichdi,65
123,2026-01-04 07:30:00,dosa,50
123,2026-01-04 13:15:00,rajma_rice,100
123,2026-01-04 17:30:00,sweets,40
123,2026-01-04 20:30:00,biryani,110
123,2026-01-05 08:45:00,poha,50
123,2026-01-05 12:00:00,dal_rice,90
123,2026-01-05 18:00:00,samosa,30
123,2026-01-05 20:30:00,biryani,110
123,2026-01-06 07:15:00,paratha,55
123,2026-01-06 13:30:00,roti_sabzi,60
123,2026-01-06 17:00:00,fruit,20
123,2026-01-06 20:30:00,khichdi,65
123,2026-01-07 08:15:00,idli_sambar,45
123,2026-01-07 13:15:00,rajma_rice,100
123,2026-01-07 17:00:00,samosa,30
123,2026-01-07 20:30:00,biryani,110
123,2026-01-08 08:15:00,dosa,50
123,2026-01-08 13:00:00,rajma_rice,100
123,2026-01-08 16:30:00,samosa,30
123,2026-01-08 20:45:00,dal_rice,85
123,2026-01-09 08:15:00,idli_sambar,45
123,2026-01-09 12:30:00,biryani,110
123,2026-01-09 16:45:00,chai_biscuit,25
123,2026-01-09 20:00:00,dal_rice,85
123,2026-01-10 06:45:00,paratha,55
123,2026-01-10 12:00:00,roti_sabzi,60
123,2026-01-10 17:00:00,fruit,20
123,2026-01-10 20:15:00,khichdi,65
123,2026-01-11 08:15:00,dosa,50
123,2026-01-11 13:00:00,biryani,110
123,2026-01-11 17:00:00,samosa,30
123,2026-01-11 20:30:00,biryani,110
123,2026-01-12 08:45:00,paratha,55
123,2026-01-12 13:30:00,dal_rice,90
123,2026-01-12 16:00:00,chai_biscuit,25
123,2026-01-12 20:15:00,roti_sabzi,60
123,2026-01-13 08:30:00,idli_sambar,45
123,2026-01-13 13:00:00,dal_rice,90
123,2026-01-13 16:30:00,chai_biscuit,25
123,2026-01-13 20:30:00,roti_sabzi,60
123,2026-01-14 07:15:00,paratha,55
123,2026-01-14 12:15:00,roti_sabzi,60
123,2026-01-14 17:15:00,chai_biscuit,25
123,2026-01-14 21:00:00,biryani,110
124,2026-01-01 08:45:00,poha,50
124,2026-01-01 12:45:00,roti_sabzi,60
124,2026-01-01 17:00:00,fruit,20
124,2026-01-01 19:45:00,biryani,110
124,2026-01-02 08:15:00,poha,50
124,2026-01-02 13:00:00,roti_sabzi,60
124,2026-01-02 17:00:00,sweets,40
124,2026-01-02 19:45:00,khichdi,65
124,2026-01-03 08:45:00,dosa,50
124,2026-01-03 13:15:00,biryani,110
124,2026-01-03 16:30:00,sweets,40
124,2026-01-03 20:45:00,khichdi,65
124,2026-01-04 08:30:00,poha,50
124,2026-01-04 13:15:00,roti_sabzi,60
124,2026-01-04 16:15:00,fruit,20
124,2026-01-04 19:45:00,biryani,110
124,2026-01-05 07:00:00,paratha,55
124,2026-01-05 13:30:00,biryani,110
124,2026-01-05 17:15:00,sweets,40
124,2026-01-05 19:30:00,biryani,110
124,2026-01-06 08:15:00,poha,50
124,2026-01-06 12:45:00,rajma_rice,100
124,2026-01-06 16:45:00,samosa,30
124,2026-01-06 20:30:00,khichdi,65
124,2026-01-07 08:15:00,dosa,50
124,2026-01-07 12:00:00,rajma_rice,100
124,2026-01-07 17:00:00,sweets,40
124,2026-01-07 21:00:00,khichdi,65
124,2026-01-08 07:45:00,idli_sambar,45
124,2026-01-08 13:15:00,rajma_rice,100
124,2026-01-08 17:00:00,fruit,20
124,2026-01-08 19:30:00,roti_sabzi,60
124,2026-01-09 08:15:00,paratha,55
124,2026-01-09 11:45:00,rajma_rice,100
124,2026-01-09 16:45:00,samosa,30
124,2026-01-09 21:00:00,dal_rice,85
124,2026-01-10 08:15:00,dosa,50
124,2026-01-10 12:45:00,dal_rice,90
124,2026-01-10 17:00:00,samosa,30
124,2026-01-10 20:30:00,roti_sabzi,60
124,2026-01-11 08:15:00,paratha,55
124,2026-01-11 13:00:00,dal_rice,90
124,2026-01-11 16:30:00,fruit,20
124,2026-01-11 21:15:00,dal_rice,85
124,2026-01-12 08:30:00,paratha,55
124,2026-01-12 12:15:00,biryani,110
124,2026-01-12 17:00:00,chai_biscuit,25
124,2026-01-12 19:45:00,khichdi,65
124,2026-01-13 08:00:00,idli_sambar,45
124,2026-01-13 13:00:00,roti_sabzi,60
124,2026-01-13 16:30:00,fruit,20
124,2026-01-13 21:00:00,dal_rice,85
124,2026-01-14 08:45:00,dosa,50
124,2026-01-14 13:45:00,rajma_rice,100
124,2026-01-14 17:00:00,chai_biscuit,25
124,2026-01-14 20:00:00,roti_sabzi,60
125,2026-01-01 08:15:00,dosa,50
125,2026-01-01 13:15:00,dal_rice,90
125,2026-01-01 17:15:00,sweets,40
125,2026-01-01 20:15:00,roti_sabzi,60
125,2026-01-02 08:15:00,dosa,50
125,2026-01-02 12:00:00,dal_rice,90
125,2026-01-02 16:45:00,sweets,40
125,2026-01-02 20:00:00,biryani,110
125,2026-01-03 08:30:00,dosa,50
125,2026-01-03 13:30:00,biryani,110
125,2026-01-03 17:45:00,sweets,40
125,2026-01-03 20:45:00,biryani,110
125,2026-01-04 07:45:00,dosa,50
125,2026-01-04 13:00:00,rajma_rice,100
125,2026-01-04 16:45:00,samosa,30
125,2026-01-04 20:45:00,biryani,110
125,2026-01-05 08:15:00,dosa,50
125,2026-01-05 12:45:00,biryani,110
125,2026-01-05 16:15:00,sweets,40
125,2026-01-05 20:15:00,roti_sabzi,60
125,2026-01-06 08:00:00,dosa,50
125,2026-01-06 13:00:00,rajma_rice,100
125,2026-01-06 16:30:00,sweets,40
125,2026-01-06 21:00:00,khichdi,65
125,2026-01-07 08:15:00,idli_sambar,45
125,2026-01-07 12:45:00,biryani,110
125,2026-01-07 16:30:00,chai_biscuit,25
125,2026-01-07 20:30:00,biryani,110
125,2026-01-08 08:15:00,dosa,50
125,2026-01-08 12:30:00,biryani,110
125,2026-01-08 17:00:00,samosa,30
125,2026-01-08 20:45:00,roti_sabzi,60
125,2026-01-09 07:45:00,poha,50
125,2026-01-09 13:30:00,biryani,110
125,2026-01-09 17:15:00,fruit,20
125,2026-01-09 20:30:00,dal_rice,85
125,2026-01-10 08:15:00,idli_sambar,45
125,2026-01-10 13:30:00,rajma_rice,100
125,2026-01-10 17:30:00,chai_biscuit,25
125,2026-01-10 19:30:00,biryani,110
125,2026-01-11 08:00:00,paratha,55
125,2026-01-11 12:45:00,biryani,110
125,2026-01-11 17:30:00,sweets,40
125,2026-01-11 20:45:00,biryani,110
125,2026-01-12 08:45:00,poha,50
125,2026-01-12 12:45:00,biryani,110
125,2026-01-12 16:15:00,samosa,30
125,2026-01-12 19:45:00,roti_sabzi,60
125,2026-01-13 07:45:00,paratha,55
125,2026-01-13 12:15:00,biryani,110
125,2026-01-13 17:00:00,chai_biscuit,25
125,2026-01-13 20:30:00,dal_rice,85
125,2026-01-14 08:00:00,dosa,50
125,2026-01-14 13:00:00,biryani,110
125,2026-01-14 16:15:00,fruit,20
125,2026-01-14 19:45:00,biryani,110
126,2026-01-01 07:45:00,poha,50
126,2026-01-01 13:00:00,roti_sabzi,60
126,2026-01-01 16:45:00,chai_biscuit,25
126,2026-01-01 20:30:00,roti_sabzi,60
126,2026-01-02 08:15:00,dosa,50
126,2026-01-02 12:45:00,rajma_rice,100
126,2026-01-02 16:30:00,sweets,40
126,2026-01-02 20:45:00,dal_rice,85
126,2026-01-03 07:45:00,poha,50
126,2026-01-03 12:45:00,dal_rice,90
126,2026-01-03 17:30:00,fruit,20
126,2026-01-03 20:30:00,dal_rice,85
126,2026-01-04 08:45:00,poha,50
126,2026-01-04 13:30:00,dal_rice,90
126,2026-01-04 16:30:00,fruit,20
126,2026-01-04 20:45:00,biryani,110
126,2026-01-05 08:00:00,poha,50
126,2026-01-05 12:45:00,biryani,110
126,2026-01-05 16:30:00,samosa,30
126,2026-01-05 20:30:00,khichdi,65
126,2026-01-06 08:30:00,paratha,55
126,2026-01-06 13:15:00,biryani,110
126,2026-01-06 16:45:00,fruit,20
126,2026-01-06 20:30:00,dal_rice,85
126,2026-01-07 07:15:00,paratha,55
126,2026-01-07 12:45:00,roti_sabzi,60
126,2026-01-07 16:00:00,chai_biscuit,25
126,2026-01-07 21:30:00,roti_sabzi,60
126,2026-01-08 07:45:00,paratha,55
126,2026-01-08 12:00:00,rajma_rice,100
126,2026-01-08 17:15:00,fruit,20
126,2026-01-08 21:00:00,roti_sabzi,60
126,2026-01-09 07:45:00,poha,50
126,2026-01-09 13:00:00,roti_sabzi,60
126,2026-01-09 16:45:00,samosa,30
126,2026-01-09 20:45:00,roti_sabzi,60
126,2026-01-10 08:00:00,poha,50
126,2026-01-10 12:00:00,roti_sabzi,60
126,2026-01-10 17:00:00,chai_biscuit,25
126,2026-01-10 20:15:00,khichdi,65
126,2026-01-11 08:00:00,idli_sambar,45
126,2026-01-11 12:15:00,roti_sabzi,60
126,2026-01-11 17:00:00,chai_biscuit,25
126,2026-01-11 20:00:00,khichdi,65
126,2026-01-12 07:30:00,dosa,50
126,2026-01-12 13:15:00,roti_sabzi,60
126,2026-01-12 16:30:00,chai_biscuit,25
126,2026-01-12 20:15:00,dal_rice,85
126,2026-01-13 08:30:00,paratha,55
126,2026-01-13 13:30:00,rajma_rice,100
126,2026-01-13 16:45:00,samosa,30
126,2026-01-13 21:30:00,khichdi,65
126,2026-01-14 07:00:00,idli_sambar,45
126,2026-01-14 13:00:00,roti_sabzi,60
126,2026-01-14 16:45:00,chai_biscuit,25
126,2026-01-14 21:00:00,khichdi,65
127,2026-01-01 06:30:00,idli_sambar,45
127,2026-01-01 12:15:00,dal_rice,90
127,2026-01-01 16:45:00,samosa,30
127,2026-01-01 20:45:00,roti_sabzi,60
127,2026-01-02 07:45:00,idli_sambar,45
127,2026-01-02 13:00:00,roti_sabzi,60
127,2026-01-02 17:00:00,samosa,30
127,2026-01-02 20:00:00,biryani,110
127,2026-01-03 07:15:00,idli_sambar,45
127,2026-01-03 11:30:00,rajma_rice,100
127,2026-01-03 16:15:00,samosa,30
127,2026-01-03 21:15:00,biryani,110
127,2026-01-04 08:30:00,idli_sambar,45
127,2026-01-04 13:15:00,rajma_rice,100
127,2026-01-04 16:30:00,fruit,20
127,2026-01-04 19:45:00,biryani,110
127,2026-01-05 08:15:00,poha,50
127,2026-01-05 13:15:00,rajma_rice,100
127,2026-01-05 17:30:00,chai_biscuit,25
127,2026-01-05 20:45:00,roti_sabzi,60
127,2026-01-06 08:00:00,poha,50
127,2026-01-06 12:45:00,roti_sabzi,60
127,2026-01-06 16:45:00,sweets,40
127,2026-01-06 20:15:00,roti_sabzi,60
127,2026-01-07 08:15:00,paratha,55
127,2026-01-07 13:00:00,roti_sabzi,60
127,2026-01-07 17:00:00,samosa,30
127,2026-01-07 21:15:00,khichdi,65
127,2026-01-08 07:30:00,paratha,55
127,2026-01-08 12:45:00,biryani,110
127,2026-01-08 18:15:00,fruit,20
127,2026-01-08 20:45:00,biryani,110
127,2026-01-09 09:00:00,poha,50
127,2026-01-09 12:30:00,roti_sabzi,60
127,2026-01-09 17:15:00,sweets,40
127,2026-01-09 20:30:00,dal_rice,85
127,2026-01-10 08:00:00,poha,50
127,2026-01-10 12:45:00,biryani,110
127,2026-01-10 17:15:00,sweets,40
127,2026-01-10 20:15:00,khichdi,65
127,2026-01-11 07:30:00,paratha,55
127,2026-01-11 12:30:00,roti_sabzi,60
127,2026-01-11 17:15:00,chai_biscuit,25
127,2026-01-11 20:15:00,biryani,110
127,2026-01-12 08:00:00,paratha,55
127,2026-01-12 13:15:00,dal_rice,90
127,2026-01-12 17:00:00,fruit,20
127,2026-01-12 20:15:00,biryani,110
127,2026-01-13 08:15:00,dosa,50
127,2026-01-13 12:30:00,roti_sabzi,60
127,2026-01-13 17:15:00,samosa,30
127,2026-01-13 19:45:00,dal_rice,85
127,2026-01-14 07:15:00,dosa,50
127,2026-01-14 13:00:00,rajma_rice,100
127,2026-01-14 16:30:00,sweets,40
127,2026-01-14 20:45:00,roti_sabzi,60
128,2026-01-01 07:30:00,paratha,55
128,2026-01-01 12:30:00,biryani,110
128,2026-01-01 17:00:00,chai_biscuit,25
128,2026-01-01 20:15:00,roti_sabzi,60
128,2026-01-02 08:15:00,paratha,55
128,2026-01-02 13:30:00,dal_rice,90
128,2026-01-02 17:30:00,samosa,30
128,2026-01-02 21:45:00,khichdi,65
128,2026-01-03 07:15:00,paratha,55
128,2026-01-03 12:45:00,dal_rice,90
128,2026-01-03 17:15:00,fruit,20
128,2026-01-03 20:15:00,roti_sabzi,60
128,2026-01-04 07:45:00,idli_sambar,45
128,2026-01-04 12:45:00,roti_sabzi,60
128,2026-01-04 16:00:00,chai_biscuit,25
128,2026-01-04 19:45:00,dal_rice,85
128,2026-01-05 08:30:00,idli_sambar,45
128,2026-01-05 12:45:00,roti_sabzi,60
128,2026-01-05 17:30:00,samosa,30
128,2026-01-05 20:45:00,khichdi,65
128,2026-01-06 08:15:00,idli_sambar,45
128,2026-01-06 13:30:00,dal_rice,90
128,2026-01-06 17:30:00,samosa,30
128,2026-01-06 20:15:00,roti_sabzi,60
128,2026-01-07 09:00:00,paratha,55
128,2026-01-07 12:00:00,roti_sabzi,60
128,2026-01-07 17:30:00,chai_biscuit,25
128,2026-01-07 19:45:00,khichdi,65
128,2026-01-08 07:45:00,idli_sambar,45
128,2026-01-08 12:45:00,biryani,110
128,2026-01-08 17:00:00,fruit,20
128,2026-01-08 21:15:00,dal_rice,85
128,2026-01-09 08:00:00,idli_sambar,45
128,2026-01-09 13:15:00,dal_rice,90
128,2026-01-09 16:30:00,sweets,40
128,2026-01-09 21:00:00,dal_rice,85
128,2026-01-10 08:45:00,paratha,55
128,2026-01-10 12:30:00,biryani,110
128,2026-01-10 17:30:00,fruit,20
128,2026-01-10 20:15:00,roti_sabzi,60
128,2026-01-11 07:45:00,paratha,55
128,2026-01-11 13:15:00,rajma_rice,100
128,2026-01-11 17:15:00,sweets,40
128,2026-01-11 20:45:00,dal_rice,85
128,2026-01-12 08:45:00,poha,50
128,2026-01-12 13:30:00,roti_sabzi,60
128,2026-01-12 16:15:00,chai_biscuit,25
128,2026-01-12 20:15:00,khichdi,65
128,2026-01-13 07:45:00,dosa,50
128,2026-01-13 12:30:00,rajma_rice,100
128,2026-01-13 17:00:00,sweets,40
128,2026-01-13 21:00:00,roti_sabzi,60
128,2026-01-14 07:00:00,paratha,55
128,2026-01-14 13:15:00,biryani,110
128,2026-01-14 17:15:00,fruit,20
128,2026-01-14 20:00:00,roti_sabzi,60
129,2026-01-01 08:00:00,poha,50
129,2026-01-01 12:00:00,rajma_rice,100
129,2026-01-01 16:15:00,chai_biscuit,25
129,2026-01-01 20:30:00,dal_rice,85
129,2026-01-02 08:15:00,paratha,55
129,2026-01-02 12:45:00,rajma_rice,100
129,2026-01-02 16:30:00,samosa,30
129,2026-01-02 20:45:00,dal_rice,85
129,2026-01-03 07:15:00,idli_sambar,45
129,2026-01-03 12:15:00,roti_sabzi,60
129,2026-01-03 17:00:00,samosa,30
129,2026-01-03 20:00:00,khichdi,65
129,2026-01-04 07:45:00,poha,50
129,2026-01-04 13:30:00,rajma_rice,100
129,2026-01-04 18:00:00,samosa,30
129,2026-01-04 20:45:00,biryani,110
129,2026-01-05 08:15:00,paratha,55
129,2026-01-05 13:15:00,biryani,110
129,2026-01-05 17:30:00,chai_biscuit,25
129,2026-01-05 21:00:00,dal_rice,85
129,2026-01-06 08:00:00,idli_sambar,45
129,2026-01-06 13:15:00,roti_sabzi,60
129,2026-01-06 16:30:00,fruit,20
129,2026-01-06 20:45:00,khichdi,65
129,2026-01-07 07:45:00,idli_sambar,45
129,2026-01-07 12:45:00,biryani,110
129,2026-01-07 17:15:00,samosa,30
129,2026-01-07 20:30:00,roti_sabzi,60
129,2026-01-08 07:45:00,paratha,55
129,2026-01-08 13:15:00,rajma_rice,100
129,2026-01-08 17:00:00,fruit,20
129,2026-01-08 19:30:00,biryani,110
129,2026-01-09 07:30:00,idli_sambar,45
129,2026-01-09 12:45:00,dal_rice,90
129,2026-01-09 17:15:00,fruit,20
129,2026-01-09 20:15:00,biryani,110
129,2026-01-10 08:00:00,idli_sambar,45
129,2026-01-10 12:15:00,roti_sabzi,60
129,2026-01-10 17:00:00,chai_biscuit,25
129,2026-01-10 20:15:00,khichdi,65
129,2026-01-11 08:00:00,dosa,50
129,2026-01-11 13:15:00,biryani,110
129,2026-01-11 16:15:00,samosa,30
129,2026-01-11 20:30:00,biryani,110
129,2026-01-12 08:30:00,paratha,55
129,2026-01-12 13:00:00,dal_rice,90
129,2026-01-12 16:30:00,samosa,30
129,2026-01-12 20:15:00,dal_rice,85
129,2026-01-13 08:00:00,idli_sambar,45
129,2026-01-13 13:45:00,biryani,110
129,2026-01-13 16:45:00,samosa,30
129,2026-01-13 20:45:00,dal_rice,85
129,2026-01-14 07:45:00,dosa,50
129,2026-01-14 12:00:00,rajma_rice,100
129,2026-01-14 17:00:00,chai_biscuit,25
129,2026-01-14 21:15:00,roti_sabzi,60
130,2026-01-01 07:45:00,paratha,55
130,2026-01-01 11:45:00,rajma_rice,100
130,2026-01-01 17:00:00,chai_biscuit,25
130,2026-01-01 20:45:00,dal_rice,85
130,2026-01-02 07:30:00,paratha,55
130,2026-01-02 13:30:00,roti_sabzi,60
130,2026-01-02 17:00:00,sweets,40
130,2026-01-02 20:15:00,biryani,110
130,2026-01-03 08:15:00,idli_sambar,45
130,2026-01-03 12:15:00,roti_sabzi,60
130,2026-01-03 17:45:00,fruit,20
130,2026-01-03 21:15:00,dal_rice,85
130,2026-01-04 08:15:00,paratha,55
130,2026-01-04 12:45:00,biryani,110
130,2026-01-04 17:00:00,fruit,20
130,2026-01-04 20:30:00,khichdi,65
130,2026-01-05 08:00:00,poha,50
130,2026-01-05 14:00:00,roti_sabzi,60
130,2026-01-05 17:00:00,fruit,20
130,2026-01-05 20:15:00,roti_sabzi,60
130,2026-01-06 08:00:00,idli_sambar,45
130,2026-01-06 13:15:00,rajma_rice,100
130,2026-01-06 17:15:00,chai_biscuit,25
130,2026-01-06 20:15:00,dal_rice,85
130,2026-01-07 09:00:00,paratha,55
130,2026-01-07 12:15:00,rajma_rice,100
130,2026-01-07 17:15:00,chai_biscuit,25
130,2026-01-07 21:15:00,khichdi,65
130,2026-01-08 07:45:00,paratha,55
130,2026-01-08 12:45:00,dal_rice,90
130,2026-01-08 16:00:00,chai_biscuit,25
130,2026-01-08 20:45:00,dal_rice,85
130,2026-01-09 07:00:00,idli_sambar,45
130,2026-01-09 13:00:00,dal_rice,90
130,2026-01-09 16:30:00,fruit,20
130,2026-01-09 20:45:00,roti_sabzi,60
130,2026-01-10 08:00:00,dosa,50
130,2026-01-10 12:30:00,biryani,110
130,2026-01-10 16:15:00,fruit,20
130,2026-01-10 20:30:00,dal_rice,85
130,2026-01-11 08:30:00,idli_sambar,45
130,2026-01-11 13:30:00,rajma_rice,100
130,2026-01-11 16:00:00,samosa,30
130,2026-01-11 20:00:00,biryani,110
130,2026-01-12 07:45:00,paratha,55
130,2026-01-12 13:00:00,biryani,110
130,2026-01-12 17:15:00,samosa,30
130,2026-01-12 20:30:00,roti_sabzi,60
130,2026-01-13 07:30:00,poha,50
130,2026-01-13 13:30:00,roti_sabzi,60
130,2026-01-13 17:15:00,chai_biscuit,25
130,2026-01-13 21:00:00,biryani,110
130,2026-01-14 08:00:00,paratha,55
130,2026-01-14 12:15:00,roti_sabzi,60
130,2026-01-14 16:45:00,fruit,20
130,2026-01-14 20:15:00,dal_rice,85
131,2026-01-01 08:00:00,idli_sambar,45
131,2026-01-01 13:30:00,biryani,110
131,2026-01-01 16:00:00,chai_biscuit,25
131,2026-01-01 20:30:00,biryani,110
131,2026-01-02 08:30:00,idli_sambar,45
131,2026-01-02 12:30:00,roti_sabzi,60
131,2026-01-02 17:30:00,chai_biscuit,25
131,2026-01-02 20:30:00,khichdi,65
131,2026-01-03 07:00:00,poha,50
131,2026-01-03 13:00:00,rajma_rice,100
131,2026-01-03 16:45:00,fruit,20
131,2026-01-03 20:00:00,roti_sabzi,60
131,2026-01-04 07:30:00,paratha,55
131,2026-01-04 12:45:00,biryani,110
131,2026-01-04 18:15:00,chai_biscuit,25
131,2026-01-04 20:30:00,khichdi,65
131,2026-01-05 07:30:00,idli_sambar,45
131,2026-01-05 12:30:00,roti_sabzi,60
131,2026-01-05 17:00:00,fruit,20
131,2026-01-05 20:45:00,roti_sabzi,60
131,2026-01-06 08:30:00,dosa,50
131,2026-01-06 13:00:00,roti_sabzi,60
131,2026-01-06 17:15:00,fruit,20
131,2026-01-06 21:00:00,khichdi,65
131,2026-01-07 07:45:00,paratha,55
131,2026-01-07 14:00:00,rajma_rice,100
131,2026-01-07 15:45:00,samosa,30
131,2026-01-07 20:30:00,roti_sabzi,60
131,2026-01-08 07:45:00,poha,50
131,2026-01-08 13:00:00,biryani,110
131,2026-01-08 16:30:00,sweets,40
131,2026-01-08 20:30:00,dal_rice,85
131,2026-01-09 07:30:00,dosa,50
131,2026-01-09 13:15:00,rajma_rice,100
131,2026-01-09 17:15:00,sweets,40
131,2026-01-09 20:00:00,roti_sabzi,60
131,2026-01-10 08:15:00,paratha,55
131,2026-01-10 13:00:00,biryani,110
131,2026-01-10 16:45:00,fruit,20
131,2026-01-10 20:00:00,roti_sabzi,60
131,2026-01-11 08:15:00,paratha,55
131,2026-01-11 13:15:00,roti_sabzi,60
131,2026-01-11 16:30:00,fruit,20
131,2026-01-11 20:00:00,biryani,110
131,2026-01-12 06:45:00,poha,50
131,2026-01-12 12:30:00,dal_rice,90
131,2026-01-12 17:15:00,sweets,40
131,2026-01-12 20:30:00,biryani,110
131,2026-01-13 07:30:00,idli_sambar,45
131,2026-01-13 13:00:00,dal_rice,90
131,2026-01-13 16:15:00,sweets,40
131,2026-01-13 20:30:00,biryani,110
131,2026-01-14 07:45:00,dosa,50
131,2026-01-14 13:30:00,biryani,110
131,2026-01-14 16:45:00,sweets,40
131,2026-01-14 20:30:00,biryani,110
132,2026-01-01 08:15:00,idli_sambar,45
132,2026-01-01 13:45:00,biryani,110
132,2026-01-01 16:15:00,chai_biscuit,25
132,2026-01-01 21:00:00,biryani,110
132,2026-01-02 07:45:00,paratha,55
132,2026-01-02 13:00:00,roti_sabzi,60
132,2026-01-02 16:45:00,fruit,20
132,2026-01-02 20:30:00,biryani,110
132,2026-01-03 07:00:00,paratha,55
132,2026-01-03 13:45:00,roti_sabzi,60
132,2026-01-03 17:30:00,samosa,30
132,2026-01-03 20:45:00,biryani,110
132,2026-01-04 07:30:00,dosa,50
132,2026-01-04 13:30:00,biryani,110
132,2026-01-04 17:15:00,sweets,40
132,2026-01-04 20:00:00,dal_rice,85
132,2026-01-05 07:45:00,poha,50
132,2026-01-05 13:00:00,dal_rice,90
132,2026-01-05 17:30:00,sweets,40
132,2026-01-05 19:45:00,khichdi,65
132,2026-01-06 07:00:00,dosa,50
132,2026-01-06 12:30:00,roti_sabzi,60
132,2026-01-06 16:15:00,samosa,30
132,2026-01-06 20:00:00,khichdi,65
132,2026-01-07 07:45:00,dosa,50
132,2026-01-07 13:00:00,roti_sabzi,60
132,2026-01-07 16:45:00,fruit,20
132,2026-01-07 21:15:00,biryani,110
132,2026-01-08 07:45:00,idli_sambar,45
132,2026-01-08 13:00:00,rajma_rice,100
132,2026-01-08 16:45:00,fruit,20
132,2026-01-08 21:00:00,roti_sabzi,60
132,2026-01-09 08:15:00,poha,50
132,2026-01-09 13:15:00,dal_rice,90
132,2026-01-09 17:30:00,chai_biscuit,25
132,2026-01-09 20:45:00,roti_sabzi,60
132,2026-01-10 09:00:00,paratha,55
132,2026-01-10 12:30:00,dal_rice,90
132,2026-01-10 17:30:00,fruit,20
132,2026-01-10 20:00:00,roti_sabzi,60
132,2026-01-11 08:30:00,poha,50
132,2026-01-11 13:30:00,roti_sabzi,60
132,2026-01-11 17:15:00,chai_biscuit,25
132,2026-01-11 21:00:00,dal_rice,85
132,2026-01-12 08:00:00,dosa,50
132,2026-01-12 12:30:00,biryani,110
132,2026-01-12 17:00:00,fruit,20
132,2026-01-12 21:30:00,khichdi,65
132,2026-01-13 07:30:00,dosa,50
132,2026-01-13 12:45:00,dal_rice,90
132,2026-01-13 16:30:00,chai_biscuit,25
132,2026-01-13 19:30:00,dal_rice,85
132,2026-01-14 07:30:00,idli_sambar,45
132,2026-01-14 12:00:00,dal_rice,90
132,2026-01-14 17:00:00,sweets,40
132,2026-01-14 21:15:00,roti_sabzi,60
133,2026-01-01 07:45:00,idli_sambar,45
133,2026-01-01 13:00:00,roti_sabzi,60
133,2026-01-01 16:45:00,chai_biscuit,25
133,2026-01-01 20:30:00,khichdi,65
133,2026-01-02 07:15:00,paratha,55
133,2026-01-02 13:00:00,biryani,110
133,2026-01-02 17:30:00,samosa,30
133,2026-01-02 20:00:00,roti_sabzi,60
133,2026-01-03 08:00:00,idli_sambar,45
133,2026-01-03 13:00:00,roti_sabzi,60
133,2026-01-03 16:15:00,samosa,30
133,2026-01-03 20:30:00,khichdi,65
133,2026-01-04 07:00:00,dosa,50
133,2026-01-04 12:30:00,rajma_rice,100
133,2026-01-04 17:00:00,sweets,40
133,2026-01-04 20:15:00,dal_rice,85
133,2026-01-05 07:45:00,dosa,50
133,2026-01-05 11:30:00,biryani,110
133,2026-01-05 17:15:00,chai_biscuit,25
133,2026-01-05 21:00:00,roti_sabzi,60
133,2026-01-06 08:00:00,idli_sambar,45
133,2026-01-06 12:30:00,rajma_rice,100
133,2026-01-06 17:00:00,fruit,20
133,2026-01-06 20:00:00,biryani,110
133,2026-01-07 08:15:00,poha,50
133,2026-01-07 13:15:00,roti_sabzi,60
133,2026-01-07 17:00:00,sweets,40
133,2026-01-07 20:15:00,dal_rice,85
133,2026-01-08 07:45:00,dosa,50
133,2026-01-08 13:15:00,dal_rice,90
133,2026-01-08 16:00:00,chai_biscuit,25
133,2026-01-08 19:30:00,dal_rice,85
133,2026-01-09 07:45:00,dosa,50
133,2026-01-09 12:30:00,rajma_rice,100
133,2026-01-09 17:15:00,fruit,20
133,2026-01-09 21:30:00,biryani,110
133,2026-01-10 07:30:00,idli_sambar,45
133,2026-01-10 12:30:00,rajma_rice,100
133,2026-01-10 17:30:00,chai_biscuit,25
133,2026-01-10 20:45:00,biryani,110
133,2026-01-11 08:30:00,paratha,55
133,2026-01-11 13:45:00,dal_rice,90
133,2026-01-11 16:00:00,sweets,40
133,2026-01-11 20:30:00,khichdi,65
133,2026-01-12 07:30:00,dosa,50
133,2026-01-12 12:30:00,roti_sabzi,60
133,2026-01-12 16:45:00,chai_biscuit,25
133,2026-01-12 20:00:00,khichdi,65
133,2026-01-13 07:30:00,idli_sambar,45
133,2026-01-13 12:30:00,dal_rice,90
133,2026-01-13 16:30:00,samosa,30
133,2026-01-13 21:30:00,biryani,110
133,2026-01-14 08:15:00,paratha,55
133,2026-01-14 13:45:00,rajma_rice,100
133,2026-01-14 16:30:00,samosa,30
133,2026-01-14 20:15:00,dal_rice,85
134,2026-01-01 07:15:00,poha,50
134,2026-01-01 12:15:00,dal_rice,90
134,2026-01-01 16:30:00,samosa,30
134,2026-01-01 19:45:00,biryani,110
134,2026-01-02 08:00:00,idli_sambar,45
134,2026-01-02 13:30:00,roti_sabzi,60
134,2026-01-02 16:15:00,fruit,20
134,2026-01-02 20:45:00,dal_rice,85
134,2026-01-03 08:15:00,paratha,55
134,2026-01-03 13:00:00,roti_sabzi,60
134,2026-01-03 16:45:00,samosa,30
134,2026-01-03 20:00:00,roti_sabzi,60
134,2026-01-04 07:15:00,dosa,50
134,2026-01-04 14:00:00,rajma_rice,100
134,2026-01-04 16:30:00,sweets,40
134,2026-01-04 20:00:00,biryani,110
134,2026-01-05 08:00:00,poha,50
134,2026-01-05 13:45:00,biryani,110
134,2026-01-05 17:00:00,sweets,40
134,2026-01-05 20:00:00,roti_sabzi,60
134,2026-01-06 07:30:00,idli_sambar,45
134,2026-01-06 12:30:00,dal_rice,90
134,2026-01-06 16:45:00,chai_biscuit,25
134,2026-01-06 21:15:00,roti_sabzi,60
134,2026-01-07 08:30:00,idli_sambar,45
134,2026-01-07 12:15:00,rajma_rice,100
134,2026-01-07 17:00:00,sweets,40
134,2026-01-07 20:15:00,roti_sabzi,60
134,2026-01-08 07:15:00,idli_sambar,45
134,2026-01-08 12:15:00,rajma_rice,100
134,2026-01-08 17:00:00,samosa,30
134,2026-01-08 21:00:00,khichdi,65
134,2026-01-09 07:15:00,dosa,50
134,2026-01-09 12:30:00,roti_sabzi,60
134,2026-01-09 16:30:00,sweets,40
134,2026-01-09 20:00:00,dal_rice,85
134,2026-01-10 07:45:00,idli_sambar,45
134,2026-01-10 12:30:00,rajma_rice,100
134,2026-01-10 17:45:00,sweets,40
134,2026-01-10 20:45:00,dal_rice,85
134,2026-01-11 07:15:00,idli_sambar,45
134,2026-01-11 13:15:00,roti_sabzi,60
134,2026-01-11 16:30:00,chai_biscuit,25
134,2026-01-11 20:30:00,biryani,110
134,2026-01-12 08:30:00,idli_sambar,45
134,2026-01-12 12:45:00,rajma_rice,100
134,2026-01-12 16:30:00,samosa,30
134,2026-01-12 19:30:00,dal_rice,85
134,2026-01-13 08:00:00,dosa,50
134,2026-01-13 13:00:00,roti_sabzi,60
134,2026-01-13 17:00:00,samosa,30
134,2026-01-13 21:00:00,khichdi,65
134,2026-01-14 07:00:00,dosa,50
134,2026-01-14 12:45:00,rajma_rice,100
134,2026-01-14 16:30:00,fruit,20
134,2026-01-14 20:15:00,biryani,110
135,2026-01-01 07:30:00,dosa,50
135,2026-01-01 12:45:00,rajma_rice,100
135,2026-01-01 15:45:00,samosa,30
135,2026-01-01 21:15:00,roti_sabzi,60
135,2026-01-02 08:00:00,idli_sambar,45
135,2026-01-02 13:00:00,roti_sabzi,60
135,2026-01-02 16:15:00,chai_biscuit,25
135,2026-01-02 21:15:00,roti_sabzi,60
135,2026-01-03 08:00:00,idli_sambar,45
135,2026-01-03 12:15:00,dal_rice,90
135,2026-01-03 16:45:00,fruit,20
135,2026-01-03 19:00:00,khichdi,65
135,2026-01-04 08:15:00,paratha,55
135,2026-01-04 13:45:00,biryani,110
135,2026-01-04 17:30:00,samosa,30
135,2026-01-04 20:15:00,biryani,110
135,2026-01-05 09:30:00,paratha,55
135,2026-01-05 12:45:00,biryani,110
135,2026-01-05 17:30:00,samosa,30
135,2026-01-05 20:00:00,khichdi,65
135,2026-01-06 08:30:00,poha,50
135,2026-01-06 13:00:00,roti_sabzi,60
135,2026-01-06 17:45:00,samosa,30
135,2026-01-06 20:45:00,dal_rice,85
135,2026-01-07 08:15:00,paratha,55
135,2026-01-07 12:45:00,rajma_rice,100
135,2026-01-07 16:00:00,chai_biscuit,25
135,2026-01-07 20:45:00,dal_rice,85
135,2026-01-08 08:00:00,idli_sambar,45
135,2026-01-08 12:45:00,rajma_rice,100
135,2026-01-08 18:15:00,chai_biscuit,25
135,2026-01-08 21:15:00,biryani,110
135,2026-01-09 08:15:00,idli_sambar,45
135,2026-01-09 12:30:00,biryani,110
135,2026-01-09 16:00:00,samosa,30
135,2026-01-09 19:45:00,biryani,110
135,2026-01-10 08:00:00,poha,50
135,2026-01-10 12:45:00,dal_rice,90
135,2026-01-10 17:15:00,fruit,20
135,2026-01-10 20:00:00,dal_rice,85
135,2026-01-11 08:00:00,paratha,55
135,2026-01-11 12:15:00,rajma_rice,100
135,2026-01-11 16:30:00,samosa,30
135,2026-01-11 21:00:00,khichdi,65
135,2026-01-12 07:45:00,poha,50
135,2026-01-12 13:00:00,dal_rice,90
135,2026-01-12 16:15:00,fruit,20
135,2026-01-12 20:00:00,dal_rice,85
135,2026-01-13 08:00:00,idli_sambar,45
135,2026-01-13 12:30:00,biryani,110
135,2026-01-13 17:15:00,chai_biscuit,25
135,2026-01-13 20:30:00,biryani,110
135,2026-01-14 08:15:00,poha,50
135,2026-01-14 12:15:00,biryani,110
135,2026-01-14 17:00:00,sweets,40
135,2026-01-14 20:15:00,roti_sabzi,60
136,2026-01-01 08:00:00,poha,50
136,2026-01-01 13:00:00,dal_rice,90
136,2026-01-01 16:30:00,samosa,30
136,2026-01-01 21:00:00,roti_sabzi,60
136,2026-01-02 08:00:00,dosa,50
136,2026-01-02 12:30:00,biryani,110
136,2026-01-02 16:45:00,samosa,30
136,2026-01-02 20:30:00,khichdi,65
136,2026-01-03 08:30:00,idli_sambar,45
136,2026-01-03 12:30:00,biryani,110
136,2026-01-03 16:15:00,sweets,40
136,2026-01-03 20:30:00,biryani,110
136,2026-01-04 08:00:00,paratha,55
136,2026-01-04 13:30:00,biryani,110
136,2026-01-04 17:00:00,chai_biscuit,25
136,2026-01-04 19:45:00,khichdi,65
136,2026-01-05 08:30:00,poha,50
136,2026-01-05 13:00:00,biryani,110
136,2026-01-05 16:45:00,fruit,20
136,2026-01-05 20:30:00,dal_rice,85
136,2026-01-06 08:00:00,idli_sambar,45
136,2026-01-06 12:45:00,rajma_rice,100
136,2026-01-06 17:15:00,chai_biscuit,25
136,2026-01-06 20:30:00,biryani,110
136,2026-01-07 07:30:00,dosa,50
136,2026-01-07 13:15:00,dal_rice,90
136,2026-01-07 16:45:00,chai_biscuit,25
136,2026-01-07 20:30:00,khichdi,65
136,2026-01-08 07:30:00,idli_sambar,45
136,2026-01-08 13:00:00,roti_sabzi,60
136,2026-01-08 17:00:00,sweets,40
136,2026-01-08 19:45:00,roti_sabzi,60
136,2026-01-09 08:00:00,poha,50
136,2026-01-09 12:45:00,rajma_rice,100
136,2026-01-09 16:45:00,chai_biscuit,25
136,2026-01-09 20:45:00,biryani,110
136,2026-01-10 08:30:00,paratha,55
136,2026-01-10 12:45:00,biryani,110
136,2026-01-10 17:00:00,sweets,40
136,2026-01-10 20:00:00,dal_rice,85
136,2026-01-11 08:30:00,poha,50
136,2026-01-11 11:45:00,roti_sabzi,60
136,2026-01-11 17:00:00,chai_biscuit,25
136,2026-01-11 20:45:00,roti_sabzi,60
136,2026-01-12 08:45:00,poha,50
136,2026-01-12 12:45:00,dal_rice,90
136,2026-01-12 17:00:00,chai_biscuit,25
136,2026-01-12 20:15:00,khichdi,65
136,2026-01-13 06:45:00,poha,50
136,2026-01-13 12:45:00,dal_rice,90
136,2026-01-13 17:00:00,sweets,40
136,2026-01-13 19:45:00,roti_sabzi,60
136,2026-01-14 07:45:00,idli_sambar,45
136,2026-01-14 13:15:00,biryani,110
136,2026-01-14 16:15:00,fruit,20
136,2026-01-14 20:30:00,dal_rice,85
137,2026-01-01 06:30:00,idli_sambar,45
137,2026-01-01 12:30:00,rajma_rice,100
137,2026-01-01 16:45:00,fruit,20
137,2026-01-01 21:00:00,dal_rice,85
137,2026-01-02 07:45:00,dosa,50
137,2026-01-02 13:45:00,rajma_rice,100
137,2026-01-02 17:15:00,sweets,40
137,2026-01-02 20:30:00,dal_rice,85
137,2026-01-03 07:45:00,poha,50
137,2026-01-03 12:45:00,rajma_rice,100
137,2026-01-03 17:30:00,samosa,30
137,2026-01-03 20:45:00,biryani,110
137,2026-01-04 08:15:00,poha,50
137,2026-01-04 13:15:00,roti_sabzi,60
137,2026-01-04 16:00:00,sweets,40
137,2026-01-04 20:30:00,khichdi,65
137,2026-01-05 08:15:00,idli_sambar,45
137,2026-01-05 13:45:00,rajma_rice,100
137,2026-01-05 16:00:00,fruit,20
137,2026-01-05 21:00:00,roti_sabzi,60
137,2026-01-06 07:45:00,idli_sambar,45
137,2026-01-06 12:30:00,roti_sabzi,60
137,2026-01-06 16:30:00,sweets,40
137,2026-01-06 20:45:00,khichdi,65
137,2026-01-07 08:00:00,paratha,55
137,2026-01-07 13:00:00,dal_rice,90
137,2026-01-07 17:30:00,sweets,40
137,2026-01-07 20:30:00,roti_sabzi,60
137,2026-01-08 07:00:00,paratha,55
137,2026-01-08 12:15:00,rajma_rice,100
137,2026-01-08 15:30:00,sweets,40
137,2026-01-08 19:30:00,dal_rice,85
137,2026-01-09 08:00:00,poha,50
137,2026-01-09 13:00:00,roti_sabzi,60
137,2026-01-09 16:00:00,samosa,30
137,2026-01-09 21:15:00,roti_sabzi,60
137,2026-01-10 07:30:00,dosa,50
137,2026-01-10 11:45:00,dal_rice,90
137,2026-01-10 15:45:00,fruit,20
137,2026-01-10 19:45:00,khichdi,65
137,2026-01-11 08:00:00,idli_sambar,45
137,2026-01-11 13:00:00,rajma_rice,100
137,2026-01-11 16:30:00,chai_biscuit,25
137,2026-01-11 20:30:00,khichdi,65
137,2026-01-12 08:00:00,dosa,50
137,2026-01-12 12:45:00,rajma_rice,100
137,2026-01-12 16:00:00,sweets,40
137,2026-01-12 19:45:00,biryani,110
137,2026-01-13 08:30:00,dosa,50
137,2026-01-13 13:00:00,rajma_rice,100
137,2026-01-13 17:45:00,sweets,40
137,2026-01-13 20:00:00,biryani,110
137,2026-01-14 08:15:00,poha,50
137,2026-01-14 13:30:00,rajma_rice,100
137,2026-01-14 16:45:00,sweets,40
137,2026-01-14 20:30:00,biryani,110
138,2026-01-01 08:00:00,poha,50
138,2026-01-01 12:45:00,dal_rice,90
138,2026-01-01 16:45:00,fruit,20
138,2026-01-01 20:30:00,roti_sabzi,60
138,2026-01-02 06:00:00,poha,50
138,2026-01-02 12:45:00,dal_rice,90
138,2026-01-02 17:00:00,samosa,30
138,2026-01-02 21:00:00,biryani,110
138,2026-01-03 07:15:00,dosa,50
138,2026-01-03 13:00:00,biryani,110
138,2026-01-03 16:15:00,fruit,20
138,2026-01-03 20:45:00,khichdi,65
138,2026-01-04 07:30:00,poha,50
138,2026-01-04 12:45:00,biryani,110
138,2026-01-04 16:45:00,chai_biscuit,25
138,2026-01-04 20:15:00,khichdi,65
138,2026-01-05 08:15:00,idli_sambar,45
138,2026-01-05 12:45:00,dal_rice,90
138,2026-01-05 16:45:00,fruit,20
138,2026-01-05 20:00:00,khichdi,65
138,2026-01-06 07:45:00,dosa,50
138,2026-01-06 13:45:00,biryani,110
138,2026-01-06 16:45:00,fruit,20
138,2026-01-06 20:00:00,roti_sabzi,60
138,2026-01-07 08:00:00,poha,50
138,2026-01-07 13:00:00,dal_rice,90
138,2026-01-07 17:00:00,fruit,20
138,2026-01-07 20:15:00,dal_rice,85
138,2026-01-08 07:00:00,paratha,55
138,2026-01-08 12:15:00,biryani,110
138,2026-01-08 16:00:00,chai_biscuit,25
138,2026-01-08 21:00:00,biryani,110
138,2026-01-09 07:00:00,dosa,50
138,2026-01-09 12:00:00,dal_rice,90
138,2026-01-09 17:15:00,sweets,40
138,2026-01-09 19:45:00,biryani,110
138,2026-01-10 07:45:00,poha,50
138,2026-01-10 13:00:00,rajma_rice,100
138,2026-01-10 17:00:00,samosa,30
138,2026-01-10 20:00:00,roti_sabzi,60
138,2026-01-11 07:30:00,dosa,50
138,2026-01-11 13:15:00,roti_sabzi,60
138,2026-01-11 16:00:00,samosa,30
138,2026-01-11 20:15:00,khichdi,65
138,2026-01-12 08:15:00,idli_sambar,45
138,2026-01-12 13:15:00,roti_sabzi,60
138,2026-01-12 16:45:00,sweets,40
138,2026-01-12 21:30:00,dal_rice,85
138,2026-01-13 07:45:00,dosa,50
138,2026-01-13 13:15:00,biryani,110
138,2026-01-13 16:45:00,fruit,20
138,2026-01-13 20:15:00,roti_sabzi,60
138,2026-01-14 08:00:00,paratha,55
138,2026-01-14 12:45:00,rajma_rice,100
138,2026-01-14 17:45:00,fruit,20
138,2026-01-14 19:45:00,biryani,110
139,2026-01-01 08:15:00,poha,50
139,2026-01-01 13:45:00,roti_sabzi,60
139,2026-01-01 17:15:00,fruit,20
139,2026-01-01 20:45:00,roti_sabzi,60
139,2026-01-02 08:00:00,paratha,55
139,2026-01-02 12:15:00,biryani,110
139,2026-01-02 16:30:00,samosa,30
139,2026-01-02 20:00:00,biryani,110
139,2026-01-03 08:45:00,paratha,55
139,2026-01-03 13:30:00,biryani,110
139,2026-01-03 16:45:00,chai_biscuit,25
139,2026-01-03 20:45:00,roti_sabzi,60
139,2026-01-04 07:45:00,poha,50
139,2026-01-04 12:45:00,biryani,110
139,2026-01-04 16:30:00,fruit,20
139,2026-01-04 20:00:00,khichdi,65
139,2026-01-05 08:15:00,dosa,50
139,2026-01-05 13:00:00,roti_sabzi,60
139,2026-01-05 16:30:00,samosa,30
139,2026-01-05 20:30:00,dal_rice,85
139,2026-01-06 07:45:00,dosa,50
139,2026-01-06 13:30:00,roti_sabzi,60
139,2026-01-06 16:45:00,chai_biscuit,25
139,2026-01-06 20:45:00,biryani,110
139,2026-01-07 07:15:00,idli_sambar,45
139,2026-01-07 13:00:00,roti_sabzi,60
139,2026-01-07 17:00:00,sweets,40
139,2026-01-07 21:15:00,roti_sabzi,60
139,2026-01-08 08:00:00,dosa,50
139,2026-01-08 13:00:00,rajma_rice,100
139,2026-01-08 17:15:00,samosa,30
139,2026-01-08 20:00:00,biryani,110
139,2026-01-09 08:00:00,poha,50
139,2026-01-09 13:30:00,biryani,110
139,2026-01-09 16:45:00,sweets,40
139,2026-01-09 20:45:00,roti_sabzi,60
139,2026-01-10 08:30:00,dosa,50
139,2026-01-10 12:30:00,roti_sabzi,60
139,2026-01-10 17:00:00,chai_biscuit,25
139,2026-01-10 20:15:00,khichdi,65
139,2026-01-11 07:45:00,paratha,55
139,2026-01-11 12:00:00,roti_sabzi,60
139,2026-01-11 17:30:00,sweets,40
139,2026-01-11 20:45:00,roti_sabzi,60
139,2026-01-12 07:45:00,poha,50
139,2026-01-12 13:30:00,dal_rice,90
139,2026-01-12 15:30:00,chai_biscuit,25
139,2026-01-12 20:30:00,roti_sabzi,60
139,2026-01-13 07:45:00,idli_sambar,45
139,2026-01-13 12:00:00,roti_sabzi,60
139,2026-01-13 17:00:00,samosa,30
139,2026-01-13 20:15:00,khichdi,65
139,2026-01-14 07:45:00,paratha,55
139,2026-01-14 12:45:00,biryani,110
139,2026-01-14 16:45:00,chai_biscuit,25
139,2026-01-14 21:15:00,dal_rice,85
140,2026-01-01 08:30:00,poha,50
140,2026-01-01 12:30:00,dal_rice,90
140,2026-01-01 17:30:00,samosa,30
140,2026-01-01 21:00:00,dal_rice,85
140,2026-01-02 08:15:00,dosa,50
140,2026-01-02 12:45:00,biryani,110
140,2026-01-02 17:15:00,fruit,20
140,2026-01-02 19:45:00,dal_rice,85
140,2026-01-03 08:45:00,idli_sambar,45
140,2026-01-03 13:00:00,biryani,110
140,2026-01-03 17:15:00,fruit,20
140,2026-01-03 20:15:00,khichdi,65
140,2026-01-04 08:00:00,paratha,55
140,2026-01-04 12:30:00,rajma_rice,100
140,2026-01-04 16:45:00,fruit,20
140,2026-01-04 19:45:00,khichdi,65
140,2026-01-05 07:00:00,dosa,50
140,2026-01-05 13:15:00,biryani,110
140,2026-01-05 17:00:00,sweets,40
140,2026-01-05 20:15:00,khichdi,65
140,2026-01-06 09:00:00,paratha,55
140,2026-01-06 12:30:00,biryani,110
140,2026-01-06 16:30:00,samosa,30
140,2026-01-06 20:00:00,dal_rice,85
140,2026-01-07 08:30:00,poha,50
140,2026-01-07 12:30:00,biryani,110
140,2026-01-07 17:00:00,samosa,30
140,2026-01-07 20:30:00,biryani,110
140,2026-01-08 07:45:00,paratha,55
140,2026-01-08 12:45:00,biryani,110
140,2026-01-08 16:30:00,samosa,30
140,2026-01-08 21:00:00,dal_rice,85
140,2026-01-09 08:30:00,idli_sambar,45
140,2026-01-09 12:30:00,roti_sabzi,60
140,2026-01-09 16:45:00,chai_biscuit,25
140,2026-01-09 21:15:00,biryani,110
140,2026-01-10 07:15:00,paratha,55
140,2026-01-10 13:00:00,biryani,110
140,2026-01-10 17:00:00,samosa,30
140,2026-01-10 20:15:00,biryani,110
140,2026-01-11 08:15:00,dosa,50
140,2026-01-11 13:30:00,roti_sabzi,60
140,2026-01-11 17:30:00,samosa,30
140,2026-01-11 20:45:00,khichdi,65
140,2026-01-12 08:30:00,poha,50
140,2026-01-12 12:15:00,rajma_rice,100
140,2026-01-12 16:30:00,chai_biscuit,25
140,2026-01-12 20:00:00,roti_sabzi,60
140,2026-01-13 08:15:00,paratha,55
140,2026-01-13 13:00:00,dal_rice,90
140,2026-01-13 16:45:00,sweets,40
140,2026-01-13 20:45:00,roti_sabzi,60
140,2026-01-14 07:00:00,dosa,50
140,2026-01-14 12:30:00,roti_sabzi,60
140,2026-01-14 16:45:00,samosa,30
140,2026-01-14 19:45:00,biryani,110
141,2026-01-01 08:15:00,idli_sambar,45
141,2026-01-01 13:15:00,roti_sabzi,60
141,2026-01-01 16:45:00,fruit,20
141,2026-01-01 20:45:00,biryani,110
141,2026-01-02 07:45:00,poha,50
141,2026-01-02 13:00:00,roti_sabzi,60
141,2026-01-02 18:30:00,samosa,30
141,2026-01-02 20:15:00,biryani,110
141,2026-01-03 07:30:00,dosa,50
141,2026-01-03 13:00:00,roti_sabzi,60
141,2026-01-03 17:15:00,fruit,20
141,2026-01-03 20:30:00,biryani,110
141,2026-01-04 07:30:00,paratha,55
141,2026-01-04 13:00:00,roti_sabzi,60
141,2026-01-04 17:15:00,fruit,20
141,2026-01-04 19:45:00,dal_rice,85
141,2026-01-05 08:00:00,poha,50
141,2026-01-05 12:30:00,roti_sabzi,60
141,2026-01-05 16:30:00,chai_biscuit,25
141,2026-01-05 20:00:00,biryani,110
141,2026-01-06 07:30:00,idli_sambar,45
141,2026-01-06 13:00:00,roti_sabzi,60
141,2026-01-06 16:45:00,fruit,20
141,2026-01-06 20:00:00,khichdi,65
141,2026-01-07 08:00:00,paratha,55
141,2026-01-07 13:30:00,dal_rice,90
141,2026-01-07 17:00:00,fruit,20
141,2026-01-07 20:15:00,dal_rice,85
141,2026-01-08 08:00:00,poha,50
141,2026-01-08 13:15:00,roti_sabzi,60
141,2026-01-08 17:00:00,samosa,30
141,2026-01-08 20:00:00,biryani,110
141,2026-01-09 07:00:00,poha,50
141,2026-01-09 13:15:00,dal_rice,90
141,2026-01-09 16:45:00,fruit,20
141,2026-01-09 20:30:00,roti_sabzi,60
141,2026-01-10 07:45:00,dosa,50
141,2026-01-10 12:45:00,dal_rice,90
141,2026-01-10 16:45:00,samosa,30
141,2026-01-10 19:45:00,dal_rice,85
141,2026-01-11 07:45:00,paratha,55
141,2026-01-11 12:45:00,dal_rice,90
141,2026-01-11 16:30:00,sweets,40
141,2026-01-11 21:15:00,dal_rice,85
141,2026-01-12 07:15:00,poha,50
141,2026-01-12 12:30:00,biryani,110
141,2026-01-12 16:45:00,sweets,40
141,2026-01-12 19:30:00,biryani,110
141,2026-01-13 06:30:00,idli_sambar,45
141,2026-01-13 13:15:00,biryani,110
141,2026-01-13 16:15:00,samosa,30
141,2026-01-13 20:30:00,biryani,110
141,2026-01-14 08:15:00,poha,50
141,2026-01-14 12:45:00,roti_sabzi,60
141,2026-01-14 17:30:00,samosa,30
141,2026-01-14 20:15:00,khichdi,65
142,2026-01-01 08:00:00,dosa,50
142,2026-01-01 12:45:00,rajma_rice,100
142,2026-01-01 17:15:00,fruit,20
142,2026-01-01 21:00:00,biryani,110
142,2026-01-02 08:15:00,poha,50
142,2026-01-02 13:15:00,roti_sabzi,60
142,2026-01-02 17:00:00,chai_biscuit,25
142,2026-01-02 20:30:00,dal_rice,85
142,2026-01-03 08:00:00,idli_sambar,45
142,2026-01-03 13:45:00,roti_sabzi,60
142,2026-01-03 17:00:00,chai_biscuit,25
142,2026-01-03 20:15:00,khichdi,65
142,2026-01-04 07:30:00,idli_sambar,45
142,2026-01-04 13:15:00,roti_sabzi,60
142,2026-01-04 16:45:00,samosa,30
142,2026-01-04 19:15:00,khichdi,65
142,2026-01-05 07:45:00,idli_sambar,45
142,2026-01-05 13:00:00,roti_sabzi,60
142,2026-01-05 17:30:00,samosa,30
142,2026-01-05 19:30:00,roti_sabzi,60
142,2026-01-06 08:00:00,poha,50
142,2026-01-06 13:15:00,roti_sabzi,60
142,2026-01-06 16:45:00,sweets,40
142,2026-01-06 20:00:00,khichdi,65
142,2026-01-07 07:45:00,paratha,55
142,2026-01-07 12:30:00,dal_rice,90
142,2026-01-07 16:45:00,fruit,20
142,2026-01-07 20:45:00,khichdi,65
142,2026-01-08 08:15:00,dosa,50
142,2026-01-08 13:00:00,biryani,110
142,2026-01-08 17:15:00,samosa,30
142,2026-01-08 19:45:00,dal_rice,85
142,2026-01-09 07:45:00,dosa,50
142,2026-01-09 13:15:00,rajma_rice,100
142,2026-01-09 17:00:00,chai_biscuit,25
142,2026-01-09 20:15:00,khichdi,65
142,2026-01-10 08:00:00,poha,50
142,2026-01-10 12:00:00,biryani,110
142,2026-01-10 17:00:00,sweets,40
142,2026-01-10 20:45:00,khichdi,65
142,2026-01-11 08:15:00,paratha,55
142,2026-01-11 12:30:00,roti_sabzi,60
142,2026-01-11 17:30:00,fruit,20
142,2026-01-11 21:00:00,dal_rice,85
142,2026-01-12 08:15:00,dosa,50
142,2026-01-12 12:45:00,rajma_rice,100
142,2026-01-12 18:00:00,fruit,20
142,2026-01-12 20:15:00,khichdi,65
142,2026-01-13 08:00:00,dosa,50
142,2026-01-13 12:45:00,dal_rice,90
142,2026-01-13 16:15:00,chai_biscuit,25
142,2026-01-13 20:15:00,biryani,110
142,2026-01-14 07:15:00,dosa,50
142,2026-01-14 12:15:00,biryani,110
142,2026-01-14 17:45:00,fruit,20
142,2026-01-14 20:15:00,roti_sabzi,60
143,2026-01-01 07:30:00,idli_sambar,45
143,2026-01-01 12:15:00,dal_rice,90
143,2026-01-01 17:30:00,sweets,40
143,2026-01-01 21:15:00,khichdi,65
143,2026-01-02 07:15:00,poha,50
143,2026-01-02 12:30:00,dal_rice,90
143,2026-01-02 16:45:00,sweets,40
143,2026-01-02 20:15:00,roti_sabzi,60
143,2026-01-03 08:30:00,dosa,50
143,2026-01-03 14:00:00,rajma_rice,100
143,2026-01-03 16:45:00,chai_biscuit,25
143,2026-01-03 20:45:00,dal_rice,85
143,2026-01-04 07:45:00,poha,50
143,2026-01-04 13:15:00,roti_sabzi,60
143,2026-01-04 17:15:00,fruit,20
143,2026-01-04 20:15:00,biryani,110
143,2026-01-05 08:15:00,idli_sambar,45
143,2026-01-05 13:00:00,biryani,110
143,2026-01-05 17:00:00,chai_biscuit,25
143,2026-01-05 20:15:00,dal_rice,85
143,2026-01-06 08:15:00,idli_sambar,45
143,2026-01-06 12:45:00,biryani,110
143,2026-01-06 18:00:00,fruit,20
143,2026-01-06 20:30:00,roti_sabzi,60
143,2026-01-07 08:30:00,idli_sambar,45
143,2026-01-07 12:45:00,dal_rice,90
143,2026-01-07 16:45:00,sweets,40
143,2026-01-07 20:30:00,biryani,110
143,2026-01-08 08:30:00,dosa,50
143,2026-01-08 12:30:00,roti_sabzi,60
143,2026-01-08 17:30:00,samosa,30
143,2026-01-08 20:30:00,dal_rice,85
143,2026-01-09 07:45:00,paratha,55
143,2026-01-09 13:15:00,biryani,110
143,2026-01-09 17:30:00,chai_biscuit,25
143,2026-01-09 21:00:00,khichdi,65
143,2026-01-10 08:15:00,idli_sambar,45
143,2026-01-10 13:15:00,roti_sabzi,60
143,2026-01-10 17:15:00,sweets,40
143,2026-01-10 20:15:00,roti_sabzi,60
143,2026-01-11 08:45:00,idli_sambar,45
143,2026-01-11 12:45:00,roti_sabzi,60
143,2026-01-11 17:30:00,sweets,40
143,2026-01-11 19:30:00,roti_sabzi,60
143,2026-01-12 08:15:00,idli_sambar,45
143,2026-01-12 12:45:00,rajma_rice,100
143,2026-01-12 17:15:00,sweets,40
143,2026-01-12 20:00:00,dal_rice,85
143,2026-01-13 07:45:00,poha,50
143,2026-01-13 12:45:00,rajma_rice,100
143,2026-01-13 17:15:00,chai_biscuit,25
143,2026-01-13 19:30:00,roti_sabzi,60
143,2026-01-14 07:00:00,poha,50
143,2026-01-14 12:45:00,roti_sabzi,60
143,2026-01-14 17:30:00,sweets,40
143,2026-01-14 21:15:00,biryani,110
144,2026-01-01 08:30:00,paratha,55
144,2026-01-01 12:45:00,biryani,110
144,2026-01-01 16:45:00,chai_biscuit,25
144,2026-01-01 20:30:00,dal_rice,85
144,2026-01-02 08:00:00,poha,50
144,2026-01-02 12:00:00,dal_rice,90
144,2026-01-02 17:00:00,chai_biscuit,25
144,2026-01-02 20:00:00,roti_sabzi,60
144,2026-01-03 07:15:00,dosa,50
144,2026-01-03 12:30:00,biryani,110
144,2026-01-03 16:45:00,fruit,20
144,2026-01-03 20:00:00,biryani,110
144,2026-01-04 08:00:00,dosa,50
144,2026-01-04 13:00:00,rajma_rice,100
144,2026-01-04 16:45:00,fruit,20
144,2026-01-04 20:00:00,dal_rice,85
144,2026-01-05 07:15:00,dosa,50
144,2026-01-05 13:30:00,biryani,110
144,2026-01-05 16:00:00,sweets,40
144,2026-01-05 19:45:00,roti_sabzi,60
144,2026-01-06 07:30:00,dosa,50
144,2026-01-06 12:00:00,dal_rice,90
144,2026-01-06 16:45:00,samosa,30
144,2026-01-06 20:00:00,khichdi,65
144,2026-01-07 08:15:00,dosa,50
144,2026-01-07 14:00:00,biryani,110
144,2026-01-07 16:45:00,fruit,20
144,2026-01-07 21:00:00,dal_rice,85
144,2026-01-08 08:00:00,idli_sambar,45
144,2026-01-08 12:30:00,dal_rice,90
144,2026-01-08 18:00:00,chai_biscuit,25
144,2026-01-08 20:15:00,khichdi,65
144,2026-01-09 07:30:00,poha,50
144,2026-01-09 12:45:00,biryani,110
144,2026-01-09 16:45:00,sweets,40
144,2026-01-09 19:45:00,roti_sabzi,60
144,2026-01-10 07:00:00,dosa,50
144,2026-01-10 12:30:00,roti_sabzi,60
144,2026-01-10 16:45:00,fruit,20
144,2026-01-10 20:15:00,khichdi,65
144,2026-01-11 07:45:00,paratha,55
144,2026-01-11 13:00:00,biryani,110
144,2026-01-11 16:45:00,fruit,20
144,2026-01-11 20:15:00,roti_sabzi,60
144,2026-01-12 07:45:00,paratha,55
144,2026-01-12 13:30:00,rajma_rice,100
144,2026-01-12 17:15:00,fruit,20
144,2026-01-12 19:45:00,khichdi,65
144,2026-01-13 07:45:00,idli_sambar,45
144,2026-01-13 12:45:00,dal_rice,90
144,2026-01-13 17:15:00,fruit,20
144,2026-01-13 19:45:00,dal_rice,85
144,2026-01-14 07:45:00,paratha,55
144,2026-01-14 12:15:00,dal_rice,90
144,2026-01-14 16:15:00,fruit,20
144,2026-01-14 19:45:00,khichdi,65
145,2026-01-01 08:15:00,poha,50
145,2026-01-01 12:45:00,rajma_rice,100
145,2026-01-01 16:30:00,sweets,40
145,2026-01-01 20:15:00,dal_rice,85
145,2026-01-02 06:45:00,poha,50
145,2026-01-02 12:30:00,biryani,110
145,2026-01-02 16:45:00,fruit,20
145,2026-01-02 19:45:00,dal_rice,85
145,2026-01-03 07:30:00,idli_sambar,45
145,2026-01-03 12:45:00,roti_sabzi,60
145,2026-01-03 16:30:00,sweets,40
145,2026-01-03 21:00:00,biryani,110
145,2026-01-04 07:45:00,idli_sambar,45
145,2026-01-04 13:30:00,roti_sabzi,60
145,2026-01-04 16:45:00,sweets,40
145,2026-01-04 21:30:00,biryani,110
145,2026-01-05 07:15:00,poha,50
145,2026-01-05 12:45:00,roti_sabzi,60
145,2026-01-05 17:30:00,sweets,40
145,2026-01-05 20:45:00,khichdi,65
145,2026-01-06 08:15:00,dosa,50
145,2026-01-06 12:30:00,dal_rice,90
145,2026-01-06 17:30:00,fruit,20
145,2026-01-06 20:30:00,dal_rice,85
145,2026-01-07 07:45:00,dosa,50
145,2026-01-07 13:30:00,biryani,110
145,2026-01-07 16:15:00,sweets,40
145,2026-01-07 21:00:00,biryani,110
145,2026-01-08 07:30:00,idli_sambar,45
145,2026-01-08 12:30:00,rajma_rice,100
145,2026-01-08 17:00:00,chai_biscuit,25
145,2026-01-08 21:00:00,khichdi,65
145,2026-01-09 07:45:00,paratha,55
145,2026-01-09 13:30:00,dal_rice,90
145,2026-01-09 17:00:00,chai_biscuit,25
145,2026-01-09 20:15:00,dal_rice,85
145,2026-01-10 07:00:00,paratha,55
145,2026-01-10 12:45:00,dal_rice,90
145,2026-01-10 16:15:00,fruit,20
145,2026-01-10 20:00:00,roti_sabzi,60
145,2026-01-11 07:45:00,dosa,50
145,2026-01-11 12:15:00,biryani,110
145,2026-01-11 17:00:00,sweets,40
145,2026-01-11 20:30:00,roti_sabzi,60
145,2026-01-12 08:00:00,poha,50
145,2026-01-12 13:00:00,rajma_rice,100
145,2026-01-12 16:45:00,sweets,40
145,2026-01-12 21:15:00,khichdi,65
145,2026-01-13 07:45:00,idli_sambar,45
145,2026-01-13 13:15:00,biryani,110
145,2026-01-13 16:45:00,fruit,20
145,2026-01-13 20:30:00,biryani,110
145,2026-01-14 08:30:00,poha,50
145,2026-01-14 14:15:00,biryani,110
145,2026-01-14 17:15:00,sweets,40
145,2026-01-14 20:15:00,roti_sabzi,60
146,2026-01-01 08:00:00,dosa,50
146,2026-01-01 13:15:00,dal_rice,90
146,2026-01-01 17:00:00,sweets,40
146,2026-01-01 20:45:00,biryani,110
146,2026-01-02 07:45:00,idli_sambar,45
146,2026-01-02 13:00:00,dal_rice,90
146,2026-01-02 17:00:00,fruit,20
146,2026-01-02 19:30:00,roti_sabzi,60
146,2026-01-03 08:00:00,dosa,50
146,2026-01-03 13:00:00,biryani,110
146,2026-01-03 16:15:00,fruit,20
146,2026-01-03 20:15:00,roti_sabzi,60
146,2026-01-04 07:45:00,idli_sambar,45
146,2026-01-04 12:45:00,rajma_rice,100
146,2026-01-04 17:45:00,sweets,40
146,2026-01-04 20:00:00,dal_rice,85
146,2026-01-05 07:45:00,poha,50
146,2026-01-05 12:15:00,roti_sabzi,60
146,2026-01-05 17:15:00,samosa,30
146,2026-01-05 20:45:00,biryani,110
146,2026-01-06 08:15:00,dosa,50
146,2026-01-06 13:00:00,biryani,110
146,2026-01-06 17:15:00,samosa,30
146,2026-01-06 20:30:00,roti_sabzi,60
146,2026-01-07 07:15:00,dosa,50
146,2026-01-07 13:00:00,roti_sabzi,60
146,2026-01-07 17:00:00,chai_biscuit,25
146,2026-01-07 20:30:00,biryani,110
146,2026-01-08 07:00:00,dosa,50
146,2026-01-08 14:00:00,dal_rice,90
146,2026-01-08 15:30:00,samosa,30
146,2026-01-08 20:30:00,dal_rice,85
146,2026-01-09 08:45:00,dosa,50
146,2026-01-09 12:30:00,rajma_rice,100
146,2026-01-09 17:30:00,fruit,20
146,2026-01-09 20:45:00,biryani,110
146,2026-01-10 07:30:00,dosa,50
146,2026-01-10 13:00:00,rajma_rice,100
146,2026-01-10 16:30:00,sweets,40
146,2026-01-10 20:45:00,dal_rice,85
146,2026-01-11 08:15:00,dosa,50
146,2026-01-11 13:00:00,rajma_rice,100
146,2026-01-11 16:45:00,sweets,40
146,2026-01-11 20:00:00,roti_sabzi,60
146,2026-01-12 08:30:00,dosa,50
146,2026-01-12 12:00:00,rajma_rice,100
146,2026-01-12 17:30:00,chai_biscuit,25
146,2026-01-12 20:45:00,biryani,110
146,2026-01-13 07:45:00,poha,50
146,2026-01-13 11:45:00,rajma_rice,100
146,2026-01-13 16:30:00,chai_biscuit,25
146,2026-01-13 19:30:00,dal_rice,85
146,2026-01-14 07:45:00,poha,50
146,2026-01-14 13:00:00,rajma_rice,100
146,2026-01-14 16:30:00,fruit,20
146,2026-01-14 20:30:00,roti_sabzi,60
147,2026-01-01 07:45:00,paratha,55
147,2026-01-01 12:45:00,dal_rice,90
147,2026-01-01 17:00:00,samosa,30
147,2026-01-01 20:45:00,roti_sabzi,60
147,2026-01-02 08:00:00,dosa,50
147,2026-01-02 13:15:00,roti_sabzi,60
147,2026-01-02 17:45:00,chai_biscuit,25
147,2026-01-02 20:30:00,dal_rice,85
147,2026-01-03 08:30:00,dosa,50
147,2026-01-03 12:00:00,dal_rice,90
147,2026-01-03 16:45:00,fruit,20
147,2026-01-03 19:30:00,khichdi,65
147,2026-01-04 07:30:00,paratha,55
147,2026-01-04 12:45:00,rajma_rice,100
147,2026-01-04 17:45:00,sweets,40
147,2026-01-04 21:00:00,biryani,110
147,2026-01-05 07:15:00,paratha,55
147,2026-01-05 12:15:00,roti_sabzi,60
147,2026-01-05 17:15:00,samosa,30
147,2026-01-05 20:45:00,khichdi,65
147,2026-01-06 07:30:00,idli_sambar,45
147,2026-01-06 12:45:00,rajma_rice,100
147,2026-01-06 16:30:00,sweets,40
147,2026-01-06 20:15:00,roti_sabzi,60
147,2026-01-07 07:45:00,idli_sambar,45
147,2026-01-07 13:30:00,dal_rice,90
147,2026-01-07 16:45:00,samosa,30
147,2026-01-07 19:15:00,biryani,110
147,2026-01-08 08:30:00,paratha,55
147,2026-01-08 12:45:00,roti_sabzi,60
147,2026-01-08 17:00:00,chai_biscuit,25
147,2026-01-08 19:45:00,dal_rice,85
147,2026-01-09 08:30:00,poha,50
147,2026-01-09 13:45:00,dal_rice,90
147,2026-01-09 16:30:00,samosa,30
147,2026-01-09 20:15:00,khichdi,65
147,2026-01-10 08:15:00,paratha,55
147,2026-01-10 13:00:00,dal_rice,90
147,2026-01-10 16:45:00,chai_biscuit,25
147,2026-01-10 20:00:00,roti_sabzi,60
147,2026-01-11 07:45:00,paratha,55
147,2026-01-11 13:15:00,rajma_rice,100
147,2026-01-11 16:45:00,sweets,40
147,2026-01-11 20:00:00,dal_rice,85
147,2026-01-12 07:45:00,paratha,55
147,2026-01-12 13:00:00,rajma_rice,100
147,2026-01-12 17:00:00,fruit,20
147,2026-01-12 20:00:00,khichdi,65
147,2026-01-13 07:30:00,paratha,55
147,2026-01-13 12:45:00,roti_sabzi,60
147,2026-01-13 17:00:00,fruit,20
147,2026-01-13 20:00:00,khichdi,65
147,2026-01-14 08:00:00,dosa,50
147,2026-01-14 12:30:00,dal_rice,90
147,2026-01-14 17:00:00,chai_biscuit,25
147,2026-01-14 20:30:00,roti_sabzi,60
148,2026-01-01 08:15:00,paratha,55
148,2026-01-01 14:00:00,roti_sabzi,60
148,2026-01-01 16:30:00,sweets,40
148,2026-01-01 19:45:00,dal_rice,85
148,2026-01-02 07:45:00,dosa,50
148,2026-01-02 13:15:00,dal_rice,90
148,2026-01-02 17:00:00,chai_biscuit,25
148,2026-01-02 20:30:00,roti_sabzi,60
148,2026-01-03 08:15:00,idli_sambar,45
148,2026-01-03 13:15:00,roti_sabzi,60
148,2026-01-03 17:00:00,chai_biscuit,25
148,2026-01-03 20:15:00,khichdi,65
148,2026-01-04 07:30:00,dosa,50
148,2026-01-04 12:00:00,rajma_rice,100
148,2026-01-04 16:30:00,samosa,30
148,2026-01-04 20:45:00,khichdi,65
148,2026-01-05 08:45:00,poha,50
148,2026-01-05 13:30:00,roti_sabzi,60
148,2026-01-05 17:15:00,fruit,20
148,2026-01-05 20:15:00,khichdi,65
148,2026-01-06 07:30:00,dosa,50
148,2026-01-06 11:45:00,rajma_rice,100
148,2026-01-06 17:15:00,fruit,20
148,2026-01-06 20:15:00,biryani,110
148,2026-01-07 07:30:00,dosa,50
148,2026-01-07 13:15:00,rajma_rice,100
148,2026-01-07 17:45:00,chai_biscuit,25
148,2026-01-07 20:30:00,roti_sabzi,60
148,2026-01-08 08:15:00,poha,50
148,2026-01-08 12:30:00,dal_rice,90
148,2026-01-08 16:45:00,fruit,20
148,2026-01-08 19:45:00,biryani,110
148,2026-01-09 08:15:00,poha,50
148,2026-01-09 12:15:00,dal_rice,90
148,2026-01-09 16:15:00,samosa,30
148,2026-01-09 20:15:00,biryani,110
148,2026-01-10 08:15:00,paratha,55
148,2026-01-10 13:00:00,dal_rice,90
148,2026-01-10 17:45:00,sweets,40
148,2026-01-10 20:00:00,roti_sabzi,60
148,2026-01-11 08:30:00,poha,50
148,2026-01-11 13:15:00,rajma_rice,100
148,2026-01-11 17:00:00,fruit,20
148,2026-01-11 21:15:00,roti_sabzi,60
148,2026-01-12 07:45:00,idli_sambar,45
148,2026-01-12 14:00:00,dal_rice,90
148,2026-01-12 16:00:00,samosa,30
148,2026-01-12 20:00:00,khichdi,65
148,2026-01-13 07:45:00,poha,50
148,2026-01-13 12:45:00,rajma_rice,100
148,2026-01-13 17:00:00,samosa,30
148,2026-01-13 20:45:00,dal_rice,85
148,2026-01-14 08:00:00,dosa,50
148,2026-01-14 12:45:00,biryani,110
148,2026-01-14 17:00:00,sweets,40
148,2026-01-14 21:15:00,khichdi,65
149,2026-01-01 07:45:00,poha,50
149,2026-01-01 13:30:00,dal_rice,90
149,2026-01-01 16:15:00,sweets,40
149,2026-01-01 19:30:00,khichdi,65
149,2026-01-02 07:45:00,paratha,55
149,2026-01-02 12:45:00,roti_sabzi,60
149,2026-01-02 17:45:00,samosa,30
149,2026-01-02 21:15:00,dal_rice,85
149,2026-01-03 07:45:00,paratha,55
149,2026-01-03 12:30:00,rajma_rice,100
149,2026-01-03 17:00:00,samosa,30
149,2026-01-03 21:30:00,khichdi,65
149,2026-01-04 07:45:00,idli_sambar,45
149,2026-01-04 12:30:00,dal_rice,90
149,2026-01-04 17:15:00,sweets,40
149,2026-01-04 20:45:00,khichdi,65
149,2026-01-05 09:00:00,paratha,55
149,2026-01-05 14:00:00,rajma_rice,100
149,2026-01-05 16:15:00,samosa,30
149,2026-01-05 21:15:00,biryani,110
149,2026-01-06 08:45:00,dosa,50
149,2026-01-06 12:15:00,dal_rice,90
149,2026-01-06 17:00:00,fruit,20
149,2026-01-06 20:15:00,khichdi,65
149,2026-01-07 07:45:00,poha,50
149,2026-01-07 12:30:00,biryani,110
149,2026-01-07 16:45:00,sweets,40
149,2026-01-07 20:00:00,biryani,110
149,2026-01-08 07:30:00,dosa,50
149,2026-01-08 13:00:00,dal_rice,90
149,2026-01-08 16:45:00,samosa,30
149,2026-01-08 21:15:00,biryani,110
149,2026-01-09 08:00:00,poha,50
149,2026-01-09 13:00:00,dal_rice,90
149,2026-01-09 17:00:00,samosa,30
149,2026-01-09 20:15:00,biryani,110
149,2026-01-10 08:15:00,idli_sambar,45
149,2026-01-10 13:15:00,dal_rice,90
149,2026-01-10 16:30:00,chai_biscuit,25
149,2026-01-10 21:00:00,roti_sabzi,60
149,2026-01-11 07:15:00,poha,50
149,2026-01-11 13:00:00,rajma_rice,100
149,2026-01-11 17:00:00,fruit,20
149,2026-01-11 20:00:00,biryani,110
149,2026-01-12 08:30:00,dosa,50
149,2026-01-12 12:15:00,biryani,110
149,2026-01-12 16:45:00,fruit,20
149,2026-01-12 20:15:00,khichdi,65
149,2026-01-13 07:15:00,paratha,55
149,2026-01-13 14:15:00,biryani,110
149,2026-01-13 17:00:00,samosa,30
149,2026-01-13 19:30:00,dal_rice,85
149,2026-01-14 08:15:00,poha,50
149,2026-01-14 12:00:00,rajma_rice,100
149,2026-01-14 16:45:00,fruit,20
149,2026-01-14 20:15:00,dal_rice,85
150,2026-01-01 08:45:00,paratha,55
150,2026-01-01 11:30:00,biryani,110
150,2026-01-01 17:45:00,fruit,20
150,2026-01-01 20:00:00,roti_sabzi,60
150,2026-01-02 07:30:00,idli_sambar,45
150,2026-01-02 13:15:00,dal_rice,90
150,2026-01-02 17:15:00,samosa,30
150,2026-01-02 20:00:00,khichdi,65
150,2026-01-03 08:00:00,paratha,55
150,2026-01-03 12:30:00,dal_rice,90
150,2026-01-03 17:00:00,fruit,20
150,2026-01-03 20:45:00,dal_rice,85
150,2026-01-04 08:15:00,poha,50
150,2026-01-04 13:15:00,rajma_rice,100
150,2026-01-04 16:00:00,fruit,20
150,2026-01-04 20:15:00,roti_sabzi,60
150,2026-01-05 08:15:00,idli_sambar,45
150,2026-01-05 12:45:00,roti_sabzi,60
150,2026-01-05 16:45:00,fruit,20
150,2026-01-05 20:15:00,biryani,110
150,2026-01-06 08:00:00,poha,50
150,2026-01-06 13:15:00,biryani,110
150,2026-01-06 15:45:00,sweets,40
150,2026-01-06 20:15:00,khichdi,65
150,2026-01-07 08:30:00,paratha,55
150,2026-01-07 13:30:00,dal_rice,90
150,2026-01-07 16:30:00,fruit,20
150,2026-01-07 20:45:00,biryani,110
150,2026-01-08 08:15:00,paratha,55
150,2026-01-08 13:00:00,roti_sabzi,60
150,2026-01-08 18:15:00,sweets,40
150,2026-01-08 20:00:00,dal_rice,85
150,2026-01-09 08:00:00,idli_sambar,45
150,2026-01-09 14:00:00,biryani,110
150,2026-01-09 17:15:00,sweets,40
150,2026-01-09 19:45:00,biryani,110
150,2026-01-10 07:15:00,idli_sambar,45
150,2026-01-10 11:30:00,dal_rice,90
150,2026-01-10 17:00:00,chai_biscuit,25
150,2026-01-10 20:15:00,biryani,110
150,2026-01-11 07:45:00,poha,50
150,2026-01-11 12:45:00,biryani,110
150,2026-01-11 16:30:00,samosa,30
150,2026-01-11 21:30:00,dal_rice,85
150,2026-01-12 08:30:00,dosa,50
150,2026-01-12 12:45:00,dal_rice,90
150,2026-01-12 17:30:00,samosa,30
150,2026-01-12 21:00:00,biryani,110
150,2026-01-13 08:00:00,idli_sambar,45
150,2026-01-13 12:45:00,biryani,110
150,2026-01-13 17:15:00,chai_biscuit,25
150,2026-01-13 20:00:00,dal_rice,85
150,2026-01-14 08:15:00,dosa,50
150,2026-01-14 12:15:00,biryani,110
150,2026-01-14 17:00:00,chai_biscuit,25
150,2026-01-14 20:45:00,biryani,110
